nome_produto,marca,segmento,categoria,subcategoria
Abaixador de Língua Bruenings ,,Dentista,Cirurgia e Periodontia,Instrumentais Cirúrgicos
Abaixador de Língua Bruenings ,,Dentista,Cirurgia e Periodontia,Instrumentais Cirúrgicos
Abaixador de Língua Bruenings ,,Dentista,Cirurgia e Periodontia,Instrumentais Cirúrgicos
Abaixador de Língua de Madeira ,,Dentista,Cirurgia e Periodontia,Instrumentais Cirúrgicos
Abridor De Boca Abritec ,,Dentista,Dentística e Estética,Afastadores e Abridores
Abridor De Boca Abritec ,,Dentista,Dentística e Estética,Afastadores e Abridores
Abridor de Boca Adulto ,,Dentista,Dentística e Estética,Afastadores e Abridores
Abridor de Boca Adulto E Infantil ,,Dentista,Dentística e Estética,Afastadores e Abridores
Abridor de Boca Infantil ,,Dentista,Dentística e Estética,Afastadores e Abridores
Abridor de Boca Molt Infantil ,,Dentista,Dentística e Estética,Afastadores e Abridores
Abridor de Boca Molt Infantil ,,Dentista,Dentística e Estética,Afastadores e Abridores
Abridor de Boca Molt Infantil Black Diamond ,,Dentista,Dentística e Estética,Afastadores e Abridores
Descanso de Boca ,,Dentista,Dentística e Estética,Afastadores e Abridores
Acessório para Irrigação Conector Soro ,,Dentista,Consultorio Odontológico,Acessórios para Equipamentos
Acessório para irrigação tubo de silicone ,,Dentista,Consultorio Odontológico,Acessórios para Equipamentos
Acessório para irrigação tubo de silicone ,,Dentista,Consultorio Odontológico,Acessórios para Equipamentos
Ácido Hialurônico Aeskins Deep 1 Seringa 10ml ,Aeskins Deep,Dentista,Harmonização Orofacial,Preenchedores Faciais
Ácido Hialurônico Aeskins Deep 1 Seringa 1ml ,Aeskins Deep,Dentista,Harmonização Orofacial,Preenchedores Faciais
Ácido Hialurônico Aeskins Deep 1 Seringa 2ml ,Aeskins Deep,Dentista,Harmonização Orofacial,Preenchedores Faciais
Ácido Hialurônico Aeskins Derm 1 Seringa 1ml ,Aeskins Deep,Dentista,Harmonização Orofacial,Preenchedores Faciais
Ácido Hialurônico Aeskins Derm 1 Seringa 2ml ,Aeskins Deep,Dentista,Harmonização Orofacial,Preenchedores Faciais
Ácido Hialurônico Aeskins Derm Sub Skin 1 Seringa 10ml ,Aeskins Deep Sub Skin,Dentista,Harmonização Orofacial,Preenchedores Faciais
Ácido Hialurônico Aeskins Derm Sub Skin 1 Seringa 20ml ,Aeskins Deep Sub Skin,Dentista,Harmonização Orofacial,Preenchedores Faciais
Ácido Hialurônico Aeskins Fine Lines 1 Seringa 1ml ,Aeskins Fine Lines,Dentista,Harmonização Orofacial,Preenchedores Faciais
Ácido Hialurônico Belotero Balance ,Belotero Balance,Dentista,Harmonização Orofacial,Preenchedores Faciais
Ácido Hialurônico Belotero Balance com Lidocaína ,Belotero Balance,Dentista,Harmonização Orofacial,Preenchedores Faciais
Ácido Hialurônico Belotero Intense com Lidocaína ,Belotero Intense,Dentista,Harmonização Orofacial,Preenchedores Faciais
Ácido Hialurônico Belotero Soft com Lidocaína ,Belotero Soft,Dentista,Harmonização Orofacial,Preenchedores Faciais
Ácido Hialurônico Belotero Volume com Lidocaína ,Belotero Volume,Dentista,Harmonização Orofacial,Preenchedores Faciais
Ácido Hialurônico Biogelis Global com Lidocaína ,Biogelis Global,Dentista,Harmonização Orofacial,Preenchedores Faciais
Ácido Hialurônico Deep Line Lido ,Deep Line Lido,Dentista,Harmonização Orofacial,Preenchedores Faciais
Ácido Hialurônico Fill ,Fill,Dentista,Harmonização Orofacial,Preenchedores Faciais
Ácido Hialurônico Fill Lido ,Fill Lido,Dentista,Harmonização Orofacial,Preenchedores Faciais
Ácido Hialurônico Lift ,Lift,Dentista,Harmonização Orofacial,Preenchedores Faciais
Ácido Hialurônico Lift Plus Lido ,Lift Plus Lido,Dentista,Harmonização Orofacial,Preenchedores Faciais
Ácido Hialurônico Lips Lido ,Lips Lido,Dentista,Harmonização Orofacial,Preenchedores Faciais
Ácido Hialurônico Rennova Ultra Volume Lido ,Ultra Volume Lido,Dentista,Harmonização Orofacial,Preenchedores Faciais
Ácido Hialurônico Revanesse Contour+ com Lidocaína ,Contour+,Dentista,Harmonização Orofacial,Preenchedores Faciais
Ácido Hialurônico Revanesse Kiss+ ,Kiss+,Dentista,Harmonização Orofacial,Preenchedores Faciais
Ácido Hialurônico Revanesse Outline+ com Lidocaína ,Outline+,Dentista,Harmonização Orofacial,Preenchedores Faciais
Ácido Hialurônico Revanesse Shape+ com Lidocaína ,Shape+,Dentista,Harmonização Orofacial,Preenchedores Faciais
Ácido Hialurônico Revanesse Ultra com Lidocaína ,Ultra,Dentista,Harmonização Orofacial,Preenchedores Faciais
Ácido Hialurônico Revanesse Ultra+ ,Ultra+ ,Dentista,Harmonização Orofacial,Preenchedores Faciais
SkinDeep Ácido Hialurônico ,SkinDeep,Dentista,Harmonização Orofacial,Produtos para Pós-Procedimento
Skindeep Hyaluronic Acid Mask ,SkinDeep,Dentista,Harmonização Orofacial,Produtos para Pós-Procedimento
Ácido IPS E.Max Press Invex Liquid 1 ,E.Max,Laboratório,Cerâmicas,Acessórios para Cerâmica
Adaptador de Agulha Vacutainer ,,Dentista,Harmonização Orofacial,Acessórios para Harmonização Orofacial
Adaptador de Sucção ,,Dentista,Endodontia,Irrigação e Aspiração
Adaptador de Sucção ,,Dentista,Endodontia,Irrigação e Aspiração
Adaptador para Articulador Vertex Giroform ,,Laboratório,Equipamentos Laboratório,Equipamentos para Prótese Removível
Adaptador Midwest para Assistina 301 Plus ,,Dentista,Equipamentos e Peças de Mão,Equipamentos para Consultório
Adaptador para Assistina Borden ,,Dentista,Equipamentos e Peças de Mão,Equipamentos para Consultório
Adaptador para Assistina Roto Quick ,,Dentista,Equipamentos e Peças de Mão,Equipamentos para Consultório
Adaptador Para Micro Motor E6TP ,,Dentista,Equipamentos e Peças de Mão,Motores Elétricos e Pneumáticos
Adaptador para Sugador ,,Dentista,Descartáveis,Sugadores e Aspiração
Adaptador para Sugador ,,Dentista,Descartáveis,Sugadores e Aspiração
"Adaptador PRN (Luer Lock) Curto 0,1ml 3/4 ",,Dentista,Harmonização Orofacial,Acessórios para Harmonização Orofacial
Adesivo 3M™ Adper™ Single Bond 2 ,Adper Single Bond,Dentista,Dentística e Estética,Adesivos Odontológicos
Adesivo 3M™ Scotchbond™ 7543 ,Scotchbond,Dentista,Dentística e Estética,Adesivos Odontológicos
Adesivo 3M™ Scotchbond™ Universal Plus ,Scotchbond,Dentista,Dentística e Estética,Adesivos Odontológicos
Adesivo 3M™ Single Bond Universal ,Single Bond,Dentista,Dentística e Estética,Adesivos Odontológicos
Adesivo 3M™ Single Bond Universal ,Single Bond,Dentista,Dentística e Estética,Adesivos Odontológicos
Adesivo Adper™ Single Bond 2 ,Adper Single Bond,Dentista,Dentística e Estética,Adesivos Odontológicos
Adesivo Alloy Primer ,Alloy,Dentista,Dentística e Estética,Adesivos Odontológicos
Adesivo Ambar ,Ambar,Dentista,Dentística e Estética,Adesivos Odontológicos
Adesivo Ambar ,Ambar,Dentista,Dentística e Estética,Adesivos Odontológicos
Adesivo Ambar APS ,Ambar,Dentista,Dentística e Estética,Adesivos Odontológicos
Adesivo Ambar Aps + Resina Opallis Ebl2/Dbl2 2 Seringas 4G ,Ambar,Dentista,Dentística e Estética,Adesivos Odontológicos
Adesivo Ambar APS Ortho ,Ambar,Dentista,Dentística e Estética,Adesivos Odontológicos
Adesivo Ambar Universal APS ,Ambar,Dentista,Dentística e Estética,Adesivos Odontológicos
Adesivo Âmbar Universal Aps Plus ,Ambar,Dentista,Dentística e Estética,Adesivos Odontológicos
Adesivo Aridus Bond ,Aridus,Dentista,Dentística e Estética,Adesivos Odontológicos
Adesivo Beautibond Extreme ,Beautibond,Dentista,Dentística e Estética,Adesivos Odontológicos
Adesivo Bond,Bond,Dentista,Dentística e Estética,Adesivos Odontológicos
Adesivo Bond 2.1 ,Bond,Dentista,Dentística e Estética,Adesivos Odontológicos
Adesivo Bond 2.1 ,Bond,Dentista,Dentística e Estética,Adesivos Odontológicos
Adesivo Bond 2.1 ,Bond,Dentista,Dentística e Estética,Adesivos Odontológicos
Adesivo Bondaf Nano de 6ml ,Bondaf,Dentista,Dentística e Estética,Adesivos Odontológicos
Adesivo Clearfil Ceramic Primer Plus ,Clearfil,Dentista,Dentística e Estética,Adesivos Odontológicos
Adesivo Clearfil Tri,Clearfil,Dentista,Dentística e Estética,Adesivos Odontológicos
Adesivo Extra Bond DE ,Extra Bond,Dentista,Dentística e Estética,Adesivos Odontológicos
Adesivo Extra Bond DE ,Extra Bond,Dentista,Dentística e Estética,Adesivos Odontológicos
Adesivo Futurabond DC ,Futurabond,Dentista,Dentística e Estética,Adesivos Odontológicos
Adesivo Futurabond U ,Futurabond,Dentista,Dentística e Estética,Adesivos Odontológicos
Adesivo Gluma Bond 5 ,Gluma Bond,Dentista,Dentística e Estética,Adesivos Odontológicos
Adesivo Gluma Bond Universal ,Gluma Bond,Dentista,Dentística e Estética,Adesivos Odontológicos
Adesivo Humidus Bond ,Humidus Bond,Dentista,Dentística e Estética,Adesivos Odontológicos
Adesivo Humidus Bond ,Humidus Bond,Dentista,Dentística e Estética,Adesivos Odontológicos
Adesivo Magic Bond DE ,Magic Bond,Dentista,Dentística e Estética,Adesivos Odontológicos
Adesivo Magic Bond Esmalte ,Magic Bond,Dentista,Dentística e Estética,Adesivos Odontológicos
Adesivo Magic Bond Universal,Magic Bond,Dentista,Dentística e Estética,Adesivos Odontológicos
Adesivo Master Bond Refil ,Master Bond,Dentista,Dentística e Estética,Adesivos Odontológicos
Adesivo MZ Primer ,MZ Primer,Dentista,Dentística e Estética,Adesivos Odontológicos
Adesivo One Coat Bond SL ,One Coat Bond,Dentista,Dentística e Estética,Adesivos Odontológicos
Adesivo Optibond FL ,Optibond,Dentista,Dentística e Estética,Adesivos Odontológicos
Adesivo Optibond FL Prime ,Optibond,Dentista,Dentística e Estética,Adesivos Odontológicos
Adesivo Optibond S ,Optibond,Dentista,Dentística e Estética,Adesivos Odontológicos
Adesivo Optibond Universal ,Optibond,Dentista,Dentística e Estética,Adesivos Odontológicos
Adesivo Palfique Bond ,Palfique,Dentista,Dentística e Estética,Adesivos Odontológicos
Adesivo Peak ,Peak,Dentista,Dentística e Estética,Adesivos Odontológicos
Adesivo Prime & Bond 2.1 ,Prime Bond,Dentista,Dentística e Estética,Adesivos Odontológicos
Adesivo Prime & Bond Universal ,Prime Bond,Dentista,Dentística e Estética,Adesivos Odontológicos
Adesivo Stae ,Stae,Dentista,Dentística e Estética,Adesivos Odontológicos
Adesivo Tetric N,Tetric,Dentista,Dentística e Estética,Adesivos Odontológicos
Adesivo Tetric N,Tetric,Dentista,Dentística e Estética,Adesivos Odontológicos
Adesivo Tetric N,Tetric,Dentista,Dentística e Estética,Adesivos Odontológicos
Adesivo Universal One Coat 7 ,One Coat 7,Dentista,Dentística e Estética,Adesivos Odontológicos
Adesivo Ybond Mono ,Ybond,Dentista,Dentística e Estética,Adesivos Odontológicos
Adesivo Ybond Universal ,Ybond,Dentista,Dentística e Estética,Adesivos Odontológicos
Adesivo ZipBond Universal ,Zipbond,Dentista,Dentística e Estética,Adesivos Odontológicos
Primer 3M™ Scotchbond™ 3008 ,Scotchbond,Dentista,Dentística e Estética,Adesivos Odontológicos
Primer Autocondicionante Multilink N A ,Multilink,Dentista,Dentística e Estética,Adesivos Odontológicos
Primer Autocondicionante Multilink N B ,Multilink,Dentista,Dentística e Estética,Adesivos Odontológicos
Primer Monobond N Universal Refil ,Monobond N,Dentista,Dentística e Estética,Adesivos Odontológicos
Primer Stela Refil 5Ml ,Stela,Dentista,Dentística e Estética,Adesivos Odontológicos
Primer Yzap ,Yzap,Dentista,Dentística e Estética,Adesivos Odontológicos
Selante de Superficie Autoadesivo Equia Forte Coat ,Equia Fort,Dentista,Prevenção e Profilaxia,Selantes e Vernizes
Adesivo Fill Magic Ortho ,Fill Magic Ortho,Dentista,Ortodontia,Acessórios para Colagem
Adesivo Ortodôntico 3M™ Transbond™ Plus Color Change ,Transbond,Dentista,Ortodontia,Acessórios para Colagem
Adesivo Ortodôntico 3M™ Transbond™ Plus Self Etching Primer ,Transbond,Dentista,Ortodontia,Acessórios para Colagem
Adesivo Ortodôntico 3M™ Transbond™ Supreme LV ,Transbond,Dentista,Ortodontia,Acessórios para Colagem
Adesivo Ortodôntico 3M™ Transbond™ XT ,Transbond,Dentista,Ortodontia,Acessórios para Colagem
Adesivo Ortodôntico 3M™ Transbond™ XT ,Transbond,Dentista,Ortodontia,Acessórios para Colagem
Adesivo Ortodôntico 3M™ Transbond™ XT Kit Especial ,Transbond,Dentista,Ortodontia,Acessórios para Colagem
Adesivo Ortodôntico Biofix ,Biofix,Dentista,Ortodontia,Acessórios para Colagem
Adesivo Ortodôntico Biofix ,Biofix,Dentista,Ortodontia,Acessórios para Colagem
Adesivo Ortodôntico Biofix ,Biofix,Dentista,Ortodontia,Acessórios para Colagem
Adesivo Ortodôntico Fix ,Fix,Dentista,Ortodontia,Acessórios para Colagem
Adesivo Ortodôntico Fix LV ,Fix LV,Dentista,Ortodontia,Acessórios para Colagem
Adesivo Ortodôntico LightBond ,LightBond,Dentista,Ortodontia,Acessórios para Colagem
Adesivo Ortodôntico Ortho Kromm ,Ortho Kromm,Dentista,Ortodontia,Acessórios para Colagem
Adesivo Ortôdontico Orthobond Plus Color Change ,Orthobond,Dentista,Ortodontia,Acessórios para Colagem
Adesivo Ortodôntico Ortholink One Step ,Ortholink,Dentista,Ortodontia,Acessórios para Colagem
Adesivo Ortodôntico OrthoPrimer ,OrthoPrimer,Dentista,Ortodontia,Acessórios para Colagem
Adesivo Vega Ortho UV & Alpha Etch ,-,Dentista,Ortodontia,Acessórios para Colagem
Kit Adesivo Ortodôntico Orthocem + Condicionador Ácido Condac 37% ,-,Dentista,Ortodontia,Acessórios para Colagem
Primer 3M™ Transbond™ XT ,Transbond,Dentista,Ortodontia,Acessórios para Colagem
Primer Ortodôntico LightBond ,LightBond,Dentista,Ortodontia,Acessórios para Colagem
Aditivo de Cerâmica Easyform ,,Laboratório,Cerâmicas,Acessórios para Cerâmica
Afastador Minessota Cawood ,-,Dentista,Cirurgia e Periodontia,Instrumentais Cirúrgicos
Afastador Minessota com Sugador ,-,Dentista,Cirurgia e Periodontia,Instrumentais Cirúrgicos
Afastador Minnesota ,-,Dentista,Cirurgia e Periodontia,Instrumentais Cirúrgicos
Afastador Oringuer ,-,Dentista,Dentística e Estética,Afastadores e Abridores
Afastador de arame Duplo Stemberg ,,Dentista,Dentística e Estética,Afastadores e Abridores
Afastador de Lábios Frontal para Estética ,,Dentista,Dentística e Estética,Afastadores e Abridores
Afastador Labial ,,Dentista,Dentística e Estética,Afastadores e Abridores
Afastador Labial Adulto Expandex Azul ,,Dentista,Dentística e Estética,Afastadores e Abridores
Afastador Labial Adulto Expandex Rosa ,,Dentista,Dentística e Estética,Afastadores e Abridores
Afastador Labial Branco ,,Dentista,Dentística e Estética,Afastadores e Abridores
Afastador Labial com Haste Branco ,,Dentista,Dentística e Estética,Afastadores e Abridores
Afastador Labial Expandex ,,Dentista,Dentística e Estética,Afastadores e Abridores
Afastador Labial Expandex Azul ,,Dentista,Dentística e Estética,Afastadores e Abridores
Afastador Labial Expandex Black ,,Dentista,Dentística e Estética,Afastadores e Abridores
Afastador Labial Expandex Black ,,Dentista,Dentística e Estética,Afastadores e Abridores
Afastador Labial Expandex Branco ,,Dentista,Dentística e Estética,Afastadores e Abridores
Afastador Labial Expandex Branco ,,Dentista,Dentística e Estética,Afastadores e Abridores
Afastador Labial Expandex Rosa ,,Dentista,Dentística e Estética,Afastadores e Abridores
Afastador Labial Expandex Transparente ,,Dentista,Dentística e Estética,Afastadores e Abridores
Afastador Labial Expandex Transparente ,,Dentista,Dentística e Estética,Afastadores e Abridores
Afastador Labial Flex ,,Dentista,Dentística e Estética,Afastadores e Abridores
"Afastador Labial Frontal/Lateral Formato ""V"" Adulto para Fotografia ",,Dentista,Dentística e Estética,Afastadores e Abridores
Afastador Labial Frontal/Lateral Formato ''C'' Adulto para Fotografia ,,Dentista,Dentística e Estética,Afastadores e Abridores
Afastador Labial Haste Metálica ,,Dentista,Dentística e Estética,Afastadores e Abridores
"Afastador Labial Lateral Formato ""U"" ",,Dentista,Dentística e Estética,Afastadores e Abridores
"Afastador Labial Lateral Formato ""V"" ",,Dentista,Dentística e Estética,Afastadores e Abridores
Afastador Labial Lip Expand ,Lip Expand,Dentista,Dentística e Estética,Afastadores e Abridores
Afastador Labial Lip Expand Azul ,Lip Expand,Dentista,Dentística e Estética,Afastadores e Abridores
Afastador Labial Lip Expand Rosa ,Lip Expand,Dentista,Dentística e Estética,Afastadores e Abridores
Afastador Labial Oclusal Black ,,Dentista,Dentística e Estética,Afastadores e Abridores
Afastador Labial Oclusal MF Black ,,Dentista,Dentística e Estética,Afastadores e Abridores
Afastador Labial Optragate Regular Refil 3D ,Optragate,Dentista,Dentística e Estética,Afastadores e Abridores
Afastador Labial Umbrella Médio ,Umbrella,Dentista,Dentística e Estética,Afastadores e Abridores
Kit Afastador Labial Arcflex ,Arcflex,Dentista,Dentística e Estética,Afastadores e Abridores
Afastador Labial para Fotografia Frontal Lateral ,,Dentista,Dentística e Estética,Afastadores e Abridores
Afastador Labial para Fotografia Frontal Lateral C Black Adulto ,,Dentista,Dentística e Estética,Afastadores e Abridores
Afastador Labial para Fotografia Frontal Lateral C Black Bambini ,,Dentista,Dentística e Estética,Afastadores e Abridores
Afastador Labial para Fotografia Lateral V ,,Dentista,Dentística e Estética,Afastadores e Abridores
Afastador Labial para Fotografia Lateral V Black ,,Dentista,Dentística e Estética,Afastadores e Abridores
Agente Refratário de União Megafix ,,Laboratório,Cerâmicas,Acessórios para Cerâmica
Água Destilada para Autoclave ,,Dentista,Biossegurança,Equipamentos para Esterilização
Água Oxigenada 10 Volumes ,,Dentista,Endodontia,Irrigação e Aspiração
Água Oxigenada 10 Volumes ,,Dentista,Endodontia,Irrigação e Aspiração
Água Oxigenada 10 Volumes ,,Dentista,Endodontia,Irrigação e Aspiração
Água Oxigenada 10 Volumes Antisséptica ,,Dentista,Endodontia,Irrigação e Aspiração
Água Oxigenada Spray 10 Volumes ,,Dentista,Endodontia,Irrigação e Aspiração
Água para Injeção 10ml ,,Dentista,Cirurgia e Periodontia,Antissépticos e Medicamentos
Água para Injeção 20ml ,,Dentista,Cirurgia e Periodontia,Antissépticos e Medicamentos
Água para Injeção 5ml ,,Dentista,Cirurgia e Periodontia,Antissépticos e Medicamentos
Agulha 1 Ponta Easy Balance ,,Dentista,Harmonização Orofacial,Instrumentais para HOF
Agulha 1 Ponta Xlt Rosca ,,Dentista,Harmonização Orofacial,Instrumentais para HOF
Agulha Easy Balance 1 Ponta Xlt ,,Dentista,Harmonização Orofacial,Instrumentais para HOF
Agulha 3 Pontas Easy Balance Circular ,,Dentista,Harmonização Orofacial,Instrumentais para HOF
Agulha 5 Pontas Easy Balance Circular ,,Dentista,Harmonização Orofacial,Instrumentais para HOF
Agulha 5 Pontas Linear Rosca ,,Dentista,Harmonização Orofacial,Instrumentais para HOF
Agulha 7 Pontas Easy Balance Linear ,,Dentista,Harmonização Orofacial,Instrumentais para HOF
Agulha Descartável para Irrigação 30G ,,Dentista,Endodontia,Irrigação e Aspiração
Agulha para Irrigação Saída Lateral ,,Dentista,Endodontia,Irrigação e Aspiração
Agulha de Lebel Mesoderm 4mm 30G ,,Dentista,Harmonização Orofacial,Instrumentais para HOF
Agulha de Lebel Mesoderm 4mm 32G ,,Dentista,Harmonização Orofacial,Instrumentais para HOF
Agulha Precision Glide ,,Dentista,Harmonização Orofacial,Instrumentais para HOF
Agulha Precision Glide ,,Dentista,Harmonização Orofacial,Instrumentais para HOF
Agulha Precision Glide ,,Dentista,Harmonização Orofacial,Instrumentais para HOF
Agulha Gengival All Prime,All Prime,Dentista,Anestésicos e Agulha Gengival,Agulha Gengival
Agulha Gengival Injex,Injex,Dentista,Anestésicos e Agulha Gengival,Agulha Gengival
Agulha Gengival Procare,Procare,Dentista,Anestésicos e Agulha Gengival,Agulha Gengival
Agulha Gengival Terumo,Terumo,Dentista,Anestésicos e Agulha Gengival,Agulha Gengival
Agulha Gengival NOP,NOP,Dentista,Anestésicos e Agulha Gengival,Agulha Gengival
Agulha Gengival Dencojet ,Dencojet,Dentista,Anestésicos e Agulha Gengival,Agulha Gengival
Agulha Gengival Septoject ,Septoject,Dentista,Anestésicos e Agulha Gengival,Agulha Gengival
Agulha Gengival Unoject ,Unoject,Dentista,Anestésicos e Agulha Gengival,Agulha Gengival
Agulha Injetora de Guta,,Dentista,Endodontia,Instrumentais Endodônticos
Agulha Para Sutura ,,Dentista,Cirurgia e Periodontia,Suturas e Materiais para Fechamento
Agulha Vacutainer Múltipla ,,Dentista,Harmonização Orofacial,Instrumentais para HOF
Alavanca Apexo Kit Millennium ,,Dentista,Cirurgia e Periodontia,Instrumentais Cirúrgicos
Alavanca Apical Infantil com Cabo Fino Millennium ,,Dentista,Cirurgia e Periodontia,Instrumentais Cirúrgicos
Alavanca Apical Reta Adulto Nº 304 ,,Dentista,Cirurgia e Periodontia,Instrumentais Cirúrgicos
Alavanca Heidbrink ,,Dentista,Cirurgia e Periodontia,Instrumentais Cirúrgicos
Alavanca Heidbrink ,,Dentista,Cirurgia e Periodontia,Instrumentais Cirúrgicos
Alavanca Heidbrink ,,Dentista,Cirurgia e Periodontia,Instrumentais Cirúrgicos
Alavanca Heidbrink ,,Dentista,Cirurgia e Periodontia,Instrumentais Cirúrgicos
Alavanca Heidbrink Black Diamond ,,Dentista,Cirurgia e Periodontia,Instrumentais Cirúrgicos
Alavanca Heidbrink Infantil Millennium ,,Dentista,Cirurgia e Periodontia,Instrumentais Cirúrgicos
Alavanca Heinderbrink Adulto ,,Dentista,Cirurgia e Periodontia,Instrumentais Cirúrgicos
Alavanca Pott ,,Dentista,Cirurgia e Periodontia,Instrumentais Cirúrgicos
Alavanca Potts Colors Roxo ,,Dentista,Cirurgia e Periodontia,Instrumentais Cirúrgicos
Alavanca Seldin Infantil ,,Dentista,Cirurgia e Periodontia,Instrumentais Cirúrgicos
Kit Alavanca Apexo ,,Dentista,Cirurgia e Periodontia,Instrumentais Cirúrgicos
Álcool 70% Saneante ,,Dentista,Biossegurança,Desinfetantes e Esterilizantes
Álcool Etílico 70% Antisséptico Rialcool 70 ,,Dentista,Biossegurança,Desinfetantes e Esterilizantes
Álcool Etílico 70% Antisséptico Rialcool 70 ,,Dentista,Biossegurança,Desinfetantes e Esterilizantes
Álcool Etílico 70% Antisséptico Rialcool 70 ,,Dentista,Biossegurança,Desinfetantes e Esterilizantes
Álcool Etílico 70% Saneante ,,Dentista,Biossegurança,Desinfetantes e Esterilizantes
"Álcool 92,8% Saneante ",,Dentista,Biossegurança,Desinfetantes e Esterilizantes
"Álcool Absoluto 99,3% Saneante ",,Dentista,Biossegurança,Desinfetantes e Esterilizantes
"Álcool Etílico 99,3% Rialcool Absoluto ",,Dentista,Biossegurança,Desinfetantes e Esterilizantes
"Álcool Iodado 0,1% ",,Dentista,Biossegurança,Desinfetantes e Esterilizantes
Álcool Isopropílico ,,Dentista,Biossegurança,Desinfetantes e Esterilizantes
Alginato Algi-Gel,Algi-Gel,Dentista,Prótese Clínica e Reabilitação Oral,Materiais para Moldagem
Alginato Avagel Tipo II ,Avagel,Dentista,Prótese Clínica e Reabilitação Oral,Materiais para Moldagem
Alginato Cavex Cream ,Cavex Cream,Dentista,Prótese Clínica e Reabilitação Oral,Materiais para Moldagem
Alginato Colorchange Tipo I ,Cavex Colorchange,Dentista,Prótese Clínica e Reabilitação Oral,Materiais para Moldagem
Alginato Dia Tipo I ,Dia,Dentista,Prótese Clínica e Reabilitação Oral,Materiais para Moldagem
Alginato Ezact Kromm ,Ezact Kromm,Dentista,Prótese Clínica e Reabilitação Oral,Materiais para Moldagem
Alginato Hydrogum 5 Tipo I ,Hydrogum,Dentista,Prótese Clínica e Reabilitação Oral,Materiais para Moldagem
Alginato Hydrogum Tipo I ,Hydrogum,Dentista,Prótese Clínica e Reabilitação Oral,Materiais para Moldagem
Alginato Hydroprint Premium ,Hydroprint,Dentista,Prótese Clínica e Reabilitação Oral,Materiais para Moldagem
Alginato Kromopan ,Kromopan,Dentista,Prótese Clínica e Reabilitação Oral,Materiais para Moldagem
Alginato Orthoprint Tipo I ,Orthoprint,Dentista,Prótese Clínica e Reabilitação Oral,Materiais para Moldagem
Alginato Orthotrace ,Orthotrace,Dentista,Prótese Clínica e Reabilitação Oral,Materiais para Moldagem
Alginato Perfil Pro Chroma Regular 454g ,Perfil Pro,Dentista,Prótese Clínica e Reabilitação Oral,Materiais para Moldagem
Alginato Perfil Pro Tipo II 410g ,Perfil Pro,Dentista,Prótese Clínica e Reabilitação Oral,Materiais para Moldagem
Alginato Perfil Pro+ Tipo I 454g ,Perfil Pro,Dentista,Prótese Clínica e Reabilitação Oral,Materiais para Moldagem
Alginato Plastalgin Tipo II ,Plastalgin,Dentista,Prótese Clínica e Reabilitação Oral,Materiais para Moldagem
Alginato Tipo I Jeltrate Orthodontic ,Jeltrate,Dentista,Prótese Clínica e Reabilitação Oral,Materiais para Moldagem
Alginato Tipo I Jeltrate Plus ,Jeltrate,Dentista,Prótese Clínica e Reabilitação Oral,Materiais para Moldagem
Alginato Tipo II Jeltrate Cromatic ,Jeltrate,Dentista,Prótese Clínica e Reabilitação Oral,Materiais para Moldagem
Alginato Tipo II Jeltrate Dustless ,Jeltrate,Dentista,Prótese Clínica e Reabilitação Oral,Materiais para Moldagem
Alginato Tropicalgin Tipo I ,Tropicalgin,Dentista,Prótese Clínica e Reabilitação Oral,Materiais para Moldagem
Algodão Hidrófilo ,,Dentista,Descartáveis,Produtos para Procedimentos
Algodão Hidrófilo ,,Dentista,Descartáveis,Produtos para Procedimentos
Algodão Hidrófilo Bola 50g ,,Dentista,Descartáveis,Produtos para Procedimentos
Algodão Hidrófilo Bola 50g Melhormed ,,Dentista,Descartáveis,Produtos para Procedimentos
Algodão Hidrófilo Bola Melhormed ,,Dentista,Descartáveis,Produtos para Procedimentos
Algodão Hidrófilo Delicato em Rolo ,,Dentista,Descartáveis,Produtos para Procedimentos
Algodão Hidrófilo em Rolo ,,Dentista,Descartáveis,Produtos para Procedimentos
Algodão Hidrófilo em Rolo ,,Dentista,Descartáveis,Produtos para Procedimentos
Algodão Hidrófilo em Rolo ,,Dentista,Descartáveis,Produtos para Procedimentos
Algodão Hidrófilo Quadrado ,,Dentista,Descartáveis,Produtos para Procedimentos
Algodão Hidrófilo Quadrado ,,Dentista,Descartáveis,Produtos para Procedimentos
Algodão Hidrófilo Rolete ,,Dentista,Descartáveis,Produtos para Procedimentos
Algodão Hidrófilo Rolete ,,Dentista,Descartáveis,Produtos para Procedimentos
Rolo Dental ,,Dentista,Descartáveis,Produtos para Procedimentos
Rolo Dental ,,Dentista,Descartáveis,Produtos para Procedimentos
Rolo Dental ,,Dentista,Descartáveis,Produtos para Procedimentos
Rolo Dental Soft WA Colorido ,,Dentista,Descartáveis,Produtos para Procedimentos
Alicate Alinhador Horizontal Nº 711 ,,Dentista,Ortodontia,Instrumentos Ortodônticos
Alicate Alinhador para Corte Circular em Alinhadores ,,Dentista,Ortodontia,Instrumentos Ortodônticos
Alicate Alinhador Vertical Nº 710 ,,Dentista,Ortodontia,Instrumentos Ortodônticos
Alicate Baad Meia Lua ,,Dentista,Ortodontia,Instrumentos Ortodônticos
Alicate Binlão 767 ,,Dentista,Ortodontia,Instrumentos Ortodônticos
Alicate Corte em Alinhador,,Dentista,Ortodontia,Instrumentos Ortodônticos
Alicate Formador de Amarrilho 158 ,,Dentista,Ortodontia,Instrumentos Ortodônticos
Alicate Goldman Fox ,,Dentista,Cirurgia e Periodontia,Instrumentais Cirúrgicos
Alicate Unimatrix ,,Dentista,Dentística e Estética,Sistemas de Matriz
Alicate para Dobra em Z Universal Nº 299 ,,Dentista,Ortodontia,Instrumentos Ortodônticos
Alicate para Dobras IN SET/OFF SET ,,Dentista,Ortodontia,Instrumentos Ortodônticos
Alicate Orto 121 Bico Chato ,,Dentista,Ortodontia,Instrumentos Ortodônticos
Alicate Ortodôntico 001 Nance ,,Dentista,Ortodontia,Instrumentos Ortodônticos
Alicate Ortodôntico 053 Meia Cana ,,Dentista,Ortodontia,Instrumentos Ortodônticos
Alicate Ortodôntico 074 Young ,,Dentista,Ortodontia,Instrumentos Ortodônticos
Alicate Ortodôntico 109 De la Rosa ,,Dentista,Ortodontia,Instrumentos Ortodônticos
Alicate Ortodôntico 110 ,,Dentista,Ortodontia,Instrumentos Ortodônticos
Alicate Ortodôntico 111 ,,Dentista,Ortodontia,Instrumentos Ortodônticos
Alicate Ortodôntico 120 Weingart ,,Dentista,Ortodontia,Instrumentos Ortodônticos
Alicate Ortodôntico 139 Angle ,,Dentista,Ortodontia,Instrumentos Ortodônticos
Alicate Ortodôntico 158 Formador de Amarrilho ,,Dentista,Ortodontia,Instrumentos Ortodônticos
Alicate Ortodôntico 168 ,,Dentista,Ortodontia,Instrumentos Ortodônticos
Alicate Ortodôntico 2 em 1 074 e 139 ,,Dentista,Ortodontia,Instrumentos Ortodônticos
Alicate Ortodôntico 200 Tridente ,,Dentista,Ortodontia,Instrumentos Ortodônticos
Alicate Ortodôntico 325 Universal ,,Dentista,Ortodontia,Instrumentos Ortodônticos
Alicate Ortodôntico 346C Removedor de Bráquete ,,Dentista,Ortodontia,Instrumentos Ortodônticos
Alicate Ortodôntico 347 Saca Banda ,,Dentista,Ortodontia,Instrumentos Ortodônticos
Alicate Ortodôntico 350 Ômega Loop ,,Dentista,Ortodontia,Instrumentos Ortodônticos
Alicate Ortodôntico 3M™ para Remoção de Bráquete de Bonding 804,,Dentista,Ortodontia,Instrumentos Ortodônticos
Alicate Ortodôntico 410 Convencional Lingual ,,Dentista,Ortodontia,Instrumentos Ortodônticos
Alicate Ortodôntico Alinhador ,,Dentista,Ortodontia,Instrumentos Ortodônticos
Alicate Ortodôntico Alinhador ,,Dentista,Ortodontia,Instrumentos Ortodônticos
Alicate Ortodôntico Alinhador 707 ,,Dentista,Ortodontia,Instrumentos Ortodônticos
Alicate Ortodôntico Alinhador 708 ,,Dentista,Ortodontia,Instrumentos Ortodônticos
Alicate Ortodôntico André 117 ,,Dentista,Ortodontia,Instrumentos Ortodônticos
Alicate Ortodôntico Angle Bending 139 ,,Dentista,Ortodontia,Instrumentos Ortodônticos
Alicate Ortodôntico Angle Bending 139 Millennium ,,Dentista,Ortodontia,Instrumentos Ortodônticos
Alicate Ortodôntico Angles 139 ,,Dentista,Ortodontia,Instrumentos Ortodônticos
Alicate Ortodôntico Barra Palatina 410 ,,Dentista,Ortodontia,Instrumentos Ortodônticos
Alicate Ortodôntico Bico Chato 121 ,,Dentista,Ortodontia,Instrumentos Ortodônticos
Alicate Ortodôntico Bico Chato 121 ,,Dentista,Ortodontia,Instrumentos Ortodônticos
Alicate Ortodôntico Bico Chato 121 Millennium Orto ,,Dentista,Ortodontia,Instrumentos Ortodônticos
Alicate Ortodôntico Bico De Papagaio 115 ,,Dentista,Ortodontia,Instrumentos Ortodônticos
Alicate Ortodôntico Bico De Papagaio 137 ,,Dentista,Ortodontia,Instrumentos Ortodônticos
Alicate Ortodôntico Bird Beak 139 ,,Dentista,Ortodontia,Instrumentos Ortodônticos
Alicate Ortodôntico Convencional Lingual 410 ,,Dentista,Ortodontia,Instrumentos Ortodônticos
Alicate Ortodôntico Corte Amarrilho 150 ,,Dentista,Ortodontia,Instrumentos Ortodônticos
Alicate Ortodôntico Corte Amarrilho 151 com Widia ,,Dentista,Ortodontia,Instrumentos Ortodônticos
Alicate Ortodôntico Corte Amarrilho com Widia Black Diamond ,,Dentista,Ortodontia,Instrumentos Ortodônticos
Alicate Ortodôntico Corte Amarrilho Especial Millennium ,,Dentista,Ortodontia,Instrumentos Ortodônticos
Alicate Ortodôntico Corte Amarrilho Mini 150M ,,Dentista,Ortodontia,Instrumentos Ortodônticos
Alicate Ortodôntico Corte Amarrilho Mini 152 Com Widia ,,Dentista,Ortodontia,Instrumentos Ortodônticos
Alicate Ortodôntico Corte Amarrilho Premium ,,Dentista,Ortodontia,Instrumentos Ortodônticos
Alicate Ortodôntico Corte De Distal 116 ,,Dentista,Ortodontia,Instrumentos Ortodônticos
Alicate Ortodôntico Corte de Elástico para Alinhador ,,Dentista,Ortodontia,Instrumentos Ortodônticos
Alicate Ortodôntico Corte de Fio de Amarrilho ,,Dentista,Ortodontia,Instrumentos Ortodônticos
Alicate Ortodôntico Corte Distal ,,Dentista,Ortodontia,Instrumentos Ortodônticos
Alicate Ortodôntico Corte Distal 154 ,,Dentista,Ortodontia,Instrumentos Ortodônticos
Alicate Ortodôntico Corte Distal 700 Com Widia ,,Dentista,Ortodontia,Instrumentos Ortodônticos
Alicate Ortodôntico Corte Distal com Wídia ,,Dentista,Ortodontia,Instrumentos Ortodônticos
Alicate Ortodôntico Corte Distal com Wídia ,,Dentista,Ortodontia,Instrumentos Ortodônticos
Alicate Ortodôntico Corte Distal com Widia Black Diamond ,,Dentista,Ortodontia,Instrumentos Ortodônticos
Alicate Ortodôntico Corte Distal Especial Millennium ,,Dentista,Ortodontia,Instrumentos Ortodônticos
Alicate Ortodôntico Corte Distal Rente com Wídia ,,Dentista,Ortodontia,Instrumentos Ortodônticos
Alicate Ortodôntico Corte Fio Grosso 770 ,,Dentista,Ortodontia,Instrumentos Ortodônticos
Alicate Ortodôntico Corte Pesado 266G ,,Dentista,Ortodontia,Instrumentos Ortodônticos
Alicate Ortodôntico Corte Pesado 266GW ,,Dentista,Ortodontia,Instrumentos Ortodônticos
Alicate Ortodôntico Corte Pesado Pequeno com Widea Nº266Pw ,,Dentista,Ortodontia,Instrumentos Ortodônticos
Alicate Ortodôntico Curto Para Fios 139 ,,Dentista,Ortodontia,Instrumentos Ortodônticos
Alicate Ortodôntico Curto para Fios com 1 Furo Nº 139U ,,Dentista,Ortodontia,Instrumentos Ortodônticos
Alicate Ortodôntico Curto para Fios com 3 Furos Pequeno Nº139Z ,,Dentista,Ortodontia,Instrumentos Ortodônticos
Alicate Ortodôntico Curto para Fios Grande Nº 139G ,,Dentista,Ortodontia,Instrumentos Ortodônticos
Alicate Ortodôntico Curto para Fios Modificado Nº139R ,,Dentista,Ortodontia,Instrumentos Ortodônticos
Alicate Ortodôntico de Bico Chato Nº 121 ,,Dentista,Ortodontia,Instrumentos Ortodônticos
Alicate Ortodôntico De La Rosa 109 ,,Dentista,Ortodontia,Instrumentos Ortodônticos
Alicate Ortodôntico De La Rosa 109 ,,Dentista,Ortodontia,Instrumentos Ortodônticos
Alicate Ortodôntico De La Rosa 109 ,,Dentista,Ortodontia,Instrumentos Ortodônticos
Alicate Ortodôntico Dobra Distal 1002 ,,Dentista,Ortodontia,Instrumentos Ortodônticos
Alicate Ortodôntico Fio Pesado N° 267 ,,Dentista,Ortodontia,Instrumentos Ortodônticos
Alicate Ortodôntico Fisher 156 ,,Dentista,Ortodontia,Instrumentos Ortodônticos
Alicate Ortodôntico Fixador de Gancho 058 ,,Dentista,Ortodontia,Instrumentos Ortodônticos
Alicate Ortodôntico Fixador de Gancho 058 ,,Dentista,Ortodontia,Instrumentos Ortodônticos
Alicate Ortodôntico Fixador de Gancho 58 Millennium ,,Dentista,Ortodontia,Instrumentos Ortodônticos
Alicate Ortodôntico Formador de Amarrilho 158 ,,Dentista,Ortodontia,Instrumentos Ortodônticos
Alicate Ortodôntico Formador de Amarrilho 158 ,,Dentista,Ortodontia,Instrumentos Ortodônticos
Alicate Ortodôntico Formador de Ligadura 158 Millennium Orto ,,Dentista,Ortodontia,Instrumentos Ortodônticos
Alicate Ortodôntico Formador de Matriz 141 ,,Dentista,Ortodontia,Instrumentos Ortodônticos
Alicate Ortodôntico Formador de Matriz 141 ,,Dentista,Ortodontia,Instrumentos Ortodônticos
Alicate Ortodôntico How Curvo 111 ,,Dentista,Ortodontia,Instrumentos Ortodônticos
Alicate Ortodôntico How Curvo 111 ,,Dentista,Ortodontia,Instrumentos Ortodônticos
Alicate Ortodôntico Johnson 114 ,,Dentista,Ortodontia,Instrumentos Ortodônticos
Alicate Ortodôntico Johnson 114 ,,Dentista,Ortodontia,Instrumentos Ortodônticos
Alicate Ortodôntico Meia Cana 053 ,,Dentista,Ortodontia,Instrumentos Ortodônticos
Alicate Ortodôntico Meia Cana 053 ,,Dentista,Ortodontia,Instrumentos Ortodônticos
Alicate Ortodôntico Meia Cana 53 ,,Dentista,Ortodontia,Instrumentos Ortodônticos
Alicate Ortodôntico Nance 001 ,,Dentista,Ortodontia,Instrumentos Ortodônticos
Alicate Ortodôntico Nance 001 ,,Dentista,Ortodontia,Instrumentos Ortodônticos
Alicate Ortodôntico Nance 001 ,,Dentista,Ortodontia,Instrumentos Ortodônticos
Alicate Ortodôntico Ômega Loop 350 ,,Dentista,Ortodontia,Instrumentos Ortodônticos
Alicate Ortodôntico Para Dobra em Arco 291G ,,Dentista,Ortodontia,Instrumentos Ortodônticos
Alicate Ortodôntico Para Dobra em V 168 ,,Dentista,Ortodontia,Instrumentos Ortodônticos
Alicate Ortodôntico Para Dobra em V Largo 168 ,,Dentista,Ortodontia,Instrumentos Ortodônticos
Alicate Ortodôntico para Dobrar Fio na Distral ,,Dentista,Ortodontia,Instrumentos Ortodônticos
Alicate Ortodôntico Para Dobrar Fios 118 ,,Dentista,Ortodontia,Instrumentos Ortodônticos
Alicate Ortodôntico Para Gancho Bola 59 ,,Dentista,Ortodontia,Instrumentos Ortodônticos
Alicate Ortodôntico Removedor de Bráquete 346R ,,Dentista,Ortodontia,Instrumentos Ortodônticos
Alicate Ortodôntico Removedor de Bráquete 346R ,,Dentista,Ortodontia,Instrumentos Ortodônticos
Alicate Ortodôntico Removedor de Bráquete 346R Millennium Orto ,,Dentista,Ortodontia,Instrumentos Ortodônticos
Alicate Ortodôntico Removedor de Bráquete Cerâmico ,,Dentista,Ortodontia,Instrumentos Ortodônticos
Alicate Ortodôntico Removedor de Bráquete Cerâmico 346B ,,Dentista,Ortodontia,Instrumentos Ortodônticos
Alicate Ortodôntico Removedor de Bráquete Curvo N°346 ,,Dentista,Ortodontia,Instrumentos Ortodônticos
Alicate Ortodôntico Removedor de Bráquete Priscila 346P ,,Dentista,Ortodontia,Instrumentos Ortodônticos
Alicate Ortodôntico Removedor de Bráquete Reto 346R ,,Dentista,Ortodontia,Instrumentos Ortodônticos
Alicate Ortodôntico Removedor de Bráquete Reto N°346 ,,Dentista,Ortodontia,Instrumentos Ortodônticos
Alicate Ortodôntico Saca Banda 347 ,,Dentista,Ortodontia,Instrumentos Ortodônticos
Alicate Ortodôntico Saca Banda 347 ,,Dentista,Ortodontia,Instrumentos Ortodônticos
Alicate Ortodôntico Saca Bandas 347 ,,Dentista,Ortodontia,Instrumentos Ortodônticos
Alicate Ortodôntico Saca Bandas 347 Millennium ,,Dentista,Ortodontia,Instrumentos Ortodônticos
Alicate Ortodôntico Saca Resina 193 Com Widia ,,Dentista,Ortodontia,Instrumentos Ortodônticos
Alicate Ortodôntico Torque Curto 442 ,,Dentista,Ortodontia,Instrumentos Ortodônticos
Alicate Ortodôntico Torque Curto 442C ,,Dentista,Ortodontia,Instrumentos Ortodônticos
Alicate Ortodôntico Torque Curto 442C ,,Dentista,Ortodontia,Instrumentos Ortodônticos
Alicate Ortodôntico Torque Individual 222C ,,Dentista,Ortodontia,Instrumentos Ortodônticos
Alicate Ortodôntico Torque Individual com Widia ,,Dentista,Ortodontia,Instrumentos Ortodônticos
Alicate Ortodôntico Torque Individual Fêmea 222F ,,Dentista,Ortodontia,Instrumentos Ortodônticos
Alicate Ortodôntico Torque Individual Macho 222M ,,Dentista,Ortodontia,Instrumentos Ortodônticos
Alicate Ortodôntico Torque Longo 442L ,,Dentista,Ortodontia,Instrumentos Ortodônticos
Alicate Ortodôntico Torque Longo 442L ,,Dentista,Ortodontia,Instrumentos Ortodônticos
Alicate Ortodôntico Torque Longo 442L ,,Dentista,Ortodontia,Instrumentos Ortodônticos
Alicate Ortodôntico Trident 200 ,,Dentista,Ortodontia,Instrumentos Ortodônticos
Alicate Ortodôntico Tridente 200 ,,Dentista,Ortodontia,Instrumentos Ortodônticos
Alicate Ortodôntico Tridente 200 ,,Dentista,Ortodontia,Instrumentos Ortodônticos
Alicate Ortodôntico Tridente 200 Millennium Orto ,,Dentista,Ortodontia,Instrumentos Ortodônticos
Alicate Ortodôntico Tridente Curto 200 ,,Dentista,Ortodontia,Instrumentos Ortodônticos
Alicate Ortodôntico Tridente Longo Nº 201 ,,Dentista,Ortodontia,Instrumentos Ortodônticos
Alicate Ortodôntico Tweed 350 ,,Dentista,Ortodontia,Instrumentos Ortodônticos
Alicate Ortodôntico Tweed 350 Millennium Orto ,,Dentista,Ortodontia,Instrumentos Ortodônticos
Alicate Ortodôntico Tweed Ômega Loop 350 ,,Dentista,Ortodontia,Instrumentos Ortodônticos
Alicate Ortodôntico Universal 325 ,,Dentista,Ortodontia,Instrumentos Ortodônticos
Alicate Ortodôntico Weingart 120 ,,Dentista,Ortodontia,Instrumentos Ortodônticos
Alicate Ortodôntico Weingart 120 Com Widia ,,Dentista,Ortodontia,Instrumentos Ortodônticos
Alicate Ortodôntico Weingart 120 Millennium Orto ,,Dentista,Ortodontia,Instrumentos Ortodônticos
Alicate Ortodôntico Weingart 120E ,,Dentista,Ortodontia,Instrumentos Ortodônticos
Alicate Ortodôntico Weingart Delicado com Widia ,,Dentista,Ortodontia,Instrumentos Ortodônticos
Alicate Ortodôntico Young 074 ,,Dentista,Ortodontia,Instrumentos Ortodônticos
Alicate Ortodôntico Young 074 ,,Dentista,Ortodontia,Instrumentos Ortodônticos
Alicate Universal N° 325 ,,Dentista,Ortodontia,Instrumentos Ortodônticos
Kit Promocional Instrumentais para Alinhadores Grátis 1 Porta Alicate ,,Dentista,Ortodontia,Instrumentos Ortodônticos
Alicate para Torque Curto Nº 442 ,,Dentista,Ortodontia,Instrumentos Ortodônticos
Alicate para Torque Individual com Chave 222 ,,Dentista,Ortodontia,Instrumentos Ortodônticos
Alicate para Torque Individual Fêmea 401F ,,Dentista,Ortodontia,Instrumentos Ortodônticos
Alicate para Torque Individual Macho 401M ,,Dentista,Ortodontia,Instrumentos Ortodônticos
Alicate para Torque Longo Nº 442 ,,Dentista,Ortodontia,Instrumentos Ortodônticos
Alicate Perfurador Ainsworth ,,Dentista,Endodontia,Materiais para Isolamento
Alicate Perfurador Ainsworth ,,Dentista,Endodontia,Materiais para Isolamento
Alicate Perfurador Ainsworth ,,Dentista,Endodontia,Materiais para Isolamento
Alicate Perfurador Ainsworth ,,Dentista,Endodontia,Materiais para Isolamento
Alicate Perfurador Ainsworth ,,Dentista,Endodontia,Materiais para Isolamento
Alicate Pré-Curvador de Lima G,,Dentista,Endodontia,Acessórios para Endodontia
Alicate Removedor de Bráquetes Angular ,,Dentista,Ortodontia,Instrumentos Ortodônticos
Alta Rotação Alegra BC PB com Rolamento Cerâmico ,,Dentista,Equipamentos e Peças de Mão,Canetas de Alta Rotação
Alta Rotação Alegra BC PB Rolamento Cerâmico TE,,Dentista,Equipamentos e Peças de Mão,Canetas de Alta Rotação
Alta Rotação Alegra LQ PB Led Rolamento Cerâmico TE,,Dentista,Equipamentos e Peças de Mão,Canetas de Alta Rotação
Alta Rotação RC,,Dentista,Equipamentos e Peças de Mão,Canetas de Alta Rotação
Alta Rotação Z10S PB Standard Simples Prata Azulado ,,Dentista,Equipamentos e Peças de Mão,Canetas de Alta Rotação
Alta Rotação Z48SL Led Standard PB Prata ,,Dentista,Equipamentos e Peças de Mão,Canetas de Alta Rotação
Alta Rotação Z48Sl Led Standard Simples PB ,,Dentista,Equipamentos e Peças de Mão,Canetas de Alta Rotação
Aro Alta Rotação Prima ,,Dentista,Equipamentos e Peças de Mão,Canetas de Alta Rotação
Alveolótomo Luer Curvo ,,Dentista,Cirurgia e Periodontia,Instrumentais Cirúrgicos
Amálgama GS,GS,Dentista,Dentística e Estética,Acessórios para Dentística
Amálgama GS,GS,Dentista,Dentística e Estética,Acessórios para Dentística
Amálgama GS,GS,Dentista,Dentística e Estética,Acessórios para Dentística
Amálgama GS,GS,Dentista,Dentística e Estética,Acessórios para Dentística
Amálgama Permite ,Permite,Dentista,Dentística e Estética,Acessórios para Dentística
Amálgama Permite ,Permite,Dentista,Dentística e Estética,Acessórios para Dentística
Amálgama Permite ,Permite,Dentista,Dentística e Estética,Acessórios para Dentística
Amalgamador Digital Ultramat S ,,Dentista,Equipamentos e Peças de Mão,Equipamentos para Consultório
Análogo CM ,,Dentista,Implantodontia,Componentes Protéticos
Análogo CM ,,Dentista,Implantodontia,Componentes Protéticos
Análogo Digital CM ,,Dentista,Implantodontia,Componentes Protéticos
Análogo Digital HE ,,Dentista,Implantodontia,Componentes Protéticos
Análogo Digital Mini Pilar ,,Dentista,Implantodontia,Componentes Protéticos
Análogo Digital Precision CM N. ,,Dentista,Implantodontia,Componentes Protéticos
Análogo Digital Precision HE 4.1 ,,Dentista,Implantodontia,Componentes Protéticos
Análogo Digital Precision Mini Pilar ,,Dentista,Implantodontia,Componentes Protéticos
Análogo HE ,,Dentista,Implantodontia,Componentes Protéticos
Análogo Micro Pilar ,,Dentista,Implantodontia,Componentes Protéticos
Análogo Mini Pilar ,,Dentista,Implantodontia,Componentes Protéticos
Análogo Mini Pilar ,,Dentista,Implantodontia,Componentes Protéticos
Análogo Pilar Estético CM ,,Dentista,Implantodontia,Componentes Protéticos
Análogo Pilar Multi Unit ,,Dentista,Implantodontia,Componentes Protéticos
Análogo Pilar Regular e Angulado CM ,,Dentista,Implantodontia,Componentes Protéticos
Análogo Pilar TG ,,Dentista,Implantodontia,Componentes Protéticos
Análogo Pilar Universal ,,Dentista,Implantodontia,Componentes Protéticos
Set de Anéis Para Trixpress ,,Laboratório,Equipamentos Laboratório,Equipamentos para Prótese Removível
Anel De Prensagem Cônico Press Ring System ,,Laboratório,Equipamentos Laboratório,Equipamentos para Prótese Removível
Anel de Prensagem Eixo ,,Laboratório,Equipamentos Laboratório,Equipamentos para Prótese Removível
Anel de Prensagem para Lisi2 100g ,,Laboratório,Equipamentos Laboratório,Equipamentos para Prótese Removível
Anel de Prensagem para Lisi2 200g ,,Laboratório,Equipamentos Laboratório,Equipamentos para Prótese Removível
Anel de Retenção Ni,,Dentista,Dentística e Estética,Sistemas de Matriz
Anel de Silicone ,,Laboratório,Equipamentos Laboratório,Equipamentos para Fundição
Anel de Silicone Econômico ,,Laboratório,Equipamentos Laboratório,Equipamentos para Fundição
Anel de Silicone G para Protocolo ,,Laboratório,Equipamentos Laboratório,Equipamentos para Fundição
Anel de Silicone IPS ,,Laboratório,Equipamentos Laboratório,Equipamentos para Fundição
Anel de Silicone IPS ,,Laboratório,Equipamentos Laboratório,Equipamentos para Fundição
Anel de Silicone Oval para Fundição ,,Laboratório,Equipamentos Laboratório,Equipamentos para Fundição
Anel de Silicone para Fundição ,,Laboratório,Equipamentos Laboratório,Equipamentos para Fundição
Anel De Silicone para Fundição Nº 03 L200 ,,Laboratório,Equipamentos Laboratório,Equipamentos para Fundição
Anel De Silicone para Fundição Nº 04 L400 ,,Laboratório,Equipamentos Laboratório,Equipamentos para Fundição
"Anel de Silicone para Chaves de Instalação 2,0 x 1,3mm ",,Dentista,Implantodontia,Instrumentais para Implantodontia
"Anel de Silicone para Prolongador de Brocas 2,1 x 0,8mm ",,Dentista,Implantodontia,Instrumentais para Implantodontia
Anel de Vedação para Sistema de Troquelização Arcada Parcial ,,Laboratório,Equipamentos Laboratório,Equipamentos para Prótese Removível
Anel de Vedação para Sistema de Troquelização Arcada Total ,,Laboratório,Equipamentos Laboratório,Equipamentos para Prótese Removível
Anel Para Cerâmica Prensada ,,Laboratório,Equipamentos Laboratório,Equipamentos para Prótese Removível
Anel para Matriz myClip 2.0 ,,Dentista,Dentística e Estética,Sistemas de Matriz
Anel para Matriz Seccional Ultramatrix Clip 1.0 com Ponteira Ultratip ,Ultratip,Dentista,Dentística e Estética,Sistemas de Matriz
Anel para Matriz Seccional Ultramatrix Clip 2.0 com Ponteira Ultratip ,Ultratip,Dentista,Dentística e Estética,Sistemas de Matriz
Anel para Matriz Seccional Ultramatrix Forte com Ponteira Ultratip ,Ultratip,Dentista,Dentística e Estética,Sistemas de Matriz
Anestésico Alphacaine 2% 1:100.000 ,Alphacaine,Dentista,Anestésicos e Agulha Gengival,Anestésico Injetável
Anestésico Articaine 4% 1:100.000 ,Articaine,Dentista,Anestésicos e Agulha Gengival,Anestésico Injetável
Anestésico Articaine 4% 1:200.000 ,Articaine ,Dentista,Anestésicos e Agulha Gengival,Anestésico Injetável
Anestésico Lidostesim AD 2% 1:100.000 ,Lidostesim,Dentista,Anestésicos e Agulha Gengival,Anestésico Injetável
Anestésico Mepiadre 2% ,Mepiadre,Dentista,Anestésicos e Agulha Gengival,Anestésico Injetável
Anestésico Mepicain 3% ,Mepicain,Dentista,Anestésicos e Agulha Gengival,Anestésico Injetável
Anestésico Mepisv 3% ,Mepisv,Dentista,Anestésicos e Agulha Gengival,Anestésico Injetável
Anestésico Mepivalem 3% ,Mepivalem,Dentista,Anestésicos e Agulha Gengival,Anestésico Injetável
Anestésico Mepivalem Ad 2% 1:100.000 ,Mepivalem,Dentista,Anestésicos e Agulha Gengival,Anestésico Injetável
"Anestésico Neocaína 0,5% 1:200.000 ",Neocaína,Dentista,Anestésicos e Agulha Gengival,Anestésico Injetável
Anestésico Prilonest 3% ,Prilonest,Dentista,Anestésicos e Agulha Gengival,Anestésico Injetável
Anestésico SS White 100 1:2.500 ,SS White 100,Dentista,Anestésicos e Agulha Gengival,Anestésico Injetável
Anestésico Xylestesin 2% ,Xylestesin,Dentista,Anestésicos e Agulha Gengival,Anestésico Injetável
Anestésico Xylestesin 2% 1:50.000 ,Xylestesin,Dentista,Anestésicos e Agulha Gengival,Anestésico Injetável
Anestésico Tópico Xylestesin 10% Spray ,Xylestesin,Dentista,Anestésicos e Agulha Gengival,Anestésico Tópico
"Anestésico Tópico Medicaína 5% - Cristália
Anestésico Tópico Medicaína 5%",Medicaína,Dentista,Anestésicos e Agulha Gengival,Anestésico Tópico
Anestésico Septanest Articaína 4% com Epinefrina 1:100.000 ,Septanest,Dentista,Anestésicos e Agulha Gengival,Anestésico Injetável
Antioxidante Smart Vita C ,,Dentista,Harmonização Orofacial,Dermocosméticos
Antisséptico para Implante Proheal ,,Dentista,Implantodontia,Antissépticos e Medicamentos
Antisséptico para Implante Proheal ,,Dentista,Implantodontia,Antissépticos e Medicamentos
Antisséptico Tópico Degermante Riohex 2% ,Riohex,Dentista,Biossegurança,Higienizadores e Antissépticos
Antisséptico Tópico Degermante Riohex 2% ,Riohex,Dentista,Biossegurança,Higienizadores e Antissépticos
Antisséptico Tópico Degermante Riohex 2% ,Riohex,Dentista,Biossegurança,Higienizadores e Antissépticos
Antisséptico Tópico Degermante Riohex 2% ,Riohex,Dentista,Biossegurança,Higienizadores e Antissépticos
Aparelho de Laserterapia e Terapia Fotodinâmica Recover ,,Dentista,Harmonização Orofacial,Equipamentos para HOF
Aparelho de Limpeza Sympro Bivolt ,,Laboratório,Instrumentos e Ferramentas,Instrumentos para Prótese Removível
Aparelho de Radiofrequencia para Estética Tecar CRV 200 ,,Dentista,Harmonização Orofacial,Equipamentos para HOF
Aplicador de Cerâmica Acqua Easy Onix ,,Laboratório,Cerâmicas,Acessórios para Cerâmica
Aplicador de Elastique Haste Plástica ,,Dentista,Ortodontia,Instrumentos Ortodônticos
Aplicador de Hidróxido de Cálcio Dycal Colors ,,Dentista,Endodontia,Instrumentais Endodônticos
Aplicador de Hidróxido de Cálcio Dycal Duplo Angulado ,,Dentista,Endodontia,Instrumentais Endodônticos
Aplicador de Hidróxido de Cálcio Dycal Millennium ,,Dentista,Endodontia,Instrumentais Endodônticos
Aplicador Dycal Angulado ,,Dentista,Endodontia,Instrumentais Endodônticos
Aplicador Dycal Reto Oitavado ,,Dentista,Endodontia,Instrumentais Endodônticos
Aplicador ,AllPrime,Dentista,Dentística e Estética,Acessórios para Dentística
Aplicador Aplik ,Aplik,Dentista,Dentística e Estética,Acessórios para Dentística
Aplicador Cavibrush ,Cavibrush,Dentista,Dentística e Estética,Acessórios para Dentística
Aplicador Kg Brush ,Kg Brush,Dentista,Dentística e Estética,Acessórios para Dentística
Aplicador Technobrush ,Technobrush,Dentista,Dentística e Estética,Acessórios para Dentística
Aplicador/Canula Vivapen Snap,Vivapen,Dentista,Dentística e Estética,Acessórios para Dentística
Microaplicador Points ,Points,Dentista,Dentística e Estética,Acessórios para Dentística
Microaplicador Zeroflox ,Zeroflow,Dentista,Dentística e Estética,Acessórios para Dentística
Pincel de Aplicação Endo Tim ,,Dentista,Endodontia,Acessórios para Endodontia
Aplicador Kota Fix ,,Laboratório,Instrumentos e Ferramentas,Pincéis
Aplicador/Extrator de Amarrilho Elástico Plástico ,,Dentista,Ortodontia,Instrumentos Ortodônticos
Apoio Para Tamborel Endometric ,,Dentista,Endodontia,Acessórios para Endodontia
Aquecedor de Instrumentos Eco Flame ,,Laboratório,Instrumentos e Ferramentas,Instrumentos para Escultura
Arco com Serra G ,,Laboratório,Instrumentos e Ferramentas,Espátulas e Instrumentos para Gesso
Arco com Serra P ,,Laboratório,Instrumentos e Ferramentas,Espátulas e Instrumentos para Gesso
Arco de Aço CrNi Braided 8 Filamentos Retangular ,,Dentista,Ortodontia,Fios Ortodônticos
Arco de Aço CrNi Estético Rhodium Retangular ,,Dentista,Ortodontia,Fios Ortodônticos
Arco de Aço CrNi Quadrado ,,Dentista,Ortodontia,Fios Ortodônticos
Arco de Aço CrNi Quadrado ,,Dentista,Ortodontia,Fios Ortodônticos
Arco de Aço CrNi Redondo ,,Dentista,Ortodontia,Fios Ortodônticos
Arco de Aço CrNi Redondo ,,Dentista,Ortodontia,Fios Ortodônticos
Arco de Aço CrNi Retangular ,,Dentista,Ortodontia,Fios Ortodônticos
Arco de Aço CrNi Retangular ,,Dentista,Ortodontia,Fios Ortodônticos
Arco de Aço Redondo ,,Dentista,Ortodontia,Fios Ortodônticos
Arco de Aço Redondo ,,Dentista,Ortodontia,Fios Ortodônticos
Arco de Aço Retangular ,,Dentista,Ortodontia,Fios Ortodônticos
Arco de Ostby Adulto ,,Dentista,Endodontia,Materiais para Isolamento
Arco De Ostby Autoclavavel ,,Dentista,Endodontia,Materiais para Isolamento
Arco De Ostby Autoclavavel ,,Dentista,Endodontia,Materiais para Isolamento
Arco de Ostby Autoclavável Branco ,,Dentista,Endodontia,Materiais para Isolamento
Arco de Ostby Autoclavável Dobrável ,,Dentista,Endodontia,Materiais para Isolamento
Arco de Ostby Autoclavável Simples ,,Dentista,Endodontia,Materiais para Isolamento
Arco de Yong Adulto ,,Dentista,Endodontia,Materiais para Isolamento
Arco de Yong Infantil ,,Dentista,Endodontia,Materiais para Isolamento
Arco de Young Adulto ,,Dentista,Endodontia,Materiais para Isolamento
Arco de Young Inox Adulto ,,Dentista,Endodontia,Materiais para Isolamento
Arco Young Adulto ,,Dentista,Endodontia,Materiais para Isolamento
Arco Young Adulto Inox ,,Dentista,Endodontia,Materiais para Isolamento
Arco Young Autoclavável ,,Dentista,Endodontia,Materiais para Isolamento
Arco Dobravel Autoclavavel ,,Dentista,Endodontia,Materiais para Isolamento
"Arco Extraoral 045"" ",,Dentista,Ortodontia,Fios Ortodônticos
Arco Extraoral Médio Duro 051 ,,Dentista,Ortodontia,Fios Ortodônticos
Arco Extraoral Standard 051 ,,Dentista,Ortodontia,Fios Ortodônticos
Arco Flexy NiTi Curva Reversa Retangular ,,Dentista,Ortodontia,Fios Ortodônticos
Arco Flexy NiTi Esthetic Rhodium Plated Redondo ,,Dentista,Ortodontia,Fios Ortodônticos
Arco Flexy NiTi Esthetic Rhodium Plated Retangular ,,Dentista,Ortodontia,Fios Ortodônticos
Arco Flexy NiTi Superelástico ALX Quadrado ,,Dentista,Ortodontia,Fios Ortodônticos
Arco Flexy NiTi Superelástico ALX Redondo ,,Dentista,Ortodontia,Fios Ortodônticos
Arco Flexy NiTi Superelástico ALX Retangular ,,Dentista,Ortodontia,Fios Ortodônticos
Arco Flexy NiTi Superelástico Quadrado ,,Dentista,Ortodontia,Fios Ortodônticos
Arco Flexy NiTi Superelástico Redondo ,,Dentista,Ortodontia,Fios Ortodônticos
Arco Flexy NiTi Thermal 35° ALX Redondo ,,Dentista,Ortodontia,Fios Ortodônticos
Arco Flexy NiTi Thermal 35° ALX Retangular ,,Dentista,Ortodontia,Fios Ortodônticos
Arco Flexy NiTi Thermal 35° ALX Retangular ,,Dentista,Ortodontia,Fios Ortodônticos
Arco NiTi Curva Reversa Redondo ,,Dentista,Ortodontia,Fios Ortodônticos
Arco NiTi Estético Redondo ,,Dentista,Ortodontia,Fios Ortodônticos
Arco NiTi Estético Redondo ,,Dentista,Ortodontia,Fios Ortodônticos
Arco NiTi Estético Retangular ,,Dentista,Ortodontia,Fios Ortodônticos
Arco NiTi Estético Rhodium Superelástico Redondo ,,Dentista,Ortodontia,Fios Ortodônticos
Arco NiTi Estético Rhodium Superelástico Retangular ,,Dentista,Ortodontia,Fios Ortodônticos
Arco NiTi Natural Memoflex BioSlide Retangular ,,Dentista,Ortodontia,Fios Ortodônticos
Arco NiTi Retangular ,,Dentista,Ortodontia,Fios Ortodônticos
Arco NiTi Superelástico Curva Reversa Spee Quadrado ,,Dentista,Ortodontia,Fios Ortodônticos
Arco NiTi Superelástico Curva Reversa Spee Redondo ,,Dentista,Ortodontia,Fios Ortodônticos
Arco NiTi Superelástico Curva Reversa Spee Retangular ,,Dentista,Ortodontia,Fios Ortodônticos
Arco NiTi Superelástico Redondo ,,Dentista,Ortodontia,Fios Ortodônticos
Arco NiTi Superelástico Redondo ,,Dentista,Ortodontia,Fios Ortodônticos
Arco NiTi Superelástico Retangular ,,Dentista,Ortodontia,Fios Ortodônticos
Arco NiTi Superelástico Ultra Leve Redondo ,,Dentista,Ortodontia,Fios Ortodônticos
Arco NiTi Termoativado 27° Memoflex BioSlide Retangular ,,Dentista,Ortodontia,Fios Ortodônticos
Arco NiTi Termoativado 27° Redondo ,,Dentista,Ortodontia,Fios Ortodônticos
Arco NiTi Termoativado 27° Retangular ,,Dentista,Ortodontia,Fios Ortodônticos
Arco NiTi Termoativado Thermoplus Quadrado ,,Dentista,Ortodontia,Fios Ortodônticos
Arco NiTi Termoativado Thermoplus Retangular ,,Dentista,Ortodontia,Fios Ortodônticos
Arco para Serra Compacto ,,Dentista,Endodontia,Materiais para Isolamento
Arco Termoativado 35° Contour NiTi Redondo ,,Dentista,Ortodontia,Fios Ortodônticos
Arco Termoativado 35° Contour NiTi Retangular ,,Dentista,Ortodontia,Fios Ortodônticos
Arco Termoativado Copper NiTi Redondo ,,Dentista,Ortodontia,Fios Ortodônticos
Arco Termoativado Copper NiTi Retangular ,,Dentista,Ortodontia,Fios Ortodônticos
Arco Termoativado Cuper NiTi 35° Damon Redondo ,,Dentista,Ortodontia,Fios Ortodônticos
Arco Termoativado Cuper NiTi BioSlide Damon Redondo ,,Dentista,Ortodontia,Fios Ortodônticos
Arco Termoativado Flexy NiTi Copper ALX Redondo ,,Dentista,Ortodontia,Fios Ortodônticos
Arco Termoativado Flexy NiTi Copper ALX Retangular ,,Dentista,Ortodontia,Fios Ortodônticos
Arco Termoativado Flexy NiTi Thermal 35° Quadrado ,,Dentista,Ortodontia,Fios Ortodônticos
Arco Termoativado Flexy NiTi Thermal 35° Redondo ,,Dentista,Ortodontia,Fios Ortodônticos
Arco Termoativado Flexy NiTi Thermal 35° Retangular ,,Dentista,Ortodontia,Fios Ortodônticos
Articulador 10600 com Arco ,,Laboratório,Equipamentos para Laboratório,Equipamentos para Prótese Removível
Articulador 12000 Plus com Arco ,,Laboratório,Equipamentos para Laboratório,Equipamentos para Prótese Removível
Articulador 4000,,Laboratório,Equipamentos para Laboratório,Equipamentos para Prótese Removível
Articulador A7 Fix Padronizado Sem Arco ,,Laboratório,Equipamentos para Laboratório,Equipamentos para Prótese Removível
Articulador A7 Fix Sem Arco ,,Laboratório,Equipamentos para Laboratório,Equipamentos para Prótese Removível
Articulador A7 Plus Com Arco ,,Laboratório,Equipamentos para Laboratório,Equipamentos para Prótese Removível
Articulador A7 Plus Padronizado Com Arco ,,Laboratório,Equipamentos para Laboratório,Equipamentos para Prótese Removível
Articulador A7 Plus Padronizado Sem Arco ,,Laboratório,Equipamentos para Laboratório,Equipamentos para Prótese Removível
Articulador A7 Plus Sem Arco ,,Laboratório,Equipamentos para Laboratório,Equipamentos para Prótese Removível
Articulador ArtPro AT20 ,,Laboratório,Equipamentos para Laboratório,Equipamentos para Prótese Removível
Articulador Basic Art M20 ,,Laboratório,Equipamentos para Laboratório,Equipamentos para Prótese Removível
Articulador Basic Art M60 ,,Laboratório,Equipamentos para Laboratório,Equipamentos para Prótese Removível
Articulador de Montagem Artex C ,,Laboratório,Equipamentos para Laboratório,Equipamentos para Prótese Removível
Articulador Garfo com Mola ,,Laboratório,Equipamentos para Laboratório,Equipamentos para Prótese Removível
Articulador Garfo P ,,Laboratório,Equipamentos para Laboratório,Equipamentos para Prótese Removível
Articulador Magnético ,,Laboratório,Equipamentos para Laboratório,Equipamentos para Prótese Removível
Articulador Mini Plástico ,,Laboratório,Equipamentos para Laboratório,Equipamentos para Prótese Removível
Articulador Tipo Garfo ,,Laboratório,Equipamentos para Laboratório,Equipamentos para Prótese Removível
Articulador Tipo Garfo com Mola Preto ,,Laboratório,Equipamentos para Laboratório,Equipamentos para Prótese Removível
Aspirador Aspimax ,,Laboratório,Equipamentos para Laboratório,Equipamentos para Prótese Removível
Aspirador Aspira Gesso e Óxido Multiuso ,,Laboratório,Equipamentos para Laboratório,Equipamentos para Prótese Removível
Aspirador Aspira Motion ,,Laboratório,Equipamentos para Laboratório,Equipamentos para Prótese Removível
Aspirador Aspira Motion 110V ,,Laboratório,Equipamentos para Laboratório,Equipamentos para Prótese Removível
Aspirador Cirúrgico Portátil Sugmaster ,,Laboratório,Equipamentos para Laboratório,Equipamentos para Prótese Removível
Aspirador Cirúrgico Sugmaste 3L ,,Laboratório,Equipamentos para Laboratório,Equipamentos para Prótese Removível
Aspirador de Bancada DuoFlex ,,Laboratório,Equipamentos para Laboratório,Equipamentos para Prótese Removível
Aspirador Silent Compact ,,Laboratório,Equipamentos para Laboratório,Equipamentos para Prótese Removível
Aspirador Silent Compact ,,Laboratório,Equipamentos para Laboratório,Equipamentos para Prótese Removível
Aspirador Silent Compact CAM ,,Laboratório,Equipamentos para Laboratório,Equipamentos para Prótese Removível
Aspirador Silent PowerCAM EC 220V ,,Laboratório,Equipamentos para Laboratório,Equipamentos para Prótese Removível
Assistina One MB,,Dentista,Equipamentos e Peças de Mão,Equipamentos para Consultório
Autoclave 12L ,,Dentista,Equipamentos e Peças de Mão,Equipamentos para Consultório
Autoclave 5L ,,Dentista,Equipamentos e Peças de Mão,Equipamentos para Consultório
Autoclave Bioclave 12L ,,Dentista,Equipamentos e Peças de Mão,Equipamentos para Consultório
Autoclave Bioclave 12L ,,Dentista,Equipamentos e Peças de Mão,Equipamentos para Consultório
Autoclave Bioclave 21L ,,Dentista,Equipamentos e Peças de Mão,Equipamentos para Consultório
Autoclave Digital Elite Cloud Aço Inox 12L ,,Dentista,Equipamentos e Peças de Mão,Equipamentos para Consultório
Autoclave Digital Elite Cloud Aço Inox 17L ,,Dentista,Equipamentos e Peças de Mão,Equipamentos para Consultório
Autoclave Digital Elite Cloud Aço Inox 21L ,,Dentista,Equipamentos e Peças de Mão,Equipamentos para Consultório
Autoclave E10 Classe B 24L 220V ,,Dentista,Equipamentos e Peças de Mão,Equipamentos para Consultório
Autoclave E8 Classe B 24L 220V ,,Dentista,Equipamentos e Peças de Mão,Equipamentos para Consultório
Autoclave E9 Classe B 24L 220V ,,Dentista,Equipamentos e Peças de Mão,Equipamentos para Consultório
Autoclave Lina Rik,,Dentista,Equipamentos e Peças de Mão,Equipamentos para Consultório
Autoclave Vitale Class 12L ,,Dentista,Equipamentos e Peças de Mão,Equipamentos para Consultório
Autoclave Vitale Class 21L ,,Dentista,Equipamentos e Peças de Mão,Equipamentos para Consultório
Autoclave Vitale Class CD12 12L ,,Dentista,Equipamentos e Peças de Mão,Equipamentos para Consultório
Autoclave Vitale Class CD21 21L ,,Dentista,Equipamentos e Peças de Mão,Equipamentos para Consultório
Autoclave Vitale Class CD54 54L ,,Dentista,Equipamentos e Peças de Mão,Equipamentos para Consultório
Autoclave Vitale Digital Inox Lilás 5L Bivolt ,,Dentista,Equipamentos e Peças de Mão,Equipamentos para Consultório
Avental Descartável Cirúrgico Manga Longa 20g ,,Dentista,Descartáveis,Produtos para Paciente
Avental Descartável Cirúrgico Manga Longa 30g ,,Dentista,Descartáveis,Produtos para Paciente
Avental Descartável de Manga Longa 30G ,,Dentista,Descartáveis,Produtos para Paciente
Avental Descartável Especial Manga Longa 16G ,,Dentista,Descartáveis,Produtos para Paciente
Avental Descartável Manga Longa com Punho Lastex ,,Dentista,Descartáveis,Produtos para Paciente
Avental Descartável Manga Longa com Punho Látex Branco 20g ,,Dentista,Descartáveis,Produtos para Paciente
Avental Descartável Manga Longa com Punho Látex Branco 30g ,,Dentista,Descartáveis,Produtos para Paciente
Avental Descartável Manga Longa com Punho Látex Branco 40g ,,Dentista,Descartáveis,Produtos para Paciente
Avental Descartável Sem Manga 20g ,,Dentista,Descartáveis,Produtos para Paciente
Avental Descartável Sem Manga 30G ,,Dentista,Descartáveis,Produtos para Paciente
Avental Descartável Sem Manga 30g ,,Dentista,Descartáveis,Produtos para Paciente
Avental Descartável SMS Manga Longa com Punho Amarelo ,,Dentista,Descartáveis,Produtos para Paciente
Avental TNT Manga Longa 20G Branco ,,Dentista,Descartáveis,Produtos para Paciente
Avental TNT Manga Longa 30G Branco ,,Dentista,Descartáveis,Produtos para Paciente
Avental TNT Manga Longa 30G Branco ,,Dentista,Descartáveis,Produtos para Paciente
Avental TNT Manga Longa 40G Branco ,,Dentista,Descartáveis,Produtos para Paciente
Avental TNT Manga Longa 40GR ,,Dentista,Descartáveis,Produtos para Paciente
Avental TNT Manga Longa com Punho 40G Branco ,,Dentista,Descartáveis,Produtos para Paciente
Avental TNT Manga Longa Descartável 40G ,,Dentista,Descartáveis,Produtos para Paciente
Avental Raio X para Paciente Padrão ,,Radiologia,Imagem e Radiologia,Proteção Radiológica
Avental RX Infantil ,,Radiologia,Imagem e Radiologia,Proteção Radiológica
Avental RX Paciente Adulto ,,Radiologia,Imagem e Radiologia,Proteção Radiológica
Avental RX Paciente Infantil ,,Radiologia,Imagem e Radiologia,Proteção Radiológica
Avental RX Panorâmico Adulto Com Protetor de Coluna ,,Radiologia,Imagem e Radiologia,Proteção Radiológica
Avental RX Panorâmico para Paciente ,,Radiologia,Imagem e Radiologia,Proteção Radiológica
Avental RX para Paciente Adulto ,,Radiologia,Imagem e Radiologia,Proteção Radiológica
Avental RX para Paciente Adulto Com Protetor de Tireóide ,,Radiologia,Imagem e Radiologia,Proteção Radiológica
Avental RX para Paciente com Protetor de Tireóide ,,Radiologia,Imagem e Radiologia,Proteção Radiológica
Avental RX para Paciente com Protetor de Tireóide ,,Radiologia,Imagem e Radiologia,Proteção Radiológica
Avental RX para Paciente com Protetor de Tireóide ,,Radiologia,Imagem e Radiologia,Proteção Radiológica
Avental RX para Paciente Infantil Personagem ,,Radiologia,Imagem e Radiologia,Proteção Radiológica
Avental RX para Paciente Padrão ,,Radiologia,Imagem e Radiologia,Proteção Radiológica
Avental RX Uso Profissional ,,Radiologia,Imagem e Radiologia,Proteção Radiológica
Avental RX Uso Profissional com Protetor de Tireóide ,,Radiologia,Imagem e Radiologia,Proteção Radiológica
Azul de Metileno 5 Evilux ,,Dentista,Endodontia,Irrigação e Aspiração
"Azul de Metileno Chimiolux 0,01% ",,Dentista,Endodontia,Irrigação e Aspiração
Babador Descartável Branco ,,Dentista,Descartáveis,Produtos para Paciente
Babador Impermeável ,,Dentista,Descartáveis,Produtos para Paciente
Babador Impermeável ,,Dentista,Descartáveis,Produtos para Paciente
Babador Impermeável ,,Dentista,Descartáveis,Produtos para Paciente
Babador Impermeável Adulto ,,Dentista,Descartáveis,Produtos para Paciente
Babador Impermeável Adulto ,,Dentista,Descartáveis,Produtos para Paciente
Babador Impermeável Adulto Cristal ,,Dentista,Descartáveis,Produtos para Paciente
Babador Impermeável Adulto Eu Amo Ver Você Sorrindo ,,Dentista,Descartáveis,Produtos para Paciente
Babador Impermeável Branco ,,Dentista,Descartáveis,Produtos para Paciente
Babador Impermeável Descartável ,,Dentista,Descartáveis,Produtos para Paciente
Babador Impermeável Infantil ,,Dentista,Descartáveis,Produtos para Paciente
Babador Impermeável Infantil Planetas ,,Dentista,Descartáveis,Produtos para Paciente
Babador Impermeável Infantil Princesa Flora ,,Dentista,Descartáveis,Produtos para Paciente
Babador Impermeável Slim ,,Dentista,Descartáveis,Produtos para Paciente
Babador Impermeável Towel Up! Monoart ,,Dentista,Descartáveis,Produtos para Paciente
Babador Impermeável Towel Up! Monoart ,,Dentista,Descartáveis,Produtos para Paciente
Banda Anatômica Com Tubo Duplo MBT 022 ,,Dentista,Ortodontia,Bandas e Tubos
Banda Anatômica Com Tubo Duplo Roth 022 ,,Dentista,Ortodontia,Bandas e Tubos
Banda Anatômica Com Tubo Simples Roth 022 ,,Dentista,Ortodontia,Bandas e Tubos
Banda Anatômica Com Tubo Triplo Roth 022 ,,Dentista,Ortodontia,Bandas e Tubos
Banda Anatômica Molar ,,Dentista,Ortodontia,Bandas e Tubos
Banda Anatômica Molar Inferior ,,Dentista,Ortodontia,Bandas e Tubos
Banda Anatômica Molar Superior ,,Dentista,Ortodontia,Bandas e Tubos
Banda Aço Matriz Tofflemire Nº 1 ,,Dentista,Dentística e Estética,Sistemas de Matriz
Banda Aço Matriz Tofflemire Nº 2 ,,Dentista,Dentística e Estética,Sistemas de Matriz
Banda de Aço Matriz Tofflemire ,,Dentista,Dentística e Estética,Sistemas de Matriz
Banda Matriz Poliéster 10mmx120mm ,,Dentista,Dentística e Estética,Sistemas de Matriz
Banda Molar Universal Inferior ,,Dentista,Ortodontia,Bandas e Tubos
Banda Molar Universal Inferior ,,Dentista,Ortodontia,Bandas e Tubos
Banda Molar Universal Inferior Kit ,,Dentista,Ortodontia,Bandas e Tubos
Banda Molar Universal Kit ,,Dentista,Ortodontia,Bandas e Tubos
Banda Molar Universal Superior ,,Dentista,Ortodontia,Bandas e Tubos
Banda Molar Universal Superior ,,Dentista,Ortodontia,Bandas e Tubos
Banda Molar Universal Superior Kit ,,Dentista,Ortodontia,Bandas e Tubos
Banda Pré-Molar,,Dentista,Ortodontia,Bandas e Tubos
Bandeja Média com Glitter ,,Dentista,Biossegurança,Caixas para Esterilização
Bandeja de Coluna Fixa ,,Dentista,Consultorio Odontológico,Mobiliário Odontológico
Bandeja de Coluna Giratória ,,Dentista,Consultorio Odontológico,Mobiliário Odontológico
Bandeja de Coluna Giratória para Refletor ,,Dentista,Consultorio Odontológico,Mobiliário Odontológico
Bandeja Harmonização Facial GC21 ,,Dentista,Harmonização Orofacial,Acessórios para Harmonização Orofacial
Bandeja para Esterilização Plástico Colors Grande ,,Dentista,Biossegurança,Caixas para Esterilização
Bandeja para Esterilização Plástico Colors Média ,,Dentista,Biossegurança,Caixas para Esterilização
Bandeja para Esterilização Plástico Colors Pequeno ,,Dentista,Biossegurança,Caixas para Esterilização
Bandeja Refratária ,,Laboratório,Equipamentos para Laboratório,Fornos e Equipamentos para Cerâmica
Bandeja Refratária 15 pinos ,,Laboratório,Equipamentos para Laboratório,Fornos e Equipamentos para Cerâmica
Bandeja Refratária Redonda ,,Laboratório,Equipamentos para Laboratório,Fornos e Equipamentos para Cerâmica
Banho Endurecedor Hartebad 125ml ,,Laboratório,Gessos e Revestimentos,Acessórios para Gesso e Revestimento
Barra Palatina Ortodôntica Com Loop Mesial ,,Dentista,Ortodontia,Instrumentos Ortodônticos
Barra para Polimento Grande Azul ,,Laboratório,Materiais para Acabamento e Polimento,Polidores
Barreira Gengival ,Vigodent,Dentista,Dentística e Estética,Clareadores Dentais
Barreira Gengival 2g ,Indusbello,Dentista,Dentística e Estética,Clareadores Dentais
Barreira Gengival Fotopolimerizável ,AF do Brasil,Dentista,Dentística e Estética,Clareadores Dentais
Barreira Gengival Fotopolimerizável 1 Seringa ,,Dentista,Dentística e Estética,Clareadores Dentais
Barreira Gengival Fotopolimerizável MicroDam Azul 2g ,MicroDam,Dentista,Dentística e Estética,Clareadores Dentais
Barreira Gengival Gingi Dam ,Gingi Dam,Dentista,Dentística e Estética,Clareadores Dentais
Barreira Gengival Gingi Dam ,Gingi Dam,Dentista,Dentística e Estética,Clareadores Dentais
Barreira Gengival K-Dent,K-Dent,Dentista,Dentística e Estética,Clareadores Dentais
Barreira Gengival Lysdam ,Lysdam,Dentista,Dentística e Estética,Clareadores Dentais
Barreira Gengival MaxDam ,MaxDam,Dentista,Dentística e Estética,Clareadores Dentais
Barreira Gengival MiniDam ,MiniDam,Dentista,Dentística e Estética,Clareadores Dentais
Barreira Gengival OpalDam Green ,OpalDam,Dentista,Dentística e Estética,Clareadores Dentais
Barreira Gengival Potenza Blocco ,Potenza,Dentista,Dentística e Estética,Clareadores Dentais
Barreira Gengival Top Dam ,Top Dam,Dentista,Dentística e Estética,Clareadores Dentais
Barreira Gengival Total Blanc ,Total Blanc,Dentista,Dentística e Estética,Clareadores Dentais
Barreira Regenerativa de Polipropileno Lumina,,Dentista,Implantodontia,Biomateriais e Regeneração Óssea
Barreira Regenerativa Lumina PTFE Titanium 10x25mm ,,Dentista,Implantodontia,Biomateriais e Regeneração Óssea
Barreira Regenerativa Lumina PTFE Titanium 20x30mm ,,Dentista,Implantodontia,Biomateriais e Regeneração Óssea
Barreira Regenerativa Lumina PTFE Titanium 38x38mm ,,Dentista,Implantodontia,Biomateriais e Regeneração Óssea
Barreira Regenerativa Lumina,,Dentista,Implantodontia,Biomateriais e Regeneração Óssea
Base de Anel IPS E.Max ,,Laboratório,Solução Digital,Sistemas CAD/CAM
Base de Anel IPS E.Max ,,Laboratório,Solução Digital,Sistemas CAD/CAM
Base para Mesa de Transferência Splitex Artex ,,Laboratório,Solução Digital,Sistemas CAD/CAM
Base TiBase4 Cad CM N ,,Dentista,Implantodontia,Componentes Protéticos
Base TiBase4 Cad HE 4.1 ,,Dentista,Implantodontia,Componentes Protéticos
Basic Holder Miling (Mandril AG) ,,Laboratório,Solução Digital,Sistemas CAD/CAM
Bastão de Guta Percha Flow Curto (BFC) ,,Dentista,Endodontia,Materiais Obturadores
Bastão para Acabamento e Polimento em Próteses Bril ,,Dentista,Prótese Clínica e Reabilitação Oral,Materiais para Ajuste e Acabamento
Bastão para Polimento de Prótese Imobril Branco Bivalente ,,Dentista,Prótese Clínica e Reabilitação Oral,Materiais para Ajuste e Acabamento
Bateria Recarregável Valo Cordless ,,Dentista,Equipamentos e Peças de Mão,Fotopolimerizadores
Bicarbonato de Sódio ,,Dentista,Prevenção e Profilaxia,Pastas e Géis Profiláticos
Bicarbonato de Sódio ,,Dentista,Prevenção e Profilaxia,Pastas e Géis Profiláticos
Bicarbonato de Sódio ,,Dentista,Prevenção e Profilaxia,Pastas e Géis Profiláticos
Bicarbonato de Sódio ,,Dentista,Prevenção e Profilaxia,Pastas e Géis Profiláticos
Bicarbonato de Sódio ,,Dentista,Prevenção e Profilaxia,Pastas e Géis Profiláticos
Bicarbonato de Sódio ,,Dentista,Prevenção e Profilaxia,Pastas e Géis Profiláticos
Bicarbonato de Sódio 100G ,,Dentista,Prevenção e Profilaxia,Pastas e Géis Profiláticos
Bicarbonato de Sódio 15 Sachês ,,Dentista,Prevenção e Profilaxia,Pastas e Géis Profiláticos
Bicarbonato de Sódio 24 Sachês ,,Dentista,Prevenção e Profilaxia,Pastas e Géis Profiláticos
Bicarbonato de Sódio 250G ,,Dentista,Prevenção e Profilaxia,Pastas e Géis Profiláticos
Bicarbonato de Sódio 250G ,,Dentista,Prevenção e Profilaxia,Pastas e Géis Profiláticos
Bicarbonato de Sódio 500G ,,Dentista,Prevenção e Profilaxia,Pastas e Géis Profiláticos
Bicarbonato de Sódio 500G ,,Dentista,Prevenção e Profilaxia,Pastas e Géis Profiláticos
Bicarbonato de Sódio Airon ,,Dentista,Prevenção e Profilaxia,Pastas e Géis Profiláticos
Bicarbonato de Sódio Airon ,,Dentista,Prevenção e Profilaxia,Pastas e Géis Profiláticos
Bicarbonato de Sódio Airon ,,Dentista,Prevenção e Profilaxia,Pastas e Géis Profiláticos
Bicarbonato de Sódio Airon ,,Dentista,Prevenção e Profilaxia,Pastas e Géis Profiláticos
Bicarbonato de Sódio Clean Okta ,,Dentista,Prevenção e Profilaxia,Pastas e Géis Profiláticos
Bicarbonato de Sódio Clean Okta ,,Dentista,Prevenção e Profilaxia,Pastas e Géis Profiláticos
Bicarbonato de Sódio Clean Okta ,,Dentista,Prevenção e Profilaxia,Pastas e Géis Profiláticos
Bicarbonato de Sódio Polident ,,Dentista,Prevenção e Profilaxia,Pastas e Géis Profiláticos
Bicarbonato de Sódio Polident ,,Dentista,Prevenção e Profilaxia,Pastas e Géis Profiláticos
Bicarbonato de Sódio Prophylaxis ,,Dentista,Prevenção e Profilaxia,Pastas e Géis Profiláticos
"Solução Injetável de Bicarbonato de Sódio 8,4% 10ml ",,Dentista,Cirurgia e Periodontia,Antissépticos e Medicamentos
Bico Aplicador de Lubrificante Triplo ,,Dentista,Consultorio Odontológico,Manutenção e Peças de Reposição
Bico de Ar Conector ,,Laboratório,Equipamentos para Laboratório,Equipamentos para Prótese Removível
Binder Ethyl Silibinder 28% ,,Laboratório,Gessos e Revestimentos,Acessórios para Gesso e Revestimento
Binder Ethyl Silibinder 40%  ,,Laboratório,Gessos e Revestimentos,Acessórios para Gesso e Revestimento
Binder Silicato de Etila 28% ,,Laboratório,Gessos e Revestimentos,Acessórios para Gesso e Revestimento
Binder Silicato de Etila 28% 1Kg ,,Laboratório,Gessos e Revestimentos,Acessórios para Gesso e Revestimento
Binder Silicato de Etila 40% ,,Laboratório,Gessos e Revestimentos,Acessórios para Gesso e Revestimento
Binder Silicato de Etila 40% 1Kg ,,Laboratório,Gessos e Revestimentos,Acessórios para Gesso e Revestimento
Bioestimulador Ácido Plla para Face E Corpo Elleva ,Elleva,Dentista,Harmonização Orofacial,Bioestimuladores de Colágeno
Bioestimulador Hidroxiapatita de Cálcio Diamond ,Diamond,Dentista,Harmonização Orofacial,Bioestimuladores de Colágeno
Bioestimulador Hidroxiapatita de Cálcio Radiesse ,Radiesse,Dentista,Harmonização Orofacial,Bioestimuladores de Colágeno
Bioestimulador Hidroxiapatita de Cálcio Radiesse ,Radiesse,Dentista,Harmonização Orofacial,Bioestimuladores de Colágeno
Bioestimulador Hidroxiapatita de Cálcio Radiesse Lido ,Radiesse,Dentista,Harmonização Orofacial,Bioestimuladores de Colágeno
Bloqueador de Oxigênio Ceramage Oxybarrier ,Ceramage Oxybarrier,Dentista,Dentística e Estética,Acessórios para Dentística
Bloqueador de Oxigênio Power Block ,Power Block,Dentista,Dentística e Estética,Acessórios para Dentística
Bocal de Aspiração para Bancada ,,Laboratório,Equipamentos para Laboratório,Equipamentos para Prótese Removível
Bocal de Redução para Aspirador Aspira Motion ,,Laboratório,Equipamentos para Laboratório,Equipamentos para Prótese Removível
Bocal para Sucção Autoclavável ,,Dentista,Descartáveis,Sugadores e Aspiração
Bolsa Térmica para Olhos ,,Dentista,Harmonização Orofacial,Acessórios para Harmonização Orofacial
Bolsa Térmica Quente e Fria ,,Dentista,Cirurgia e Periodontia,Acessórios para Cirurgia e Periodontia
Bomba de Vácuo Eco 740 Para Forno de Prótese ,,Laboratório,Equipamentos para Laboratório,Equipamentos para Fundição
Bomba de Vácuo para Forno Austromat ,,Laboratório,Equipamentos para Laboratório,Equipamentos para Fundição
Kit Suctor I para Bomba de Vácuo ,,Dentista,Equipamentos e Peças de Mão,Equipamentos para Consultório
Kit Suctor II para Bomba de Vácuo ,,Dentista,Equipamentos e Peças de Mão,Equipamentos para Consultório
Kit Suctor III para Bomba de Vácuo ,,Dentista,Equipamentos e Peças de Mão,Equipamentos para Consultório
Kit Suctor IV para Bomba de Vácuo ,,Dentista,Equipamentos e Peças de Mão,Equipamentos para Consultório
Kit Suctor para Bio Vac 2 ,,Dentista,Equipamentos e Peças de Mão,Equipamentos para Consultório
Botão Lingual Cerâmico Iceram para Colagem ,,Dentista,Ortodontia,Acessórios Ortodônticos
Botão Lingual Cola ,,Dentista,Ortodontia,Acessórios Ortodônticos
Botão Lingual Cola ,,Dentista,Ortodontia,Acessórios Ortodônticos
Botão Lingual Cola ,,Dentista,Ortodontia,Acessórios Ortodônticos
Botão Lingual Cola Ceramic ,,Dentista,Ortodontia,Acessórios Ortodônticos
Botão Lingual Composite Cola ,,Dentista,Ortodontia,Acessórios Ortodônticos
Botão Lingual Solda ,,Dentista,Ortodontia,Acessórios Ortodônticos
Branco de Espanha ,,Dentista,Prevenção e Profilaxia,Pastas e Géis Profiláticos
Branco de Espanha ,,Dentista,Prevenção e Profilaxia,Pastas e Géis Profiláticos
Bráquete Autoligado de Aço Ultra,,Dentista,Ortodontia,Acessórios Ortodônticos
Bráquete Cerâmico 3M™ Gemini Crystal Clear MBT 022 ,Gemini Crystal,Dentista,Ortodontia,Bráquetes
Bráquete Cerâmico 3M™ Gemini Crystal Roth 022 ,Gemini Crystal,Dentista,Ortodontia,Bráquetes
Bráquete Cerâmico Autoligado 3M™ Clarity™ Ultra MBT 022 ,Clarity,Dentista,Ortodontia,Bráquetes
Bráquete Cerâmico Autoligado Ceramic SLI Roth 022 ,Ceramic,Dentista,Ortodontia,Bráquetes
"Bráquete Cerâmico Autoligado Iceram Iceram SLB Roth 0,022 5X5 – Orthometric",Iceram,Dentista,Ortodontia,Bráquetes
Bráquete Cerâmico Autoligado Iceram SLB MBT 022 ,Iceram,Dentista,Ortodontia,Bráquetes
Bráquete Cerâmico Autoligado Iceram SLB Roth 022 ,Iceram,Dentista,Ortodontia,Bráquetes
Bráquete Cerâmico Autoligado Iceram SLB Roth 022 Kit ,Iceram,Dentista,Ortodontia,Bráquetes
"Bráquete Cerâmico Autoligado Iceram Total Glass Roth 0,022 ",Iceram,Dentista,Ortodontia,Bráquetes
"Bráquete Cerâmico Autoligado Iceram Total Glass Roth 0,022 ",Iceram,Dentista,Ortodontia,Bráquetes
Bráquete Cerâmico Autoligado Tellus Roth 022 ,Tellus,Dentista,Ortodontia,Bráquetes
Bráquete Cerâmico Ceramic Edgewise 022 ,Ceramic,Dentista,Ortodontia,Bráquetes
Bráquete Cerâmico Ceramic Roth 022 ,Ceramic,Dentista,Ortodontia,Bráquetes
Bráquete Cerâmico Ceramic SLP Roth 022 ,Ceramic,Dentista,Ortodontia,Bráquetes
Bráquete Cerâmico Ceramic SLP Roth 022 ,Ceramic,Dentista,Ortodontia,Bráquetes
Bráquete Cerâmico Clarity™ Ultra SL com Tecnologia APC® Flash Free MBT 022 ,Clarity,Dentista,Ortodontia,Bráquetes
Bráquete Cerâmico Iceram,Iceram,Dentista,Ortodontia,Bráquetes
Bráquete Cerâmico Iceram,Iceram,Dentista,Ortodontia,Bráquetes
Bráquete Cerâmico Iceram,Iceram,Dentista,Ortodontia,Bráquetes
"Bráquete Cerâmico Iceram Conjunto 5x5 MBT 0,022 ",Iceram,Dentista,Ortodontia,Bráquetes
Bráquete Cerâmico Iceram Edgewise 022 ,Iceram,Dentista,Ortodontia,Bráquetes
Bráquete Cerâmico Iceram Roth 018 ,Iceram,Dentista,Ortodontia,Bráquetes
Bráquete Cerâmico Iceram Roth 022 ,Iceram,Dentista,Ortodontia,Bráquetes
Bráquete Cerâmico Iceram Roth Slot Metálico 022 ,Iceram,Dentista,Ortodontia,Bráquetes
Bráquete Cerâmico Iceram Safira MBT 022 ,Iceram,Dentista,Ortodontia,Bráquetes
Bráquete Cerâmico Iceram Safira Roth 022 ,Iceram,Dentista,Ortodontia,Bráquetes
Bráquete Cerâmico Maia Light MBT 022 Kit ,Maia Light,Dentista,Ortodontia,Bráquetes
Bráquete Cerâmico Maia Light Roth 022 ,Maia Light,Dentista,Ortodontia,Bráquetes
Bráquete Cerâmico Maia Light Roth 022 Kit ,Maia Light,Dentista,Ortodontia,Bráquetes
Bráquete Cerâmico New Ice Clear Roth 022 ,New Ice Clear,Dentista,Ortodontia,Bráquetes
Bráquete Cerâmico PolySafira Roth 022 ,PolySafira,Dentista,Ortodontia,Bráquetes
Bráquete Cerâmico Quicklear III Roth 018 ,Quicklear,Dentista,Ortodontia,Bráquetes
Bráquete Cerâmico Safira Mini MBT 018 Kit ,Safira,Dentista,Ortodontia,Bráquetes
Bráquete Cerâmico Safira Mini Roth 018 ,Safira,Dentista,Ortodontia,Bráquetes
Bráquete Cerâmico Zetta MBT 022 Kit ,Zetta,Dentista,Ortodontia,Bráquetes
Bráquete Cerâmico Zetta Roth 022 ,Zetta,Dentista,Ortodontia,Bráquetes
Bráquete Cerâmico Zetta Roth 022 Kit ,Zetta,Dentista,Ortodontia,Bráquetes
Bráquete Composite Roth 022 Kit ,Composite,Dentista,Ortodontia,Bráquetes
Bráquete Composito Roth 022 Kit ,Composite,Dentista,Ortodontia,Bráquetes
Bráquete de Aço 3M™ Agile Mini Alexander 018 Kit,Agile ,Dentista,Ortodontia,Bráquetes
Bráquete de Aço 3M™ Kirium Capelozza III 022 ,Kirium,Dentista,Ortodontia,Bráquetes
Bráquete de Aço 3M™ Kirium Roth 018 ,Kirium,Dentista,Ortodontia,Bráquetes
Bráquete de Aço Advanced Padrão Capelozza I II ,Capelozza,Dentista,Ortodontia,Bráquetes
Bráquete de Aço Advanced Padrão Capelozza I II III ,Capelozza,Dentista,Ortodontia,Bráquetes
Bráquete de Aço Advanced Padrão Capelozza II ,Capelozza,Dentista,Ortodontia,Bráquetes
Bráquete de Aço Advanced Padrão Capelozza III ,Capelozza,Dentista,Ortodontia,Bráquetes
Bráquete de Aço Advanced Padrão I ,Padrão I,Dentista,Ortodontia,Bráquetes
Bráquete de Aço Advanced Padrão I ,Padrão I,Dentista,Ortodontia,Bráquetes
Bráquete de Aço Advanced Series Edgewise 022 ,Series Edgwise,Dentista,Ortodontia,Bráquetes
Bráquete de Aço Advanced Series Edgewise 022 ,Series Edgwise,Dentista,Ortodontia,Bráquetes
Bráquete de Aço Advanced Series Edgewise 022 ,Series Edgwise,Dentista,Ortodontia,Bráquetes
Bráquete de Aço Advanced Series Edgewise 022 ,Series Edgwise,Dentista,Ortodontia,Bráquetes
Bráquete de Aço Advanced Series Edgewise 022 ,Series Edgwise,Dentista,Ortodontia,Bráquetes
Bráquete de Aço Advanced Series Edgewise 022 ,Series Edgwise,Dentista,Ortodontia,Bráquetes
Bráquete de Aço Advanced Series Edgewise 022 ,Series Edgwise,Dentista,Ortodontia,Bráquetes
Bráquete de Aço Advanced Series MBT 022 ,,Dentista,Ortodontia,Bráquetes
Bráquete de Aço Advanced Series MBT 022 ,,Dentista,Ortodontia,Bráquetes
Bráquete de Aço Advanced Series MBT 022 + Tubo ,,Dentista,Ortodontia,Bráquetes
Bráquete de Aço Advanced Series MBT 022 Kit ,,Dentista,Ortodontia,Bráquetes
Bráquete de Aço Advanced Series MBT 022 Kit ,,Dentista,Ortodontia,Bráquetes
Bráquete de Aço Advanced Series MBT 022 Kit ,,Dentista,Ortodontia,Bráquetes
"Bráquete de Aço Advanced Series Roth 0,022 ",,Dentista,Ortodontia,Bráquetes
Bráquete de Aço Advanced Series Roth 018 ,,Dentista,Ortodontia,Bráquetes
Bráquete de Aço Advanced Series Roth 022 ,,Dentista,Ortodontia,Bráquetes
Bráquete de Aço Advanced Series Roth 022 ,,Dentista,Ortodontia,Bráquetes
Bráquete de Aço Advanced Séries Roth 022 ,,Dentista,Ortodontia,Bráquetes
Bráquete de Aço Advanced Series Roth 022 Kit ,,Dentista,Ortodontia,Bráquetes
Bráquete de Aço Alexander 018 Kit ,,Dentista,Ortodontia,Bráquetes
Bráquete de Aço Aria Roth 018 ,,Dentista,Ortodontia,Bráquetes
Bráquete de Aço Aria Roth 022 ,,Dentista,Ortodontia,Bráquetes
Bráquete de Aço Autoligado 3M™ Portia Capelozza I 022 ,,Dentista,Ortodontia,Bráquetes
Bráquete de Aço Autoligado 3M™ Portia Roth 022 ,,Dentista,Ortodontia,Bráquetes
Bráquete de Aço Autoligado BioClip Roth 018 ,,Dentista,Ortodontia,Bráquetes
Bráquete de Aço Autoligado EasyClip+ Bidimensional 022 PDM Kit ,,Dentista,Ortodontia,Bráquetes
Bráquete de Aço Autoligado EasyClip+ Damon Low Torque 022 Kit ,,Dentista,Ortodontia,Bráquetes
Bráquete de Aço Autoligado EasyClip+ Damon Standard 022 Kit ,,Dentista,Ortodontia,Bráquetes
Bráquete de Aço Autoligado EasyClip+ Damon Super Torque 022 Kit ,,Dentista,Ortodontia,Bráquetes
Bráquete de Aço Autoligado EasyClip+ Jorge Rodrigues Bidimensional 018 e 022 Kit ,,Dentista,Ortodontia,Bráquetes
Bráquete de Aço Autoligado EasyClip+ MBT 022 Kit ,,Dentista,Ortodontia,Bráquetes
Bráquete de Aço Autoligado EasyClip+ MBT 022 Kit ,,Dentista,Ortodontia,Bráquetes
Bráquete de Aço Autoligado EasyClip+ Roth 022 Kit ,,Dentista,Ortodontia,Bráquetes
Bráquete de Aço Autoligado EasyClip+ Roth 022 Kit ,,Dentista,Ortodontia,Bráquetes
Bráquete de Aço Autoligado EasyClip+ Roth Bidimensional Kit ,,Dentista,Ortodontia,Bráquetes
Bráquete de Aço Autoligado EasyClip+ STD 022 Kit ,,Dentista,Ortodontia,Bráquetes
Bráquete de Aço Autoligado SLH Roth 022 Kit ,,Dentista,Ortodontia,Bráquetes
Bráquete de Aço Autoligado SLI Roth 022 ,,Dentista,Ortodontia,Bráquetes
Bráquete de Aço Autoligado SLP Roth 022 ,,Dentista,Ortodontia,Bráquetes
Bráquete de Aço Autoligado SLP Roth 022 Kit ,,Dentista,Ortodontia,Bráquetes
Bráquete de Aço Autoligado U,,Dentista,Ortodontia,Bráquetes
Bráquete de Aço Autoligado Ultra,,Dentista,Ortodontia,Bráquetes
Bráquete de Aço Autoligado Ultra,,Dentista,Ortodontia,Bráquetes
Bráquete de Aço Autoligado Ultra,,Dentista,Ortodontia,Bráquetes
Bráquete de Aço Autoligado Ultra,,Dentista,Ortodontia,Bráquetes
Bráquete de Aço Biofuncional Classe III 022 ,,Dentista,Ortodontia,Bráquetes
Bráquete de Aço Biofuncional Classe III Roth Light 022 Kit ,,Dentista,Ortodontia,Bráquetes
Bráquete de Aço Biomax Roth 022 ,,Dentista,Ortodontia,Bráquetes
Bráquete de Aço Biomax Roth 022 Kit ,,Dentista,Ortodontia,Bráquetes
Bráquete de Aço Capelozza I Max 022 Kit ,,Dentista,Ortodontia,Bráquetes
Bráquete de Aço Capelozza Max I 022 Kit ,,Dentista,Ortodontia,Bráquetes
Bráquete de Aço Capelozza Max I II e III 022 ,,Dentista,Ortodontia,Bráquetes
Bráquete de Aço Capelozza Max I II e III 022 ,,Dentista,Ortodontia,Bráquetes
Bráquete de Aço Capelozza Max II 022 Kit ,,Dentista,Ortodontia,Bráquetes
Bráquete de Aço Capelozza Max III 022 ,,Dentista,Ortodontia,Bráquetes
Bráquete de Aço Capelozza Max III 022 Kit ,,Dentista,Ortodontia,Bráquetes
Bráquete de Aço Capelozza Max Padrão II 022 Kit ,,Dentista,Ortodontia,Bráquetes
Bráquete de Aço Edgewise Advanced Series 022 ,,Dentista,Ortodontia,Bráquetes
Bráquete de Aço Edgewise Advanced Series 022 com Gancho ,,Dentista,Ortodontia,Bráquetes
Bráquete de Aço Edgewise Slim 018 Kit ,,Dentista,Ortodontia,Bráquetes
Bráquete de Aço Edgewise Slim 022 Kit ,,Dentista,Ortodontia,Bráquetes
Bráquete de Aço Edgewise Slim 022 Kit ,,Dentista,Ortodontia,Bráquetes
Bráquete de Aço Edgewise Slim Max 018 Kit ,,Dentista,Ortodontia,Bráquetes
Bráquete de Aço Edgewise Slim Max 018 Kit ,,Dentista,Ortodontia,Bráquetes
Bráquete de Aço Edgewise Slim Max 022 ,,Dentista,Ortodontia,Bráquetes
Bráquete de Aço Edgewise Slim Max 022 ,,Dentista,Ortodontia,Bráquetes
Bráquete de Aço Edgewise Slim Max 022 Kit ,,Dentista,Ortodontia,Bráquetes
Bráquete de Aço Edgewise Slim Max 022 Kit ,,Dentista,Ortodontia,Bráquetes
Bráquete de Aço Edgewise Slim Max 022 Kit ,,Dentista,Ortodontia,Bráquetes
Bráquete de Aço Edgewise Slim Max 022 Kit ,,Dentista,Ortodontia,Bráquetes
Bráquete de Aço Edgewise Standard 018 Kit ,,Dentista,Ortodontia,Bráquetes
Bráquete de Aço Edgewise Standard 022 Kit ,,Dentista,Ortodontia,Bráquetes
Bráquete de Aço Edgewise/Ricketts 022 ,,Dentista,Ortodontia,Bráquetes
Bráquete de Aço Edgewise/Ricketts 022 ,,Dentista,Ortodontia,Bráquetes
Bráquete de Aço Light HP MBT 018 e 022 Kit ,,Dentista,Ortodontia,Bráquetes
Bráquete de Aço Light HP MBT 022 ,,Dentista,Ortodontia,Bráquetes
Bráquete de Aço MBT Light 022 ,,Dentista,Ortodontia,Bráquetes
Bráquete de Aço MBT Light 022 Kit ,,Dentista,Ortodontia,Bráquetes
Bráquete de Aço MBT Light 022 Kit ,,Dentista,Ortodontia,Bráquetes
Bráquete de Aço MBT Max 022 ,,Dentista,Ortodontia,Bráquetes
Bráquete de Aço MBT Max 022 ,,Dentista,Ortodontia,Bráquetes
Bráquete de Aço MBT Max 022 Kit ,,Dentista,Ortodontia,Bráquetes
Bráquete de Aço MBT Max 022 Kit ,,Dentista,Ortodontia,Bráquetes
Bráquete de Aço MBT Max 022 Kit ,,Dentista,Ortodontia,Bráquetes
Bráquete de Aço MBT Max 022 Kit ,,Dentista,Ortodontia,Bráquetes
Bráquete de Aço MBT Standard 022 Kit ,,Dentista,Ortodontia,Bráquetes
Bráquete de Aço MBT Standard 022 Kit ,,Dentista,Ortodontia,Bráquetes
Bráquete de Aço Monobloco Roth 022 Kit ,,Dentista,Ortodontia,Bráquetes
Bráquete de Aço Monobloco Speed Marden System Roth 022 ,,Dentista,Ortodontia,Bráquetes
Bráquete de Aço Nano Roth 022 ,,Dentista,Ortodontia,Bráquetes
Bráquete de Aço Nano Roth 022 Kit ,,Dentista,Ortodontia,Bráquetes
Bráquete de Aço Premium Elite MBT 022 ,,Dentista,Ortodontia,Bráquetes
Bráquete de Aço Premium Elite MBT 022 Kit ,,Dentista,Ortodontia,Bráquetes
Bráquete de Aço Premium Elite Mini Roth 022 Kit ,,Dentista,Ortodontia,Bráquetes
Bráquete de Aço Premium Elite Mini Roth Bidimensional 018 e 022 Kit ,,Dentista,Ortodontia,Bráquetes
Bráquete de Aço Premium Elite Roth 022 Kit ,,Dentista,Ortodontia,Bráquetes
Bráquete de Aço Ricketts Actual 018 Kit ,,Dentista,Ortodontia,Bráquetes
Bráquete de Aço Ricketts Actual Especial 018 ,,Dentista,Ortodontia,Bráquetes
Bráquete de Aço Ricketts Actual Especial 018 Kit ,,Dentista,Ortodontia,Bráquetes
Bráquete de Aço Ricketts Slim 018 Kit ,,Dentista,Ortodontia,Bráquetes
Bráquete de Aço Roth 022 Kit ,,Dentista,Ortodontia,Bráquetes
Bráquete de Aço Roth Light 13° 018 Kit ,,Dentista,Ortodontia,Bráquetes
Bráquete de Aço Roth Light 13° 022 Kit ,,Dentista,Ortodontia,Bráquetes
Bráquete de Aço Roth Light 13° 022 Kit ,,Dentista,Ortodontia,Bráquetes
Bráquete de Aço Roth Light 13° 022 Kit ,,Dentista,Ortodontia,Bráquetes
Bráquete de Aço Roth Light 13° 022 Kit ,,Dentista,Ortodontia,Bráquetes
Bráquete de Aço Roth Light 9° 022 Kit ,,Dentista,Ortodontia,Bráquetes
Bráquete de Aço Roth Light 9° 022 Kit ,,Dentista,Ortodontia,Bráquetes
Bráquete de Aço Roth Light 9° 022 Kit ,,Dentista,Ortodontia,Bráquetes
Bráquete de Aço Roth Max 018 ,,Dentista,Ortodontia,Bráquetes
Bráquete de Aço Roth Max 018 ,,Dentista,Ortodontia,Bráquetes
Bráquete de Aço Roth Max 018 Kit ,,Dentista,Ortodontia,Bráquetes
Braquete de Aço Roth Max 13° 018 Kit ,,Dentista,Ortodontia,Bráquetes
Bráquete de Aço Roth Max 13° 018 Kit ,,Dentista,Ortodontia,Bráquetes
Bráquete de Aço Roth Max 13° 022 Kit ,,Dentista,Ortodontia,Bráquetes
Bráquete de Aço Roth Max 13º 022 Kit ,,Dentista,Ortodontia,Bráquetes
Bráquete de Aço Roth Max 9° 018 Kit ,,Dentista,Ortodontia,Bráquetes
Bráquete de Aço Roth Max 9° 018 Kit ,,Dentista,Ortodontia,Bráquetes
Bráquete de Aço Roth Max 9° 018 Kit ,,Dentista,Ortodontia,Bráquetes
Bráquete de Aço Roth Max 9° 022 Kit ,,Dentista,Ortodontia,Bráquetes
Bráquete de Aço Roth Max 9º 022 Kit ,,Dentista,Ortodontia,Bráquetes
Bráquete de Aço Roth Max Bidimensional 018 e 022 Kit ,,Dentista,Ortodontia,Bráquetes
Bráquete de Aço Roth Monobloc 022 ,,Dentista,Ortodontia,Bráquetes
Bráquete de Aço Roth Monobloc 022 ,,Dentista,Ortodontia,Bráquetes
Bráquete de Aço Roth Monobloc 13° 022 Kit ,,Dentista,Ortodontia,Bráquetes
Bráquete de Aço Roth Standard 018 ,,Dentista,Ortodontia,Bráquetes
Bráquete de Aço Roth Standard 022 ,,Dentista,Ortodontia,Bráquetes
Bráquete de Aço Roth Standard 022 ,,Dentista,Ortodontia,Bráquetes
Bráquete de Aço Roth Standard 13° 022 Kit ,,Dentista,Ortodontia,Bráquetes
Bráquete de Aço Roth Standard 13° 022 Kit ,,Dentista,Ortodontia,Bráquetes
Bráquete de Aço Roth Standard 13° 022 Kit ,,Dentista,Ortodontia,Bráquetes
Bráquete de Aço Roth Standard 9° 022 Kit ,,Dentista,Ortodontia,Bráquetes
Bráquete de Aço Roth Standard 9° 022 Kit ,,Dentista,Ortodontia,Bráquetes
Bráquete de Aço Solda Edgewise Standard 022 ,,Dentista,Ortodontia,Bráquetes
Bráquete de Aço Vector Andrews 018 ,,Dentista,Ortodontia,Bráquetes
Bráquete de Aço Vector Andrews 022 Kit ,,Dentista,Ortodontia,Bráquetes
Bráquete de Aço Vector Andrews/Padrão I e II 018 ,,Dentista,Ortodontia,Bráquetes
Bráquete de Aço Vector MBT 018 MOD ,,Dentista,Ortodontia,Bráquetes
Bráquete de Aço Vector MBT/Ricketts 022 ,,Dentista,Ortodontia,Bráquetes
Bráquete de Aço Vector Padrão I 018 ,,Dentista,Ortodontia,Bráquetes
Bráquete de Aço Vector Padrão II 022 ,,Dentista,Ortodontia,Bráquetes
Bráquete de Aço Vector Padrão III 018 ,,Dentista,Ortodontia,Bráquetes
Bráquete de Aço Vector Padrão III 022 ,,Dentista,Ortodontia,Bráquetes
Bráquete de Aço Vector Ricketts 018 ,,Dentista,Ortodontia,Bráquetes
Bráquete de Aço Vector Roth 018 Vertical ,,Dentista,Ortodontia,Bráquetes
Bráquete de Aço Vector Roth 018 Vertical Kit ,,Dentista,Ortodontia,Bráquetes
Bráquete de Aço Vector Roth/Andrews/Padrão/MBT 018 ,,Dentista,Ortodontia,Bráquetes
Bráquete de Aço Vector Roth/Andrews/Padrão/MBT 022 ,,Dentista,Ortodontia,Bráquetes
Bráquete de Aço Vector Roth/Padrão I e II 018 ,,Dentista,Ortodontia,Bráquetes
Bráquete de Aço Vector Roth/Padrão I e II 018 ,,Dentista,Ortodontia,Bráquetes
Bráquete de Aço Vector Roth/Padrão I e II 018 ,,Dentista,Ortodontia,Bráquetes
Bráquete de Aço Vector+ Jorge Rodrigues Bidimensional 018 e 022 Kit ,,Dentista,Ortodontia,Bráquetes
Bráquete de Aço Vector+ Jorge Rodrigues Bidimensional 018 e 022 Kit ,,Dentista,Ortodontia,Bráquetes
Bráquete de Aço Vector+ Jorge Rodrigues Bidimensional 018 e 022 Kit ,,Dentista,Ortodontia,Bráquetes
Bráquete de Aço Vector+ MBT 022 Kit ,,Dentista,Ortodontia,Bráquetes
Bráquete de Aço Vector+ MBT MOD 022 ,,Dentista,Ortodontia,Bráquetes
Bráquete Metálico Capelozza I 022 ,,Dentista,Ortodontia,Bráquetes
Bráquete Metálico Capelozza I II Protrusiva Plus 022 ,,Dentista,Ortodontia,Bráquetes
Bráquete Metálico Capelozza II Protrusiva Minus 022 ,,Dentista,Ortodontia,Bráquetes
Bráquete Metálico Capelozza II Protrusiva Plus 022 ,,Dentista,Ortodontia,Bráquetes
Bráquete Metálico Capelozza III 022 Dentes 31/32/41/42 ,,Dentista,Ortodontia,Bráquetes
Bráquete Metálico Capelozza III Protrusiva Minus 022 ,,Dentista,Ortodontia,Bráquetes
Bráquete Metálico Capelozza III Protrusiva Plus 022 ,,Dentista,Ortodontia,Bráquetes
Bráquete Metálico Capelozza Protrusiva Minus 022 Dente 31/32/41/42 ,,Dentista,Ortodontia,Bráquetes
"Bráquete Metálico Edgewise Advanced Series 0,022 ",,Dentista,Ortodontia,Bráquetes
Kit Bráquete Cerâmico Autoligado 3M™ Clarity™ Ultra MBT 022 ,,Dentista,Ortodontia,Bráquetes
Kit Bráquete Cerâmico Autoligado Ceramic SLI Roth .022” ,,Dentista,Ortodontia,Bráquetes
Kit Bráquete Cerâmico Autoligado Iceram SLB MBT 022 ,,Dentista,Ortodontia,Bráquetes
Kit Bráquete Cerâmico Ceramic Roth .022” ,,Dentista,Ortodontia,Bráquetes
Kit Bráquete Cerâmico Iceram Edgewise 022 ,,Dentista,Ortodontia,Bráquetes
Kit Bráquete Cerâmico Iceram MBT 022 ,,Dentista,Ortodontia,Bráquetes
Kit Bráquete Cerâmico Iceram Roth 018 ,,Dentista,Ortodontia,Bráquetes
Kit Bráquete Cerâmico Iceram Safira MBT 022 ,,Dentista,Ortodontia,Bráquetes
Kit Bráquete Cerâmico Iceram Safira Roth 022 ,,Dentista,Ortodontia,Bráquetes
Kit Bráquete Cerâmico PolySafira Roth 022” ,,Dentista,Ortodontia,Bráquetes
Kit Bráquete Cerâmico Safira Mini MBT 022 ,,Dentista,Ortodontia,Bráquetes
Kit Bráquete Cerâmico Translux MBT 022” x .028” ,,Dentista,Ortodontia,Bráquetes
Kit Bráquete de Aço Advanced Roth Bidimensional 018 e 022 ,,Dentista,Ortodontia,Bráquetes
Kit Bráquete de Aço Advanced Roth Bidimensional 018 e 022 ,,Dentista,Ortodontia,Bráquetes
Kit Bráquete de Aço Advanced Series MBT 022 ,,Dentista,Ortodontia,Bráquetes
Kit Bráquete de Aço Advanced Series Roth 022 ,,Dentista,Ortodontia,Bráquetes
Kit Bráquete de Aço Advanced Series Roth 022 ,,Dentista,Ortodontia,Bráquetes
Kit Bráquete de Aço Advanced Series Roth 022 ,,Dentista,Ortodontia,Bráquetes
Kit Bráquete de Aço Advanced Series Roth 022 ,,Dentista,Ortodontia,Bráquetes
Kit Bráquete de Aço Autoligado EasyClip+ Jorge Rodrigues 022 ,,Dentista,Ortodontia,Bráquetes
Kit Bráquete de Aço Autoligado SLI Roth 022 ,,Dentista,Ortodontia,Bráquetes
Kit Bráquete de Aço Autoligado Tellus EX High Torque 022 ,,Dentista,Ortodontia,Bráquetes
Kit Bráquete de Aço Autoligado Tellus EX MBT 022 ,,Dentista,Ortodontia,Bráquetes
Kit Bráquete de Aço Autoligado Tellus EX Roth 022 ,,Dentista,Ortodontia,Bráquetes
Kit Bráquete de Aço Autoligado Tellus EX Standart 022 ,,Dentista,Ortodontia,Bráquetes
Kit Bráquete de Aço Autoligado U,,Dentista,Ortodontia,Bráquetes
Kit Bráquete de Aço Biomax MBT 022 ,,Dentista,Ortodontia,Bráquetes
Kit Bráquete de Aço Roth Light 022 ,,Dentista,Ortodontia,Bráquetes
Kit Bráquete de Aço Roth Max 022 9º Ângulo Canino ,,Dentista,Ortodontia,Bráquetes
Kit Bráquete de Aço Roth Max 13° 022 ,,Dentista,Ortodontia,Bráquetes
Kit Bráquete Metálico Advanced Roth 022 50 Casos + 200 Tubos ,,Dentista,Ortodontia,Bráquetes
Kit de Bráquete Cerâmico Ceramic Edgewise .022” ,,Dentista,Ortodontia,Bráquetes
Kit Promocional Bráquete Metálico Advanced MBT 022 1 Caso + Arcos + Tubos ,,Dentista,Ortodontia,Bráquetes
Kit Promocional Bráquete Metálico Advanced MBT 022 10 Casos + Arcos + Elásticos ,,Dentista,Ortodontia,Bráquetes
Kit Promocional Bráquete Metálico Advanced Roth 022 1 Caso + Arcos + Tubos ,,Dentista,Ortodontia,Bráquetes
Kit Promocional Bráquete Metálico Advanced Roth 022 10 Casos + Arcos + Elásticos ,,Dentista,Ortodontia,Bráquetes
Kit Promocional Bráquete Metálico Advanced Roth 022 100 casos + 1 Adesivo Ortholink + Arco Flexy NiTi Superelástico Redondos + Retangulares ,,Dentista,Ortodontia,Bráquetes
Kit Promocional Bráquete Metálico Advanced Roth 022 100 casos + 1 Kit Bráquete de Aço Autoligado U,,Dentista,Ortodontia,Bráquetes
Kit Promocional Bráquete Metálico Advanced Roth 022 100 Casos + 120 Tubos ,,Dentista,Ortodontia,Bráquetes
Kit Promocional Leve 5 Pague 4 Bráquete Cerâmico Iceram,,Dentista,Ortodontia,Bráquetes
"Kit Promocional Leve 5 Pague 4 Bráquete Cerâmico New Ice Clear Roth 0,022 5x5 ",,Dentista,Ortodontia,Bráquetes
"Kit Promocional Leve 5 Pague 4 Bráquete Cerâmico New Iceram Roth 0,022 5x5 ",,Dentista,Ortodontia,Bráquetes
Kit Promocional Leve 5 Pague 4 Bráquete Metálico Autoligado U,,Dentista,Ortodontia,Bráquetes
Kit Promocional Leve 6 Pague 5 Bráquete de Aço Autoligado SLP Roth 022 ,,Dentista,Ortodontia,Bráquetes
Kit Promocional Leve 6 Pague 5 Bráquete Metálico Autoligado U,,Dentista,Ortodontia,Bráquetes
Reposição Bráquete Cerâmico Iceram Roth 022 ,,Dentista,Ortodontia,Bráquetes
Reposição Bráquete Cerâmico New Ice Clear Roth 022 ,,Dentista,Ortodontia,Bráquetes
Reposição Bráquete de Aço Premium Elite Mini MBT 022 ,,Dentista,Ortodontia,Bráquetes
Reposição Bráquete de Aço Premium Elite Mini Roth 022 ,,Dentista,Ortodontia,Bráquetes
Broca Acesso Seio Instruments ,,Dentista,Implantodontia,Instrumentais para Implantodontia
Broca Batt Cônica CA de Baixa Rotação Maillefer ,,Dentista,Cirurgia e Periodontia,Brocas e Pontas Cirúrgicas
Broca Carbide CA ,,Dentista,Cirurgia e Periodontia,Brocas e Pontas Cirúrgicas
Broca Carbide Cilíndrica Arredondada Corte Cruzado PM N°1558 ,,Dentista,Cirurgia e Periodontia,Brocas e Pontas Cirúrgicas
Broca Carbide Cilíndrica Corte Cruzado FG 19mm ,,Dentista,Cirurgia e Periodontia,Brocas e Pontas Cirúrgicas
Broca Carbide Cilíndrica Corte Cruzado PM ,,Dentista,Cirurgia e Periodontia,Brocas e Pontas Cirúrgicas
Broca Carbide Cilindrica Corte Liso Ca N° 58 22mm ,,Dentista,Cirurgia e Periodontia,Brocas e Pontas Cirúrgicas
Broca Carbide Cilíndrica Corte Liso CA Nº 56 22mm ,,Dentista,Cirurgia e Periodontia,Brocas e Pontas Cirúrgicas
Broca Carbide Cilíndrica Lisa Ponta Plana FG ,,Dentista,Cirurgia e Periodontia,Brocas e Pontas Cirúrgicas
Broca Carbide Cirúrgica Cônica FG Nº 267 19mm ,,Dentista,Cirurgia e Periodontia,Brocas e Pontas Cirúrgicas
Broca Carbide Cirúrgica Zekrya FG Invicta,,Dentista,Cirurgia e Periodontia,Brocas e Pontas Cirúrgicas
Broca Carbide Cirúrgica Zekrya Longa FG Invicta ,,Dentista,Cirurgia e Periodontia,Brocas e Pontas Cirúrgicas
Broca Carbide Cirúrgica Zekrya Mastercut FG,,Dentista,Cirurgia e Periodontia,Brocas e Pontas Cirúrgicas
Broca Carbide Con Inv Fg ,,Dentista,Cirurgia e Periodontia,Brocas e Pontas Cirúrgicas
Broca Carbide Cônica Arredondado 18 Lâminas FG n°218 19mm ,,Dentista,Cirurgia e Periodontia,Brocas e Pontas Cirúrgicas
Broca Carbide Cônica Cabeça Longa FG 19mm ,,Dentista,Cirurgia e Periodontia,Brocas e Pontas Cirúrgicas
Broca Carbide Cônica de Corte Cruzado CA 22mm ,,Dentista,Cirurgia e Periodontia,Brocas e Pontas Cirúrgicas
Broca Carbide Cônica de Corte Cruzado e Cabeça Longa FG 19mm ,,Dentista,Cirurgia e Periodontia,Brocas e Pontas Cirúrgicas
Broca Carbide Cônica de Corte Cruzado FG 19mm ,,Dentista,Cirurgia e Periodontia,Brocas e Pontas Cirúrgicas
Broca Carbide Cônica de Corte Cruzado FG 25mm ,,Dentista,Cirurgia e Periodontia,Brocas e Pontas Cirúrgicas
Broca Carbide Cônica Endo Z FG n°152 23mm ,,Dentista,Cirurgia e Periodontia,Brocas e Pontas Cirúrgicas
Broca Carbide Cônica FG ,,Dentista,Cirurgia e Periodontia,Brocas e Pontas Cirúrgicas
Broca Carbide Cônica FG 19mm ,,Dentista,Cirurgia e Periodontia,Brocas e Pontas Cirúrgicas
Broca Carbide Cônica Invertida CA Dental ,,Dentista,Cirurgia e Periodontia,Brocas e Pontas Cirúrgicas
Broca Carbide Cônica Invertida N° 35 19mm FG ,,Dentista,Cirurgia e Periodontia,Brocas e Pontas Cirúrgicas
Broca Carbide Cônica Multilaminada 18 Lâminas FG 19mm ,,Dentista,Cirurgia e Periodontia,Brocas e Pontas Cirúrgicas
Broca Carbide Cônica PM Picotada de Baixa Rotação,,Dentista,Cirurgia e Periodontia,Brocas e Pontas Cirúrgicas
Broca Carbide Esférica AR 22mm – Jet,,Dentista,Cirurgia e Periodontia,Brocas e Pontas Cirúrgicas
Broca Carbide Esférica CA 22mm ,,Dentista,Cirurgia e Periodontia,Brocas e Pontas Cirúrgicas
Broca Carbide Esférica CA 26mm ,,Dentista,Cirurgia e Periodontia,Brocas e Pontas Cirúrgicas
Broca Carbide Esférica CA N°6 22mm ,,Dentista,Cirurgia e Periodontia,Brocas e Pontas Cirúrgicas
Broca Carbide Esférica Corte Rápido C1S CA ,,Dentista,Cirurgia e Periodontia,Brocas e Pontas Cirúrgicas
Broca Carbide Esférica Corte Rápido C1S Longa CA ,,Dentista,Cirurgia e Periodontia,Brocas e Pontas Cirúrgicas
Broca Carbide Esférica FG 19mm ,,Dentista,Cirurgia e Periodontia,Brocas e Pontas Cirúrgicas
Broca Carbide Esférica FG 25mm ,,Dentista,Cirurgia e Periodontia,Brocas e Pontas Cirúrgicas
"Broca Carbide Esférica PM 44,5mm ",,Dentista,Cirurgia e Periodontia,Brocas e Pontas Cirúrgicas
Broca Carbide FG 12 Lâminas ,,Dentista,Cirurgia e Periodontia,Brocas e Pontas Cirúrgicas
Broca Carbide Largo Peeso CA 28mm ,,Dentista,Cirurgia e Periodontia,Brocas e Pontas Cirúrgicas
Broca Carbide Operatória Cabeça Longa Pêra FG 19mm ,,Dentista,Cirurgia e Periodontia,Brocas e Pontas Cirúrgicas
Broca Carbide Operatória Cilíndrica de Corte Cruzado FG 19mm ,,Dentista,Cirurgia e Periodontia,Brocas e Pontas Cirúrgicas
Broca Carbide Operatória Cilíndrica de Corte Liso FG 19mm ,,Dentista,Cirurgia e Periodontia,Brocas e Pontas Cirúrgicas
Broca Carbide Operatória Cilíndrica de Ponta Arredondada e Corte Cruzado FG 19mm ,,Dentista,Cirurgia e Periodontia,Brocas e Pontas Cirúrgicas
Broca Carbide Operatória Cilíndrica de Ponta Arredondada FG 19mm ,,Dentista,Cirurgia e Periodontia,Brocas e Pontas Cirúrgicas
Broca Carbide Operatória Pêra CA N° 330 22mm ,,Dentista,Cirurgia e Periodontia,Brocas e Pontas Cirúrgicas
Broca Carbide Pêra CA ,,Dentista,Cirurgia e Periodontia,Brocas e Pontas Cirúrgicas
Broca Carbide Transmetal Cilíndrica de Corte Cruzado FG 19mm ,,Dentista,Cirurgia e Periodontia,Brocas e Pontas Cirúrgicas
Broca Carbide Tungstênio Maxicut PM 1507 ,,Laboratório,Materiais para Acabamento e Polimento,Brocas e Fresas
Broca Carbide Tungstênio Maxicut PM 1508 ,,Laboratório,Materiais para Acabamento e Polimento,Brocas e Fresas
Broca de Aço Esférica CA Maillefer ,,Dentista,Cirurgia e Periodontia,Brocas e Pontas Cirúrgicas
Broca de Tungstênio Maxicut PM ,,Dentista,Cirurgia e Periodontia,Brocas e Pontas Cirúrgicas
Broca Cirúrgica Cônica Zekrya FG ,,Dentista,Cirurgia e Periodontia,Brocas e Pontas Cirúrgicas
Broca Cirúrgica Cônica Zekrya FG ,,Dentista,Cirurgia e Periodontia,Brocas e Pontas Cirúrgicas
Broca Coletora de Osso Instruments ,,Dentista,Implantodontia,Instrumentais para Implantodontia
Broca Cônica ,,Dentista,Implantodontia,Instrumentais para Implantodontia
"Broca Diamond Lança 2,0mm ",,Dentista,Implantodontia,Instrumentais para Implantodontia
"Broca do Pino de Fixação Guide 1,3mm ",,Dentista,Implantodontia,Instrumentais para Implantodontia
Broca Expansora Pata de Elefante Instruments ,,Dentista,Implantodontia,Instrumentais para Implantodontia
Broca Extractor Retriever Instruments ,,Dentista,Implantodontia,Instrumentais para Implantodontia
Broca Gates AR ,,Dentista,Cirurgia e Periodontia,Brocas e Pontas Cirúrgicas
Broca Gates CA ,,Dentista,Cirurgia e Periodontia,Brocas e Pontas Cirúrgicas
Broca Gates CA ,,Dentista,Cirurgia e Periodontia,Brocas e Pontas Cirúrgicas
Broca Gates CA 28mm ,,Dentista,Cirurgia e Periodontia,Brocas e Pontas Cirúrgicas
Broca Gates CA 28mm ,,Dentista,Cirurgia e Periodontia,Brocas e Pontas Cirúrgicas
Broca Gates CA 32mm ,,Dentista,Cirurgia e Periodontia,Brocas e Pontas Cirúrgicas
Broca Lança ,,Dentista,Implantodontia,Instrumentais para Implantodontia
"Broca Lança Guide 2,0mm ",,Dentista,Implantodontia,Instrumentais para Implantodontia
Broca Largo CA ,,Dentista,Cirurgia e Periodontia,Brocas e Pontas Cirúrgicas
Broca Largo CA 32mm ,,Dentista,Cirurgia e Periodontia,Brocas e Pontas Cirúrgicas
Broca Largo Peeso CA ,,Dentista,Cirurgia e Periodontia,Brocas e Pontas Cirúrgicas
Broca Largo Peeso CA ,,Dentista,Cirurgia e Periodontia,Brocas e Pontas Cirúrgicas
Broca Largo Peeso CA ,,Dentista,Cirurgia e Periodontia,Brocas e Pontas Cirúrgicas
Broca Largo Peeso CA ,,Dentista,Cirurgia e Periodontia,Brocas e Pontas Cirúrgicas
Broca Largo Peeso CA ,,Dentista,Cirurgia e Periodontia,Brocas e Pontas Cirúrgicas
Broca Largo Peeso CA Maillefer ,,Dentista,Cirurgia e Periodontia,Brocas e Pontas Cirúrgicas
Broca Lentulo 21mm Nº 25,,Dentista,Cirurgia e Periodontia,Brocas e Pontas Cirúrgicas
Broca Lentulo CA ,,Dentista,Cirurgia e Periodontia,Brocas e Pontas Cirúrgicas
Broca Lentulo CA ,,Dentista,Cirurgia e Periodontia,Brocas e Pontas Cirúrgicas
Broca Lentulo CA Maillefer ,,Dentista,Cirurgia e Periodontia,Brocas e Pontas Cirúrgicas
Broca Lentulo Sensipast ,,Dentista,Cirurgia e Periodontia,Brocas e Pontas Cirúrgicas
Broca LN CA Maillefer ,,Dentista,Cirurgia e Periodontia,Brocas e Pontas Cirúrgicas
Broca Carbide Multilaminada 12 Lâminas Agulha 19mm FG – AllPrime,,Dentista,Cirurgia e Periodontia,Brocas e Pontas Cirúrgicas
Broca Carbide Multilaminada 12 Lâminas FG ,,Dentista,Cirurgia e Periodontia,Brocas e Pontas Cirúrgicas
Broca Carbide Multilaminada 30 Lâminas FG ,,Dentista,Cirurgia e Periodontia,Brocas e Pontas Cirúrgicas
Broca Carbide Multilaminada 6 Lâminas CA ,,Dentista,Cirurgia e Periodontia,Brocas e Pontas Cirúrgicas
Broca Carbide Multilaminada Esférica 30 Lâminas N° 9006 19mm FG ,,Dentista,Cirurgia e Periodontia,Brocas e Pontas Cirúrgicas
Broca Multilaminada Cilíndrica FG 19mm 12 Lâminas ,,Dentista,Cirurgia e Periodontia,Brocas e Pontas Cirúrgicas
Broca Multilaminada Cônica FG N° 7206 19mm 12 Lâminas ,,Dentista,Cirurgia e Periodontia,Brocas e Pontas Cirúrgicas
Broca Multilaminada Cônica FG n°7204L 19mm 12 Lâminas ,,Dentista,Cirurgia e Periodontia,Brocas e Pontas Cirúrgicas
Broca Multilaminada Esférica FG N° 9004 19mm 30 Lâminas ,,Dentista,Cirurgia e Periodontia,Brocas e Pontas Cirúrgicas
Broca Multilaminada Oval FG n° 9406 19mm 30 Lâminas ,,Dentista,Cirurgia e Periodontia,Brocas e Pontas Cirúrgicas
Broca Multilaminada Oval FG n°7404 19mm 12 Lâminas ,,Dentista,Cirurgia e Periodontia,Brocas e Pontas Cirúrgicas
Kit Broca Meisinger Aço Mult,,Dentista,Cirurgia e Periodontia,Brocas e Pontas Cirúrgicas
Kit Orthodontic de Brocas Multilaminadas FG ,,Dentista,Cirurgia e Periodontia,Brocas e Pontas Cirúrgicas
Broca para Perfuração de Pinos Giroform ,,Laboratório,Materiais para Acabamento e Polimento,Brocas e Fresas
Broca Peeso CA ,,Dentista,Cirurgia e Periodontia,Brocas e Pontas Cirúrgicas
Broca Peeso CA ,,Dentista,Cirurgia e Periodontia,Brocas e Pontas Cirúrgicas
Broca Piloto 2.3 ,,Dentista,Implantodontia,Instrumentais para Implantodontia
Broca Transmetal Viper Black FG ,,Laboratório,Materiais para Acabamento e Polimento,Brocas e Fresas
Kit Broca Transmetal Samurai FG ,,Laboratório,Materiais para Acabamento e Polimento,Brocas e Fresas
Broca de Tungstênio Maxicut PM ,,Laboratório,Materiais para Acabamento e Polimento,Brocas e Fresas
Broca de Tungstênio Maxicut PM ,,Laboratório,Materiais para Acabamento e Polimento,Brocas e Fresas
Broca de Tungstênio Maxicut PM 7110.080HP Esférica ,,Laboratório,Materiais para Acabamento e Polimento,Brocas e Fresas
Broca de Tungstênio Maxicut PM Bala ,,Laboratório,Materiais para Acabamento e Polimento,Brocas e Fresas
Broca de Tungstênio Maxicut PM Esférica 1505 ,,Laboratório,Materiais para Acabamento e Polimento,Brocas e Fresas
Broca de Tungstênio Minicut PM ,,Laboratório,Materiais para Acabamento e Polimento,Brocas e Fresas
Broca de Tungstênio Minicut PM ,,Laboratório,Materiais para Acabamento e Polimento,Brocas e Fresas
Broca de Tungstênio Minicut PM Nº 1511 ,,Laboratório,Materiais para Acabamento e Polimento,Brocas e Fresas
Broca de Tungstênio PM ,,Laboratório,Materiais para Acabamento e Polimento,Brocas e Fresas
Broca de Tungstênio PM 251G 060 ,,Laboratório,Materiais para Acabamento e Polimento,Brocas e Fresas
Broca Ninja de Tungstênio Corte Grosso PM ,,Laboratório,Materiais para Acabamento e Polimento,Brocas e Fresas
Broca Tungstênio Mastercut PM ,,Laboratório,Materiais para Acabamento e Polimento,Brocas e Fresas
Broca Tungstênio Minicut PM ,,Laboratório,Materiais para Acabamento e Polimento,Brocas e Fresas
Broca Carbide Endo Z,,Dentista,Endodontia,Brocas Endo
Broca Carbide Transmetal Cilíndrica de Ponta Arredondada Transmetal Corte Híbrido FG n° DX 19mm ,,Dentista,Endodontia,Brocas Endo
Broca Endo Z AR Baixa Rotação Maillefer ,,Dentista,Endodontia,Brocas Endo
Broca Endo Z FG ,,Dentista,Endodontia,Brocas Endo
Broca Endo Z FG ,,Dentista,Endodontia,Brocas Endo
Broca Endo Z FG ,,Dentista,Endodontia,Brocas Endo
Broca Endo Z FG ,,Dentista,Endodontia,Brocas Endo
Broca Endo Z FG Alta Rotação Maillefer ,,Dentista,Endodontia,Brocas Endo
Broca Endo Z FG Invicta ,,Dentista,Endodontia,Brocas Endo
Broca Endo Z FG Nº 152 23mm ,,Dentista,Endodontia,Brocas Endo
Broca Endo Z Mastercut ,,Dentista,Endodontia,Brocas Endo
Broca Endo Z Razor 23mm FG NºZ152 ,,Dentista,Endodontia,Brocas Endo
Broqueiro Acrílico 102 Furos AR/FG/PM ,,Laboratório,Materiais para Acabamento e Polimento,Brocas e Fresas
Broqueiro Acrílico 228 Furos Com Tampa,,Dentista,Descartáveis,Embalagens e Armazenamento
Broqueiro Acrílico 35 Furos CA,,Dentista,Descartáveis,Embalagens e Armazenamento
Broqueiro Alumínio 15 Furos CA ,,Dentista,Descartáveis,Embalagens e Armazenamento
Broqueiro Alumínio 15 Furos CA Azul Milleniun,,Dentista,Descartáveis,Embalagens e Armazenamento
Broqueiro Autoclavável com 15 Furos,,Dentista,Descartáveis,Embalagens e Armazenamento
Broqueiro Autoclavável com 9 Furos ,,Dentista,Descartáveis,Embalagens e Armazenamento
Broqueiro Clínico 75 Furos FG e CA ,,Dentista,Descartáveis,Embalagens e Armazenamento
Broqueiro Laboratorial 55 furos PM ,,Laboratório,Materiais para Acabamento e Polimento,Brocas e Fresas
Bruma Hidratante Beaute Prebiótica Clear Skin 60ml ,Rennova Beauté,Dentista,Harmonização Orofacial,Dermocosméticos
Cabo AIRFLOW® ,,Dentista,Equipamentos e Peças de Mão,Sistemas Ultrassônicos e Sônicos
Cabo de interface ,,Laboratório,Solução Digital,Sistemas CAD/CAM
Cabo Para Bisturi ,,Dentista,Cirurgia e Periodontia,Instrumentais Periodontais
Cabo Para Bisturi ,,Dentista,Cirurgia e Periodontia,Instrumentais Periodontais
Cabo para Bisturi N° 04 ,,Dentista,Cirurgia e Periodontia,Instrumentais Periodontais
Cabo Para Bisturi Azul ,,Dentista,Cirurgia e Periodontia,Instrumentais Periodontais
Cabo para Espelho Bucal em Alumínio ,,Dentista,Endodontia,Instrumentais Endodônticos
Cabo para Espelho Bucal em Alumínio Colorido ,,Dentista,Endodontia,Instrumentais Endodônticos
Cabo para Espelho Bucal em Alumínio Colors ,,Dentista,Endodontia,Instrumentais Endodônticos
Cabo Para Espelho Bucal N° 25 Duflex ,,Dentista,Endodontia,Instrumentais Endodônticos
Cabo para Pincel Lay Art Evo ,,Laboratório,Instrumentos e Ferramentas,Pincéis
Cabo para Suporte do Arco de Lixa Mir ,,Dentista,Dentística e Estética,Acabamento e Polimento
Cabo Piezon ,,Dentista,Equipamentos e Peças de Mão,Sistemas Ultrassônicos e Sônicos
Consultório Croma Air Ouro com Refletor 3 LEDS VN ,,Dentista,Consultorio Odontológico,Equipamentos Odontológicos Principais
Consultório F Slim G1 3 Leds Noruega Gris ,,Dentista,Consultorio Odontológico,Equipamentos Odontológicos Principais
Consultório Odontológico Croma 2 Azul Marinho ,,Dentista,Consultorio Odontológico,Equipamentos Odontológicos Principais
Consultório Odontológico Croma 2 Ouro ,,Dentista,Consultorio Odontológico,Equipamentos Odontológicos Principais
Consultório Odontológico G1 Fit SF Persus PVC Inglaterra Ouro ,,Dentista,Consultorio Odontológico,Equipamentos Odontológicos Principais
Consultório Odontológico G1 Fit SF Persus PVC Itália Azul Marinho ,,Dentista,Consultorio Odontológico,Equipamentos Odontológicos Principais
Consultório Odontológico G2 F 3 Leds PVC Inglaterra Ouro ,,Dentista,Consultorio Odontológico,Equipamentos Odontológicos Principais
Consultório Odontológico G2 F 3 Leds PVC Itália Azul Marinho ,,Dentista,Consultorio Odontológico,Equipamentos Odontológicos Principais
Consultório Odontológico G4 F 5 Leds Couro Paris Carrara ,,Dentista,Consultorio Odontológico,Equipamentos Odontológicos Principais
Consultório Odontológico Portátil Pluss Verde Militar ,,Dentista,Consultorio Odontológico,Equipamentos Odontológicos Principais
Consultório Odontológico Portátil Verde Militar ,,Dentista,Consultorio Odontológico,Equipamentos Odontológicos Principais
Cadinho Cerâmico ,,Laboratório,Equipamentos para Laboratório,Fornos e Equipamentos para Cerâmica
Cadinho Cromo ,,Laboratório,Equipamentos para Laboratório,Equipamentos para Fundição
Cadinho de Quartzo Aberto sem Encaixe ,,Laboratório,Equipamentos para Laboratório,Equipamentos para Fundição
Cadinho Fechado de Quartzo ,,Laboratório,Equipamentos para Laboratório,Equipamentos para Fundição
Cadinho Fechado de Quartzo ,,Laboratório,Equipamentos para Laboratório,Equipamentos para Fundição
Cadinho Ouro ,,Laboratório,Equipamentos para Laboratório,Equipamentos para Fundição
Cadinho Ouro ,,Laboratório,Equipamentos para Laboratório,Equipamentos para Fundição
Cadinho para Indução ,,Laboratório,Equipamentos para Laboratório,Equipamentos para Fundição
Caixa de Transferência ,,Laboratório,Solução Digital,Sistemas CAD/CAM
Caixa Para Aparelho ,,Dentista,Ortodontia,Acessórios Ortodônticos
Caixa Para Aparelho de Bolso ,,Dentista,Ortodontia,Acessórios Ortodônticos
Caixa Para Aparelho Ortodôntico ,,Dentista,Ortodontia,Acessórios Ortodônticos
Caixa Para Aparelho Ortodôntico ,,Dentista,Ortodontia,Acessórios Ortodônticos
Caixa Para Aparelho Ortodôntico ,,Dentista,Ortodontia,Acessórios Ortodônticos
Caixa Para Aparelho Ortodôntico ,,Dentista,Ortodontia,Acessórios Ortodônticos
Caixa Para Aparelho Ortodôntico ,,Dentista,Ortodontia,Acessórios Ortodônticos
Caixa Para Aparelho Ortodôntico ,,Dentista,Ortodontia,Acessórios Ortodônticos
Caixa para Aparelho Ortodôntico Color com Aroma L ,,Dentista,Ortodontia,Acessórios Ortodônticos
Caixa para Aparelho Ortodôntico Color com Aroma XL ,,Dentista,Ortodontia,Acessórios Ortodônticos
Caixa Para Aparelho Ortodôntico com Glitter ,,Dentista,Ortodontia,Acessórios Ortodônticos
Caixa para Aparelho Ortodôntico Com Glitter ,,Dentista,Ortodontia,Acessórios Ortodônticos
Caixa Para Aparelho Ortodôntico Com Tampa Removível ,,Dentista,Ortodontia,Acessórios Ortodônticos
Caixa para Aparelho Ortodôntico de Bolso ,,Dentista,Ortodontia,Acessórios Ortodônticos
Caixa para Aparelho Ortodôntico Tiffany/ Preto/Transparente ,,Dentista,Ortodontia,Acessórios Ortodônticos
Caixa para Aparelho Removível ,,Dentista,Ortodontia,Acessórios Ortodônticos
Caixa Para Bandas Ortodônticas ,,Dentista,Ortodontia,Acessórios Ortodônticos
Caixa Para Bráquetes Ortodônticos ,,Dentista,Ortodontia,Acessórios Ortodônticos
Caixa Para Elásticos Intraoral e Extraoral ,,Dentista,Ortodontia,Acessórios Ortodônticos
Caixa Para Elásticos Ortodônticos ,,Dentista,Ortodontia,Acessórios Ortodônticos
Caixa Para Suporte 13mm ,,Laboratório,Equipamentos para Laboratório,Fornos e Equipamentos para Cerâmica
CAIXA SUPORTE PONTA PIEZOMED ,,Dentista,Equipamentos e Peças de Mão,Sistemas Ultrassônicos e Sônicos
Calcador de Banda ,,Dentista,Ortodontia,Instrumentos Ortodônticos
Calcador de Banda ,,Dentista,Ortodontia,Instrumentos Ortodônticos
Calcador de Banda I 300 ,,Dentista,Ortodontia,Instrumentos Ortodônticos
Calcador de Banda I 300 Colors Roxo ,,Dentista,Ortodontia,Instrumentos Ortodônticos
Calcador de Banda Millennium Orto ,,Dentista,Ortodontia,Instrumentos Ortodônticos
Calcador Duplo N° 3095 Millennium ,,Dentista,Ortodontia,Instrumentos Ortodônticos
Calcador Elegance ,,Dentista,Ortodontia,Instrumentos Ortodônticos
Calcador Ortodôntico De Banda ,,Dentista,Ortodontia,Instrumentos Ortodônticos
Calcador Ortodôntico Rabo De Peixe ,,Dentista,Ortodontia,Instrumentos Ortodônticos
Calcador Paiva Colors ,,Dentista,Endodontia,Instrumentais Endodônticos
Calcador Rabo de Peixe ,,Dentista,Ortodontia,Instrumentos Ortodônticos
Kit Calcador de Paiva ,,Dentista,Endodontia,Instrumentais Endodônticos
Calibrador de Espaço Interproximal ,,Dentista,Ortodontia,Acessórios Ortodônticos
Calibrador de Espaço Interproximal ,,Dentista,Ortodontia,Acessórios Ortodônticos
Calibrador de Espaço Interproximal Mir ,,Dentista,Ortodontia,Acessórios Ortodônticos
Câmara para Desgaste com Exaustor e Iluminação ,,Laboratório,Equipamentos para Laboratório,Equipamentos para Polimento e Acabamento
Câmara para Desgaste e Jateamento ,,Laboratório,Equipamentos Laboratório,Equipamentos para Polimento e Acabamento
Câmara de Desgaste e Jateamento ,,Laboratório,Equipamentos Laboratório,Equipamentos para Polimento e Acabamento
Câmara de Pó AIRFLOW® Classic ,,Dentista,Equipamentos e Peças de Mão,Sistemas Ultrassônicos e Sônicos
Câmara de Pó AIRFLOW® Plus ,,Dentista,Equipamentos e Peças de Mão,Sistemas Ultrassônicos e Sônicos
Câmera Intraoral e Corporal Timex 2H ,,Dentista,Equipamentos e Peças de Mão,Equipamentos para Diagnóstico
Camurça para Amálgama ,,Dentista,Dentística e Estética,Acessórios para Dentística
Alur Derma Pen ADP,,Dentista,Harmonização Orofacial,Equipamentos para HOF
Caneta Elétrica de Microagulhamento Derma Pen ,,Dentista,Harmonização Orofacial,Equipamentos para HOF
Caneta Elétrica de Microagulhamento Smart Derma Pen ,,Dentista,Harmonização Orofacial,Equipamentos para HOF
Caneta 658Nm 180Mw ,,Dentista,Harmonização Orofacial,Equipamentos para HOF
Caneta 830Nm 100Mw ,,Dentista,Harmonização Orofacial,Equipamentos para HOF
Caneta 830Nm 200Mw ,,Dentista,Harmonização Orofacial,Equipamentos para HOF
Caneta 904Nm 25W ,,Dentista,Harmonização Orofacial,Equipamentos para HOF
Caneta 904Nm 75W ,,Dentista,Harmonização Orofacial,Equipamentos para HOF
Caneta 35.000 RPM para Micromotor C,,Dentista,Equipamentos e Peças de Mão,Canetas de Alta Rotação
Caneta para Resfriamento da Pele Skin Cooler ,,Dentista,Harmonização Orofacial,Equipamentos para HOF
Caneta Pressurizada Para Mesoterapia e Intradermoterapia Smart Press ,,Dentista,Harmonização Orofacial,Equipamentos para HOF
Caneta Pressurizada para Mesoterapia e Intradermoterapia Smart Press XS ,,Dentista,Harmonização Orofacial,Equipamentos para HOF
Caneta Ultrassônica Completa SW Surgery/SW Surgey II Led ,,Dentista,Equipamentos e Peças de Mão,Sistemas Ultrassônicos e Sônicos
Cânula de Aspiração ,,Dentista,Descartáveis,Sugadores e Aspiração
Cânula de Aspiração Curva 17cm ,,Dentista,Descartáveis,Sugadores e Aspiração
Cânula de Aspiração Frazier ,,Dentista,Descartáveis,Sugadores e Aspiração
Cânula de Aspiração Frazier ,,Dentista,Descartáveis,Sugadores e Aspiração
Cânula de Aspiração Frazier ,,Dentista,Descartáveis,Sugadores e Aspiração
Cânula de Aspiração Frazier 19cm ,,Dentista,Descartáveis,Sugadores e Aspiração
Cânula Para Lipo de Papada Reutilizável ,,Dentista,Harmonização Orofacial,Instrumentais para HOF
Cápsula Petry de Plástico ,,Laboratório,Instrumentos e Ferramentas,Instrumentos para Prótese Removível
Cápsula Petry de Vidro com 3 Divisões ,,Laboratório,Instrumentos e Ferramentas,Instrumentos para Prótese Removível
Carbono Líquido Super Filme ,,Dentista,Dentística e Estética,Acessórios para Dentística
Carbono Spray Occlean ,,Dentista,Dentística e Estética,Acessórios para Dentística
Carbono Spray Super Carbon ,,Dentista,Dentística e Estética,Acessórios para Dentística
Kit Papel Carbono para Articulação 200 Micras ,,Dentista,Dentística e Estética,Acessórios para Dentística
Papel Carbono ,,Dentista,Dentística e Estética,Acessórios para Dentística
Papel Carbono 12 Tiras Azul ,,Dentista,Dentística e Estética,Acessórios para Dentística
Papel Carbono 200 Micras Refil ,,Dentista,Dentística e Estética,Acessórios para Dentística
Papel Carbono 21Micras Accufilm II ,,Dentista,Dentística e Estética,Acessórios para Dentística
Papel Carbono 40 Micras ,,Dentista,Dentística e Estética,Acessórios para Dentística
Papel Carbono 40Micras Arcada BK81 ,,Dentista,Dentística e Estética,Acessórios para Dentística
Papel Carbono Accu Film ,,Dentista,Dentística e Estética,Acessórios para Dentística
Papel Carbono Accu Film ,,Dentista,Dentística e Estética,Acessórios para Dentística
Papel Carbono Arti Fol Complete ,,Dentista,Dentística e Estética,Acessórios para Dentística
Papel Carbono BK Progress 100 Micras ,,Dentista,Dentística e Estética,Acessórios para Dentística
Papel Carbono Contacto Film ,,Dentista,Dentística e Estética,Acessórios para Dentística
Papel Carbono Contacto Film ,,Dentista,Dentística e Estética,Acessórios para Dentística
Papel Carbono Contacto Film ,,Dentista,Dentística e Estética,Acessórios para Dentística
Papel Carbono Contacto Paper ,,Dentista,Dentística e Estética,Acessórios para Dentística
Papel Carbono Duplo Azul/Vermelho ,,Dentista,Dentística e Estética,Acessórios para Dentística
Papel Carbono Filme 12Micras ,,Dentista,Dentística e Estética,Acessórios para Dentística
Papel Carbono Filme Arti,,Dentista,Dentística e Estética,Acessórios para Dentística
Papel Carbono Filme Hanel 12Micras ,,Dentista,Dentística e Estética,Acessórios para Dentística
Papel Carbono para Articulação Arti,,Dentista,Dentística e Estética,Acessórios para Dentística
Papel Carbono Super Carbon ,,Dentista,Dentística e Estética,Acessórios para Dentística
Papel Carbono Super Carbon Basic ,,Dentista,Dentística e Estética,Acessórios para Dentística
Carbono Spray Occlutec ,Occlutec,Dentista,Dentística e Estética,Acessórios para Dentística
Cariostático Cariestop 12% ,Cariestop,Dentista,Prevenção e Profilaxia,Materiais para Controle de Cárie
Cariostático Cariestop 30% ,Cariestop,Dentista,Prevenção e Profilaxia,Materiais para Controle de Cárie
Cariostático Cariostasul 10% 10ml ,Cariostasul,Dentista,Prevenção e Profilaxia,Materiais para Controle de Cárie
Cariostático Cariostasul 12% 10ml ,Cariostasul,Dentista,Prevenção e Profilaxia,Materiais para Controle de Cárie
Cariostático Cariostasul 30% 5Ml ,Cariostasul,Dentista,Prevenção e Profilaxia,Materiais para Controle de Cárie
Cariostático Cariostatic 12% ,Cariostatic,Dentista,Prevenção e Profilaxia,Materiais para Controle de Cárie
Papacárie Duo Gel ,Papacárie,Dentista,Prevenção e Profilaxia,Materiais para Controle de Cárie
Carregador Valo Cordless ,,Dentista,Equipamentos e Peças de Mão,Fotopolimerizadores
Cartucho Smart K 01 ,,Dentista,Harmonização Orofacial,Equipamentos para HOF
Cartucho Smart K 12 ,,Dentista,Harmonização Orofacial,Equipamentos para HOF
Cartucho Smart K 36 ,,Dentista,Harmonização Orofacial,Equipamentos para HOF
Case Suporte para Coletor de Materiais Perfurocortantes Acrílico Luxo 3L ,,Dentista,Biossegurança,Gerenciamento de Resíduos
Casquete Regulável IHG ,,Dentista,Ortodontia,Acessórios Ortodônticos
Cavitador Cavflex 6000 ,,Dentista,Equipamentos e Peças de Mão,Sistemas Ultrassônicos e Sônicos
Cavitador Cavflex 6000 + Jato de Bicarbonato Jetflex I ,,Dentista,Equipamentos e Peças de Mão,Sistemas Ultrassônicos e Sônicos
Cavitador Sônico Air Scaler ,,Dentista,Equipamentos e Peças de Mão,Sistemas Ultrassônicos e Sônicos
Cavitador Sônico Air Scaler e Jato de Bicarbonato JetStar ,,Dentista,Equipamentos e Peças de Mão,Sistemas Ultrassônicos e Sônicos
Central de Jateamento Basic Eco ,,Laboratório,Equipamentos Laboratório,Equipamentos para Prótese Removível
Central de Jateamento Basic Eco 220V ,,Laboratório,Equipamentos Laboratório,Equipamentos para Prótese Removível
Central de Jateamento Bijato ,,Laboratório,Equipamentos Laboratório,Equipamentos para Prótese Removível
Central de Jateamento Bijato Evolution Bivolt ,,Laboratório,Equipamentos Laboratório,Equipamentos para Prótese Removível
Central de Jateamento Monojato ,,Laboratório,Equipamentos Laboratório,Equipamentos para Prótese Removível
Central de Jateamento Monojato Evolution Bivolt ,,Laboratório,Equipamentos Laboratório,Equipamentos para Prótese Removível
Central de Jateamento Trijato ,,Dentista,Equipamentos e Peças de Mão,Equipamentos para Consultório
Central De Jateamento Trijato Evolution Bivolt ,,Dentista,Equipamentos e Peças de Mão,Equipamentos para Consultório
Centrifuga Elétrica para Fundição SL New ,,Laboratório,Equipamentos para Laboratório,Equipamentos para Fundição
Centrífuga para Cromo/Ouro Gold Line ,,Laboratório,Equipamentos para Laboratório,Equipamentos para Fundição
Centrífuga por Indução Power Cast New ,,Laboratório,Equipamentos para Laboratório,Equipamentos para Fundição
Centrífuga Power Cast 1700 220V ,,Laboratório,Equipamentos para Laboratório,Equipamentos para Fundição
Centrífuga Universal ,,Laboratório,Equipamentos para Laboratório,Equipamentos para Fundição
Cera em Bloco Macro Marrom ,,Dentista,Ortodontia,Acessórios Ortodônticos
Cera Ortodôntica ,,Dentista,Ortodontia,Acessórios Ortodônticos
Cera Ortodôntica ,,Dentista,Ortodontia,Acessórios Ortodônticos
Cera Ortodôntica ,,Dentista,Ortodontia,Acessórios Ortodônticos
Cera Ortodôntica Protetora ,,Dentista,Ortodontia,Acessórios Ortodônticos
Cera Ortodôntica Protetora ,,Dentista,Ortodontia,Acessórios Ortodônticos
Opaco em Pó EX,,Laboratório,Cerâmicas,Acessórios para Cerâmica
Opaco Intensivo Vision Classic ,,Laboratório,Cerâmicas,Acessórios para Cerâmica
Opaco Ips Inline Gengiva Opaquer Pink 3G ,,Laboratório,Cerâmicas,Acessórios para Cerâmica
Opaco Ips Inline Pom Intensive Opaquer Brown 3G ,,Laboratório,Cerâmicas,Acessórios para Cerâmica
Opaco IPS InLine PoM Intensive Opaquer White ,,Laboratório,Cerâmicas,Acessórios para Cerâmica
Opaco IPS Style Intensive Powder Opaquer 870 ,,Laboratório,Cerâmicas,Acessórios para Cerâmica
Opaco IPS Style Powder Opaquer 870 ,,Laboratório,Cerâmicas,Acessórios para Cerâmica
Opaco Pasta EX 3 Noritake ,,Laboratório,Cerâmicas,Acessórios para Cerâmica
Opaco Vision Classic ,,Laboratório,Cerâmicas,Acessórios para Cerâmica
Opaco Vision Classic Básico BC ,,Laboratório,Cerâmicas,Acessórios para Cerâmica
Opaco Vision Classic Básico BD ,,Laboratório,Cerâmicas,Acessórios para Cerâmica
Opaco VM13 ,,Laboratório,Cerâmicas,Acessórios para Cerâmica
Forming Liquid EX,,Laboratório,Cerâmicas,Acessórios para Cerâmica
Forming Liquid EX,,Laboratório,Cerâmicas,Acessórios para Cerâmica
Ceramil Argovent 2.0 ,,Laboratório,Solução Digital,Sistemas CAD/CAM
Ceramill Coolstream Trolley ,,Laboratório,Solução Digital,Sistemas CAD/CAM
Ceramill Fixator ,,Laboratório,Solução Digital,Sistemas CAD/CAM
Chave Adaptação Protética ,,Dentista,Implantodontia,Instrumentais para Implantodontia
Chave de Boca Quadrada 4.0mm ,,Dentista,Implantodontia,Instrumentais para Implantodontia
Chave de Calibração ,,Laboratório,Instrumentos e Ferramentas,Articuladores e Acessórios
Chave de Fenda Contra Ângulo Média 0.4mm ,,Dentista,Implantodontia,Instrumentais para Implantodontia
"Chave de Instalação CM 2,0mm ",,Dentista,Implantodontia,Instrumentais para Implantodontia
"Chave de Instalação HE 2,1mm ",,Dentista,Implantodontia,Instrumentais para Implantodontia
Chave de Instalação Estreita Guide Longa ,,Dentista,Implantodontia,Instrumentais para Implantodontia
Chave de Instalação Mini Pilar 2.0mm ,,Dentista,Implantodontia,Instrumentais para Implantodontia
Chave de Instalação Quadrada O'ring 2.0mm ,,Dentista,Implantodontia,Instrumentais para Implantodontia
Chave de Instalação Regular Guide Curta ,,Dentista,Implantodontia,Instrumentais para Implantodontia
Chave de Mão ,,Dentista,Implantodontia,Instrumentais para Implantodontia
Chave de Mão para Mini Parafuso Ortodôntico ,,Dentista,Ortodontia,Instrumentos Ortodônticos
Chave Digital Hexagonal ,,Dentista,Implantodontia,Instrumentais para Implantodontia
Chave Hexagonal 1.2mm ,,Dentista,Implantodontia,Instrumentais para Implantodontia
Chave Hexagonal Canhão Contra Ângulo Média 2.5mm ,,Dentista,Implantodontia,Instrumentais para Implantodontia
Chave Hexagonal Contra Ângulo Média ,,Dentista,Implantodontia,Instrumentais para Implantodontia
Chave Hexagonal Curta 1.2mm ,,Dentista,Implantodontia,Instrumentais para Implantodontia
Chave Hexagonal Longa 1.2mm ,,Dentista,Implantodontia,Instrumentais para Implantodontia
Chave Hexagonal Miniparafuso ,,Dentista,Ortodontia,Instrumentos Ortodônticos
Chave Para Ativação de Expansor ,,Dentista,Ortodontia,Instrumentos Ortodônticos
Chave Para Ativação de Expansor Haste Longa ,,Dentista,Ortodontia,Instrumentos Ortodônticos
Chave Digital Torque Curta ,,Dentista,Implantodontia,Instrumentais para Implantodontia
Chave para Torque Individual ,,Dentista,Ortodontia,Instrumentos Ortodônticos
Chave Torque Cônica Curta ,,Dentista,Implantodontia,Instrumentais para Implantodontia
Chave Torque Curta para Torquímetro ,,Dentista,Implantodontia,Instrumentais para Implantodontia
Chave Torque Fenda ,,Dentista,Implantodontia,Instrumentais para Implantodontia
Chave Torque Hexagonal ,,Dentista,Implantodontia,Instrumentais para Implantodontia
Chave Torque Quadrada ,,Dentista,Implantodontia,Instrumentais para Implantodontia
Chave Torx Contra Ângulo Média 1.6mm ,,Dentista,Implantodontia,Instrumentais para Implantodontia
Chave Sextavada Para Porca Do Gurin ,,Dentista,Ortodontia,Instrumentos Ortodônticos
Chaveta para Alicate de Torque Nº 222CV ,,Dentista,Ortodontia,Instrumentos Ortodônticos
Cicabody ,,Dentista,Implantodontia,Componentes Protéticos
Cicatrizador CM NE ,,Dentista,Implantodontia,Componentes Protéticos
Cicatrizador Divergente HE ,,Dentista,Implantodontia,Componentes Protéticos
Cicatrizador Estético CM ,,Dentista,Implantodontia,Componentes Protéticos
Cicatrizador Estético HE ,,Dentista,Implantodontia,Componentes Protéticos
Cicatrizador HE ,,Dentista,Implantodontia,Componentes Protéticos
Cicatrizador Regular CM ,,Dentista,Implantodontia,Componentes Protéticos
Cicatrizador Regular HE ,,Dentista,Implantodontia,Componentes Protéticos
Cilindro Co,,Dentista,Implantodontia,Componente Protético
Cilindro Co,,Dentista,Implantodontia,Componente Protético
Cilindro Micro Pilar Calcinável ,,Dentista,Implantodontia,Componente Protético
Cilíndro Micro Pilar Co,,Dentista,Implantodontia,Componente Protético
Cilindro Micro Pilar Titânio ,,Dentista,Implantodontia,Componente Protético
Cilindro Mini Pilar Calcinável ,,Dentista,Implantodontia,Componente Protético
Cilindro Mini Pilar Titânio com Parafuso ,,Dentista,Implantodontia,Componente Protético
Cilindro Pilar TG Calcinável ,,Dentista,Implantodontia,Componente Protético
Cilindro Pilar TG Titânio ,,Dentista,Implantodontia,Componente Protético
Cimento Biocerâmico Obturador/Reparador CIMMO HP ,,Dentista,Cimentos,Cimento Endodôntico
Cimento Biocerâmico Reparador CIMMO HD ,,Dentista,Cimentos,Cimento Endodôntico
Cimento Cirúrgico Líquido ,,Dentista,Cimentos,Cimentos Cirúrgicos
Cimento Cirúrgico Líquido ,,Dentista,Cimentos,Cimentos Cirúrgicos
Cimento Cirúrgico Líquido 20ml ,,Dentista,Cimentos,Cimentos Cirúrgicos
Cimento Cirúrgico em Pó ,,Dentista,Cimentos,Cimentos Cirúrgicos
Cimento Cirúrgico Pó ,,Dentista,Cimentos,Cimentos Cirúrgicos
Cimento Cirúrgico Pó 50g ,,Dentista,Cimentos,Cimentos Cirúrgicos
Cimento Cirúrgico Pericem ,,Dentista,Cimentos,Cimentos Cirúrgicos
Cimento Cirúrgico Periodontal Coe,,Dentista,Cimentos,Cimentos Cirúrgicos
Cimento Cirúrgico Pó 50g + Líquido 20ml ,,Dentista,Cimentos,Cimentos Cirúrgicos
Cimento de Zinco Líquido ,,Dentista,Cimentos,Cimento para Cimentação Definitiva
Cimento de Zinco Líquido ,,Dentista,Cimentos,Cimento para Cimentação Definitiva
Cimento de Zinco LS Líquido ,,Dentista,Cimentos,Cimento para Cimentação Definitiva
Cimento de Zinco LS Pó ,,Dentista,Cimentos,Cimento para Cimentação Definitiva
Cimento de Zinco Pó ,,Dentista,Cimentos,Cimento para Cimentação Definitiva
Cimento de Zinco Pó ,,Dentista,Cimentos,Cimento para Cimentação Definitiva
Biodentine Cimento Reparador Biocerâmico ,,Dentista,Cimentos,Cimento Endodôntico
Cimento Endodôntico Bio,,Dentista,Cimentos,Cimento Endodôntico
Cimento Endodôntico Bio,,Dentista,Cimentos,Cimento Endodôntico
Cimento Endodôntico BioRoot RCS ,,Dentista,Cimentos,Cimento Endodôntico
Cimento Endo N-Rickert,N-Rickert,Dentista,Cimentos,Cimentos Endodônticos
Cimento Endodôntico ,Cimento Endodôntico ,Dentista,Cimentos,Cimentos Endodônticos
Cimento Endodôntico Endofill em Pó ,,Dentista,Cimentos,Cimentos Endodônticos
Cimento Endodôntico Endomethasone N Pó ,,Dentista,Cimentos,Cimentos Endodônticos
Cimento Endodôntico Feapex ,,Dentista,Cimentos,Cimentos Endodônticos
Cimento Endodôntico Fill Canal em Pó ,,Dentista,Cimentos,Cimentos Endodônticos
Cimento Endodôntico Pulp Fill em Pó ,Pulp Fill,Dentista,Cimentos,Cimentos Endodônticos
Cimento Endodôntico Pulposul Pó 50g ,Pulpsul,Dentista,Cimentos,Cimentos Endodônticos
Cimento Endodôntico Endofill ,,Dentista,Cimentos,Cimentos Endodônticos
Cimento Endodôntico Pulposul Pó 50g + Líquido 10ml ,Pulpsul,Dentista,Cimentos,Cimentos Endodônticos
Kit Cimento Endodôntico Pulp Fill ,Pulp Fill,Dentista,Cimentos,Cimentos Endodônticos
Kit Cimento Fill Canal ,Fill Canal,Dentista,Cimentos,Cimentos Endodônticos
Cimento Endodôntico Hydrosealer ,,Dentista,Cimentos,Cimentos Endodônticos
Cimento Endodôntico Obturador Sealer 26 ,,Dentista,Cimentos,Cimentos Endodônticos
Cimento Endodôntico Intracanal Bio,,Dentista,Cimentos,Cimentos Endodônticos
Cimento Endodôntico Fill Canal Líquido ,,Dentista,Cimentos,Cimentos Endodônticos
Cimento Endodôntico Pulp Fill Líquido ,Pulp Fill,Dentista,Cimentos,Cimentos Endodônticos
Cimento Endodôntico Pulposul Líquido 10ml ,Pulpsul,Dentista,Cimentos,Cimentos Endodônticos
Cimento Endodôntico MTA Fillapex ,,Dentista,Cimentos,Cimento Endodôntico
Cimento Endodôntico MTA Fillapex ,,Dentista,Cimentos,Cimento Endodôntico
Cimento Endodôntico MTA Fillapex ,,Dentista,Cimentos,Cimento Endodôntico
Cimento Endodôntico MTA Fillapex Seringa Dupla 4g + Ponta Misturadora Intracanal ,,Dentista,Cimentos,Cimento Endodôntico
Cimento Reparador MTA ,,Dentista,Cimentos,Cimento Endodôntico
"Cimento Reparador MTA 0,28g 2 Aplicações ",,Dentista,Cimentos,Cimento Endodôntico
Cimento Reparador MTA 1g 7 Aplicações ,,Dentista,Cimentos,Cimento Endodôntico
Cimento Reparador MTA Repair HP ,,Dentista,Cimentos,Cimento Endodôntico
Cimento Endodôntico Sealer Plus ,,Dentista,Cimentos,Cimentos Endodônticos
Cimento Endodôntico Selador AH Plus Jet ,Sealapex,Dentista,Cimentos,Cimentos Endodônticos
Cimento Endodôntico Sealapex Base + Catalisador ,Sealapex,Dentista,Cimentos,Cimentos Endodônticos
Cimento Forrador de Hidróxido de Cálcio Biocal ,Biocal,Dentista,Cimentos,Cimentos para Forramento
Cimento Forrador de Hidróxido de Cálcio Dycal ,Dycal ,Dentista,Cimentos,Cimentos para Forramento
Cimento Forrador de Hidróxido de Cálcio Hidrox-cal,Hidrox-cal,Dentista,Cimentos,Cimentos para Forramento
Cimento Forrador de Hidróxido de Cálcio Hydcal ,Hydcal,Dentista,Cimentos,Cimentos para Forramento
Cimento Forrador de Hidróxido de Cálcio Hydro C ,Hydro C,Dentista,Cimentos,Cimentos para Forramento
Cimento Forrador de Hidróxido de Cálcio Liner ,Liner,Dentista,Cimentos,Cimentos para Forramento
Cimento Forrador de Hidróxido de Cálcio Ultra,Ultra,Dentista,Cimentos,Cimentos para Forramento
Cimento Ortodôntico para Levante de Mordida Potenza Orthoblue ,,Dentista,Ortodontia,Acessórios Ortodônticos
Cimento Ortodôntico para Levante de Mordida Potenza Orthoblue ,,Dentista,Ortodontia,Acessórios Ortodônticos
Cimento Obturador Provisório 25g ,,Dentista,Cimentos,Cimentos Endodônticos
Cimento Obturador Provisório CAVITEMP 25g ,,Dentista,Cimentos,Cimentos Provisórios
Cimento Obturador Provisório com Flúor ,,Dentista,Cimentos,Cimentos Endodônticos
Cimento Obturador Provisório Microfill Normal 25g ,,Dentista,Cimentos,Cimentos Endodônticos
Cimento Provisório 3M™ RelyX™ Temp NE ,,Dentista,Cimentos,Cimentos Provisórios
Cimento Provisório Provicol ,,Dentista,Cimentos,Cimentos Provisórios
Cimento Provisório Provisory ,,Dentista,Cimentos,Cimentos Provisórios
Cimento Provisório Provitemp ,,Dentista,Cimentos,Cimentos Provisórios
Cimento Provisório Pulpo,,Dentista,Cimentos,Cimentos Provisórios
Cimento Provisório Pulpo,,Dentista,Cimentos,Cimentos Provisórios
Cimento Provisório Temp,,Dentista,Cimentos,Cimentos Provisórios
Cimento Provisório Temp Cem NE ,,Dentista,Cimentos,Cimentos Provisórios
Obturador Provisório ,,Dentista,Cimentos,Cimentos Endodônticos
Obturador Provisório com Flúor ,,Dentista,Cimentos,Cimentos Endodônticos
Cimento Resinoso 3M™ Dual RelyX™ ARC ,,Dentista,Cimentos,Cimentos para Cimentação Definitiva
Cimento Resinoso 3M™ Dual Relyx™ U200 ,,Dentista,Cimentos,Cimentos para Cimentação Definitiva
Cimento Resinoso 3M™ Dual RelyX™ Ultimate ,,Dentista,Cimentos,Cimentos para Cimentação Definitiva
Cimento Resinoso 3M™ RelyX™ Veneer Try,,Dentista,Cimentos,Cimentos para Cimentação Definitiva
Cimento Resinoso Allcem Core ,,Dentista,Cimentos,Cimentos para Cimentação Definitiva
Cimento Resinoso Auto Multilink N System Pack ,,Dentista,Cimentos,Cimentos para Cimentação Definitiva
Cimento Resinoso Dual Allcem Base ,,Dentista,Cimentos,Cimentos para Cimentação Definitiva
Cimento Resinoso Dual Allcem Catalisador ,,Dentista,Cimentos,Cimentos para Cimentação Definitiva
Cimento Resinoso Dual Allcem Corpo Duplo ,,Dentista,Cimentos,Cimentos para Cimentação Definitiva
Cimento Resinoso Dual Autoadesivo Panavia SA Luting Multi Automix ,,Dentista,Cimentos,Cimentos para Cimentação Definitiva
Cimento Resinoso Dual Autoadesivo Panavia SA Luting Multi Handmix ,,Dentista,Cimentos,Cimentos para Cimentação Definitiva
Cimento Resinoso Dual Autoadesivo RelyX U200 Clicker ,,Dentista,Cimentos,Cimentos para Cimentação Definitiva
Cimento Resinoso Dual Bifix QM Universal ,,Dentista,Cimentos,Cimentos para Cimentação Definitiva
Cimento Resinoso Dual Calibra Ceram ,,Dentista,Cimentos,Cimentos para Cimentação Definitiva
Cimento Resinoso Dual Calibra Universal ,,Dentista,Cimentos,Cimentos para Cimentação Definitiva
Cimento Resinoso Dual Clearfil DC Core Plus ,,Dentista,Cimentos,Cimentos para Cimentação Definitiva
Cimento Resinoso Dual Force Base ,,Dentista,Cimentos,Cimentos para Cimentação Definitiva
Cimento Resinoso Dual Force Catalisador ,,Dentista,Cimentos,Cimentos para Cimentação Definitiva
Cimento Resinoso Dual Force Corpo Duplo ,,Dentista,Cimentos,Cimentos para Cimentação Definitiva
Cimento Resinoso Dual LuxaCore Z ,,Dentista,Cimentos,Cimentos para Cimentação Definitiva
Cimento Resinoso Dual Maxcem Elite Universal ,,Dentista,Cimentos,Cimentos para Cimentação Definitiva
Cimento Resinoso Dual Megalink ,,Dentista,Cimentos,Cimentos para Cimentação Definitiva
Cimento Resinoso Dual Panavia V5 Corpo Duplo ,,Dentista,Cimentos,Cimentos para Cimentação Definitiva
Cimento Resinoso Dual seT PP ,,Dentista,Cimentos,Cimentos para Cimentação Definitiva
Cimento Resinoso Dual Variolink N Base ,,Dentista,Cimentos,Cimentos para Cimentação Definitiva
Cimento Resinoso Dual Variolink N Catalisador ,,Dentista,Cimentos,Cimentos para Cimentação Definitiva
Cimento Resinoso Dual Ycem 4all Universal Translux ,,Dentista,Cimentos,Cimentos para Cimentação Definitiva
"Cimento Resinoso Dualafix 2,5G ",,Dentista,Cimentos,Cimentos para Cimentação Definitiva
"Cimento Resinoso Dualafix Catalizador 2,5G ",,Dentista,Cimentos,Cimentos para Cimentação Definitiva
Cimento Resinoso Fill Magic Dual Cement ,,Dentista,Cimentos,Cimentos para Cimentação Definitiva
Cimento Resinoso Foto 3M™ Relyx™ Veneer ,,Dentista,Cimentos,Cimentos para Cimentação Definitiva
Cimento Resinoso Foto Allcem Veneer APS ,,Dentista,Cimentos,Cimentos para Cimentação Definitiva
Cimento Resinoso Foto Allcem Veneer Try,,Dentista,Cimentos,Cimentos para Cimentação Definitiva
Cimento Resinoso Foto Natures Try,,Dentista,Cimentos,Cimentos para Cimentação Definitiva
Cimento Resinoso Foto Natures Veneer ,,Dentista,Cimentos,Cimentos para Cimentação Definitiva
Cimento Resinoso Foto NX3 Light,,Dentista,Cimentos,Cimentos para Cimentação Definitiva
Cimento Resinoso Fotoativado Variolink Esthetic LC ,,Dentista,Cimentos,Cimentos para Cimentação Definitiva
Cimento Resinoso Master Cement LC ,,Dentista,Cimentos,Cimentos para Cimentação Definitiva
Cimento Resinoso Multilink N ,,Dentista,Cimentos,Cimentos para Cimentação Definitiva
Cimento Resinoso Multilink N ,,Dentista,Cimentos,Cimentos para Cimentação Definitiva
Cimento Resinoso Multilink Speed ,,Dentista,Cimentos,Cimentos para Cimentação Definitiva
Cimento Resinoso NX3 Dual,,Dentista,Cimentos,Cimentos para Cimentação Definitiva
Cimento Resinoso NX3 Try,,Dentista,Cimentos,Cimentos para Cimentação Definitiva
Cimento Resinoso Variolink Esthetic LC Try,,Dentista,Cimentos,Cimentos para Cimentação Definitiva
Cimento Resinoso Variolink N Try,,Dentista,Cimentos,Cimentos para Cimentação Definitiva
Cimento Resinoso Ycem Veneer ,,Dentista,Cimentos,Cimentos para Cimentação Definitiva
Cimento Variolink Esthetic DC ,,Dentista,Cimentos,Cimentos para Cimentação Definitiva
Kit Cimento Resinoso Dual Superpost Cement+ ,,Dentista,Cimentos,Cimentos para Cimentação Definitiva
Kit Cimento Resinoso Dual Superpost Cement+ ,,Dentista,Cimentos,Cimentos para Cimentação Definitiva
Kit Cimento Resinoso Dual Superpost Cement+ ,,Dentista,Cimentos,Cimentos para Cimentação Definitiva
Kit Cimento Resinoso Dual Variolink N ,,Dentista,Cimentos,Cimentos para Cimentação Definitiva
Kit Cimento Resinoso Foto Variolink Esthetic LC ,,Dentista,Cimentos,Cimentos para Cimentação Definitiva
Kit Color Cimento Resinoso Panavia V5 ,,Dentista,Cimentos,Cimentos para Cimentação Definitiva
Kit Intro Cimento Resinoso NX3 ,,Dentista,Cimentos,Cimentos para Cimentação Definitiva
Mini Kit Cimento Resinoso Foto Allcem Veneer APS ,,Dentista,Cimentos,Cimentos para Cimentação Definitiva
Cimento Restaurador Biocerâmico Base e Forramento CIMMO DTA ,,Dentista,Cimentos,Cimentos Endodônticos
Cimento Restaurador Mri Intermediário Líquido 15Ml ,,Dentista,Cimentos,Cimentos para Cimentação Definitiva
Cimento Restaurador Mri Intermediário Pó 30G ,,Dentista,Cimentos,Cimentos para Cimentação Definitiva
Cimento Restaurador MRI Intermediário CJ ,,Dentista,Cimentos,Cimentos para Cimentação Definitiva
Cinta Profilática 4x120mm ,,Dentista,Dentística e Estética,Clareadores Dentais
Cinzel Alexander Goiva Millennium ,,Dentista,Cirurgia e Periodontia,Instrumentais Cirúrgicos
Clareador Claridex Evolution 22% ,Claridex,Dentista,Dentística e Estética,Clareadores Dentais
Clareador Easy White ,Eazy White,Dentista,Dentística e Estética,Clareadores Dentais
Clareador Gel Lysmile ,Lysmile,Dentista,Dentística e Estética,Clareadores Dentais
"Clareador Lysmile 16% 3 Seringas 2,5ml ",Lysmile,Dentista,Dentística e Estética,Clareadores Dentais
Clareador Lysmile Gel ,Lysmile,Dentista,Dentística e Estética,Clareadores Dentais
Clareador Magic White 10% ,Magic White,Dentista,Dentística e Estética,Clareadores Dentais
Clareador Magic White 16% ,Magic White,Dentista,Dentística e Estética,Clareadores Dentais
Clareador Mix Night ,Mix  ,Dentista,Dentística e Estética,Clareadores Dentais
Clareador Mix Night ,Mix  ,Dentista,Dentística e Estética,Clareadores Dentais
Clareador Mix One Supreme ,Mix  ,Dentista,Dentística e Estética,Clareadores Dentais
Clareador Mix One Supreme 35% ,Mix  ,Dentista,Dentística e Estética,Clareadores Dentais
Clareador Opalescence 35% PF Regular ,Opalescence,Dentista,Dentística e Estética,Clareadores Dentais
Clareador Opalescence Boost PF 40% ,Opalescence,Dentista,Dentística e Estética,Clareadores Dentais
Clareador Opalescence Endo 35% ,Opalescence,Dentista,Dentística e Estética,Clareadores Dentais
Clareador Opalescence PF 1 Seringa ,Opalescence,Dentista,Dentística e Estética,Clareadores Dentais
Clareador Opalescence PF 16% ,Opalescence,Dentista,Dentística e Estética,Clareadores Dentais
Clareador Opalescence PF 35% Regular ,Opalescence,Dentista,Dentística e Estética,Clareadores Dentais
Clareador Opalescence PF 5 Seringas ,Opalescence,Dentista,Dentística e Estética,Clareadores Dentais
Clareador Opalescence™ PF ,Opalescence,Dentista,Dentística e Estética,Clareadores Dentais
Clareador Opalescence™ PF ,Opalescence,Dentista,Dentística e Estética,Clareadores Dentais
Clareador Pola Day ,Pola,Dentista,Dentística e Estética,Clareadores Dentais
"Clareador Pola Day 7,5% ",Pola,Dentista,Dentística e Estética,Clareadores Dentais
"Clareador Pola Day 9,5% ",Pola,Dentista,Dentística e Estética,Clareadores Dentais
Clareador Pola Night ,Pola,Dentista,Dentística e Estética,Clareadores Dentais
Clareador Pola Night ,Pola,Dentista,Dentística e Estética,Clareadores Dentais
Clareador Pola Night ,Pola,Dentista,Dentística e Estética,Clareadores Dentais
Clareador Potenza Bianco ,Potenza,Dentista,Dentística e Estética,Clareadores Dentais
Clareador Potenza Bianco H2O2 ,Potenza,Dentista,Dentística e Estética,Clareadores Dentais
Clareador Potenza Bianco PF ,Potenza,Dentista,Dentística e Estética,Clareadores Dentais
Clareador Potenza Bianco PF ,Potenza,Dentista,Dentística e Estética,Clareadores Dentais
Clareador Potenza Bianco PF 10% ,Potenza,Dentista,Dentística e Estética,Clareadores Dentais
Clareador Potenza Bianco PF 16% ,Potenza,Dentista,Dentística e Estética,Clareadores Dentais
Clareador Potenza Bianco PF 22% ,Potenza,Dentista,Dentística e Estética,Clareadores Dentais
Clareador Potenza Bianco PF 35% ,Potenza,Dentista,Dentística e Estética,Clareadores Dentais
Clareador Potenza Bianco PRO SS 38% H2O2 ,Potenza,Dentista,Dentística e Estética,Clareadores Dentais
Clareador Potenza Bianco PRO SS 38% H2O2 On ,Potenza,Dentista,Dentística e Estética,Clareadores Dentais
Clareador Power Bleaching ,Power Bleaching,Dentista,Dentística e Estética,Clareadores Dentais
Clareador Power Bleaching ,Power Bleaching,Dentista,Dentística e Estética,Clareadores Dentais
Clareador Smart White 6% ,Smart White,Dentista,Dentística e Estética,Clareadores Dentais
Clareador White Class ,Whiteness,Dentista,Dentística e Estética,Clareadores Dentais
Clareador Whiteness Automixx 6% ,Whiteness,Dentista,Dentística e Estética,Clareadores Dentais
Clareador Whiteness HP 35% ,Whiteness,Dentista,Dentística e Estética,Clareadores Dentais
Clareador Whiteness HP Mini kit ,Whiteness,Dentista,Dentística e Estética,Clareadores Dentais
Clareador Whiteness Perborato ,Whiteness,Dentista,Dentística e Estética,Clareadores Dentais
Clareador Whiteness Perfect 10% ,Whiteness,Dentista,Dentística e Estética,Clareadores Dentais
Clareador Whiteness Perfect 16% ,Whiteness,Dentista,Dentística e Estética,Clareadores Dentais
Clareador Whiteness Perfect 22% ,Whiteness,Dentista,Dentística e Estética,Clareadores Dentais
Clareador Whiteness Simple ,Whiteness,Dentista,Dentística e Estética,Clareadores Dentais
Clareador Whiteness Simple ,Whiteness,Dentista,Dentística e Estética,Clareadores Dentais
Clareador Whiteness Simple 22% ,Whiteness,Dentista,Dentística e Estética,Clareadores Dentais
Clareador Whiteness Simple 22% ,Whiteness,Dentista,Dentística e Estética,Clareadores Dentais
Clareador Whiteness Super Endo ,Whiteness,Dentista,Dentística e Estética,Clareadores Dentais
Kit Clareador Power Bleaching com Aroma – Maquira,Power Bleaching,Dentista,Dentística e Estética,Clareadores Dentais
Kit Clareador Whiteness Simple 10% ,Whiteness,Dentista,Dentística e Estética,Clareadores Dentais
Clareador Cavex In Office Bite & White ,Cavex,Dentista,Dentística e Estética,Clareadores Dentais
Clareador Clàriant Office ,Clariante,Dentista,Dentística e Estética,Clareadores Dentais
Clareador Pola Office Plus ,Pola,Dentista,Dentística e Estética,Clareadores Dentais
Clareador Pola Office Plus ,Pola,Dentista,Dentística e Estética,Clareadores Dentais
Clareador Total Blanc Home Kit ,Total Blanc,Dentista,Dentística e Estética,Clareadores Dentais
Kit Clareador Opalescence Boost PF ,Opalescence,Dentista,Dentística e Estética,Clareadores Dentais
Kit Clareador Pola Day ,Pola,Dentista,Dentística e Estética,Clareadores Dentais
Kit Clareador Pola Night ,Pola,Dentista,Dentística e Estética,Clareadores Dentais
Kit Clareador Pola Office Bulk ,Pola,Dentista,Dentística e Estética,Clareadores Dentais
Kit Clareador Potenza Bianco Pro 35% ,Potenza,Dentista,Dentística e Estética,Clareadores Dentais
Kit Clareador Power Bleaching com Aroma ,Power Bleaching,Dentista,Dentística e Estética,Clareadores Dentais
Kit Clareador White Class ,Whiteness,Dentista,Dentística e Estética,Clareadores Dentais
Kit Clareador Whiteness HP Blue 35% ,Whiteness,Dentista,Dentística e Estética,Clareadores Dentais
Kit Clareador Whiteness HP Maxx ,Whiteness,Dentista,Dentística e Estética,Clareadores Dentais
Kit Clareador Whiteness Perfect 10% ,Whiteness,Dentista,Dentística e Estética,Clareadores Dentais
Kit Clareador Whiteness Perfect 16% ,Whiteness,Dentista,Dentística e Estética,Clareadores Dentais
Kit Clareador Whiteness Perfect 22% ,Whiteness,Dentista,Dentística e Estética,Clareadores Dentais
Kit Clareadores Opalescence Boost PF 40% e Opalescence Go 15% + Barreira Gengival OpalDam ,Opalescence,Dentista,Dentística e Estética,Clareadores Dentais
Mini Kit Clareador Opalescence GO ,Opalescence,Dentista,Dentística e Estética,Clareadores Dentais
Mini Kit Clareador Whiteness HP Blue ,Whiteness,Dentista,Dentística e Estética,Clareadores Dentais
Mini Kit Clareador Whiteness HP Maxx ,Whiteness,Dentista,Dentística e Estética,Clareadores Dentais
Mini Kit Clareador Whiteness Perfect 16% ,Whiteness,Dentista,Dentística e Estética,Clareadores Dentais
Clinômetro Laboratorial ,,Laboratório,Instrumentos e Ferramentas,Articuladores e Acessórios
Solução Injetável de Cloreto de Potássio 10% 10ml ,,Dentista,Cirurgia e Periodontia,Antissépticos e Medicamentos
Solução Injetável de Cloreto de Potássio 15% 10ml ,,Dentista,Cirurgia e Periodontia,Antissépticos e Medicamentos
"Solução Injetável de Cloreto de Potássio 19,1% 10ml ",,Dentista,Cirurgia e Periodontia,Antissépticos e Medicamentos
"Solução Injetável de Cloreto de Sódio 0,9% ",,Dentista,Cirurgia e Periodontia,Antissépticos e Medicamentos
"Solução Injetável de Cloreto de Sódio 0,9% ",,Dentista,Cirurgia e Periodontia,Antissépticos e Medicamentos
"Solução Injetável de Cloreto de Sódio 0,9% ",,Dentista,Cirurgia e Periodontia,Antissépticos e Medicamentos
"Solução Injetável de Cloreto de Sódio 0,9% 20ml ",,Dentista,Cirurgia e Periodontia,Antissépticos e Medicamentos
"Solução Injetável de Cloreto de Sódio 0,9% 500ml ",,Dentista,Cirurgia e Periodontia,Antissépticos e Medicamentos
Solução Injetável de Cloreto de Sódio 10ml ,,Dentista,Cirurgia e Periodontia,Antissépticos e Medicamentos
Solução Injetável de Cloreto de Sódio 20% 20ml ,,Dentista,Cirurgia e Periodontia,Antissépticos e Medicamentos
Clorexidina Clorexoral Frasco 2% ,,Dentista,Endodontia,Irrigação e Aspiração
Clorexidina Clorexoral Gel 2% ,,Dentista,Endodontia,Irrigação e Aspiração
Clorexidina Clorexoral Solução 100ml ,,Dentista,Endodontia,Irrigação e Aspiração
Clorhexidina 2% ,,Dentista,Endodontia,Irrigação e Aspiração
Clorhexidina 2% ,,Dentista,Endodontia,Irrigação e Aspiração
Clorhexidina 2% ,,Dentista,Endodontia,Irrigação e Aspiração
Clorhexidina Cleanform 2% ,,Dentista,Endodontia,Irrigação e Aspiração
Clorhexidina Cleanform 2% ,,Dentista,Endodontia,Irrigação e Aspiração
Clorhexidina Gel 2% ,,Dentista,Endodontia,Irrigação e Aspiração
Cluster Led ,,Dentista,Harmonização Orofacial,Equipamentos para HOF
Cluster Led Azul + Laser Vermelho ,,Dentista,Harmonização Orofacial,Equipamentos para HOF
Cluster Led Infravermelho ,,Dentista,Harmonização Orofacial,Equipamentos para HOF
Cluster Led Linear Âmbar ,,Dentista,Harmonização Orofacial,Equipamentos para HOF
Cluster Led Linear Azul ,,Dentista,Harmonização Orofacial,Equipamentos para HOF
Cluster Led Linear Vermelho + Infravermelho ,,Dentista,Harmonização Orofacial,Equipamentos para HOF
Cluster Maxx Led Âmbar + Laser Vermelho 590Nm ,,Dentista,Harmonização Orofacial,Equipamentos para HOF
Cluster Maxx Led Âmbar 590Nm ,,Dentista,Harmonização Orofacial,Equipamentos para HOF
Cluster Maxx Led Azul + Laser Vermelho 470Nm ,,Dentista,Harmonização Orofacial,Equipamentos para HOF
Cluster Maxx Led Azul 470Nm ,,Dentista,Harmonização Orofacial,Equipamentos para HOF
Cluster Maxx Led Infravermelho 850Nm ,,Dentista,Harmonização Orofacial,Equipamentos para HOF
Cluster Maxx Led Verde 530Nm ,,Dentista,Harmonização Orofacial,Equipamentos para HOF
Cluster Maxx Led Vermelho 660Nm ,,Dentista,Harmonização Orofacial,Equipamentos para HOF
Cluster Maxx Led Violeta ,,Dentista,Harmonização Orofacial,Equipamentos para HOF
Cobertura Para Seringa ,,Dentista,Descartáveis,Barreiras de Proteção
Coletor de Materiais Perfurocortantes 7L ,,Dentista,Biossegurança,Gerenciamento de Resíduos
Coletor de Materiais Químicos Perfurocortantes ,,Dentista,Biossegurança,Gerenciamento de Resíduos
Coletor de Material Perfuro Cortante 10L,,Dentista,Biossegurança,Gerenciamento de Resíduos
"Coletor de Material Perfuro Cortante 1,5L ",,Dentista,Biossegurança,Gerenciamento de Resíduos
Coletor de Material Perfuro Cortante Descarbox Ecologic 3L,,Dentista,Biossegurança,Gerenciamento de Resíduos
Coletor de Material Perfuro Cortante Descarbox Ecologic 7L,,Dentista,Biossegurança,Gerenciamento de Resíduos
Coletor de Material Perfuro Cortante Descarbox Ecologic 13L,,Dentista,Biossegurança,Gerenciamento de Resíduos
Coletor de Material Perfuro Cortante Descarbox Ecologic 20L,,Dentista,Biossegurança,Gerenciamento de Resíduos
Coletor de Material Perfurocortante 3L ,,Dentista,Biossegurança,Gerenciamento de Resíduos
Colgadura ,,Radiologia,Imagem e Radiologia,Acessórios para Radiologia
Colgadura ,,Radiologia,Imagem e Radiologia,Acessórios para Radiologia
Colgadura ,,Radiologia,Imagem e Radiologia,Acessórios para Radiologia
Colgadura ,,Radiologia,Imagem e Radiologia,Acessórios para Radiologia
Colgadura ,,Radiologia,Imagem e Radiologia,Acessórios para Radiologia
Colgadura Individual ,,Radiologia,Imagem e Radiologia,Acessórios para Radiologia
Colgadura Individual ,,Radiologia,Imagem e Radiologia,Acessórios para Radiologia
Colgadura Individual ,,Radiologia,Imagem e Radiologia,Acessórios para Radiologia
Colgadura Simples ,,Radiologia,Imagem e Radiologia,Acessórios para Radiologia
Colocador de Elástico Simples Azul ,,Dentista,Ortodontia,Acessórios Ortodônticos
Colocador de Elastique ,,Dentista,Ortodontia,Acessórios Ortodônticos
Colocador de Elastique Colors ,,Dentista,Ortodontia,Acessórios Ortodônticos
Colocador de Elastique Duplo Colors ,,Dentista,Ortodontia,Acessórios Ortodônticos
Colocador de Elastique Duplo Quality Line ,,Dentista,Ortodontia,Acessórios Ortodônticos
Colocador de Elastique Haste Inox ,,Dentista,Ortodontia,Acessórios Ortodônticos
Colocador de Elastique Simples Colors ,,Dentista,Ortodontia,Acessórios Ortodônticos
Colocador de Elastique Simples Quality Line ,,Dentista,Ortodontia,Acessórios Ortodônticos
Colocador Metálico para Elástico Duplo ,,Dentista,Ortodontia,Acessórios Ortodônticos
Colocador Metálico para Elástico Simples ,,Dentista,Ortodontia,Acessórios Ortodônticos
Compressa Cirúrgica Estéril Non Woven ,,Dentista,Descartáveis,Produtos para Procedimentos
Compressa Cirúrgica Estéril Non Woven ,,Dentista,Descartáveis,Produtos para Procedimentos
Compressa Cirúrgica Toalha Para Mãos Non Woven ,,Dentista,Descartáveis,Produtos para Procedimentos
Compressa de Gaze 09 Fios Não Estéril ,,Dentista,Descartáveis,Produtos para Procedimentos
Compressa de Gaze 11 Fios ,,Dentista,Descartáveis,Produtos para Procedimentos
Compressa de Gaze 11 Fios Estéril ,,Dentista,Descartáveis,Produtos para Procedimentos
Compressa de Gaze 11 Fios Não Estéril ,,Dentista,Descartáveis,Produtos para Procedimentos
Compressa de Gaze 13 Fios ,,Dentista,Descartáveis,Produtos para Procedimentos
Compressa de Gaze 13 Fios ,,Dentista,Descartáveis,Produtos para Procedimentos
Compressa de Gaze 13 Fios Estéril ,,Dentista,Descartáveis,Produtos para Procedimentos
Compressa de Gaze 13 Fios Não Estéril ,,Dentista,Descartáveis,Produtos para Procedimentos
Compressa de Gaze 9 Fios Não Estéril ,,Dentista,Descartáveis,Produtos para Procedimentos
"Compressa de Gaze Estéril 9 Fios 7,5 x 7,5cm ",,Dentista,Descartáveis,Produtos para Procedimentos
"Compressa de Gaze Estrela 13 Fios 7,5x7,5cm ",,Dentista,Descartáveis,Produtos para Procedimentos
Compressa de Gaze Estrela 13 Fios Estéril ,,Dentista,Descartáveis,Produtos para Procedimentos
Compressa de Gaze Estrela 13 Fios Não Estéril ,,Dentista,Descartáveis,Produtos para Procedimentos
Compressa de Gaze Íris 9 Fios Estéril ,,Dentista,Descartáveis,Produtos para Procedimentos
Compressa de Gaze Íris 9 Fios Não Estéril ,,Dentista,Descartáveis,Produtos para Procedimentos
Compressa de Gaze Max 11 Fios Não Estéril ,,Dentista,Descartáveis,Produtos para Procedimentos
Compressa de Gaze Nídia 11 Fios ,,Dentista,Descartáveis,Produtos para Procedimentos
Compressa de Gaze Nídia 11 Fios Estéril ,,Dentista,Descartáveis,Produtos para Procedimentos
Compressa de Gaze Nídia 11 Fios Estéril ,,Dentista,Descartáveis,Produtos para Procedimentos
Compressa de Gaze Non Woven ,,Dentista,Descartáveis,Produtos para Procedimentos
Concha Para Cera Flexível ,,Laboratório,Instrumentos e Ferramentas,Instrumentos para Escultura
Concha para Cera Inox ,,Laboratório,Instrumentos e Ferramentas,Instrumentos para Escultura
Concha Para Cera Inox ,,Laboratório,Instrumentos e Ferramentas,Instrumentos para Escultura
Concha para Cera Tri,,Laboratório,Instrumentos e Ferramentas,Instrumentos para Escultura
Condensador Duplo 9091 Millennium ,,Dentista,Dentística e Estética,Acessórios para Dentística
Condensador de Guta,,Dentista,Endodontia,Instrumentais Endodônticos
Condensador de Guta,,Dentista,Endodontia,Instrumentais Endodônticos
Condensador de Guta,,Dentista,Endodontia,Instrumentais Endodônticos
Condensador de Guta 25mm ,,Dentista,Endodontia,Instrumentais Endodônticos
Condensador de Guta Finger Spread ,,Dentista,Endodontia,Instrumentais Endodônticos
Condensador de Guta Mcspadden Maillefer ,,Dentista,Endodontia,Instrumentais Endodônticos
Condicionador Ácido Fluorídrico 10% ,,Dentista,Dentística e Estética,Condicionadores Ácido
Condicionador Ácido Fluorídrico 10% ,,Dentista,Dentística e Estética,Condicionadores Ácido
Condicionador Ácido Fluorídrico 10% 1 Seringa ,,Dentista,Dentística e Estética,Condicionadores Ácido
Condicionador Ácido Fluorídrico 5% ,,Dentista,Dentística e Estética,Condicionadores Ácido
Condicionador Ácido Fluorídrico Attack Ácido ,,Dentista,Dentística e Estética,Condicionadores Ácido
Condicionador Ácido Fluorídrico Attaque F Porcelana 10% ,,Dentista,Dentística e Estética,Condicionadores Ácido
Condicionador Ácido Fluorídrico Porcelana 10%,,Dentista,Dentística e Estética,Condicionadores Ácido
Condicionador Ácido Fluorídrico Porcelana 10% ,,Dentista,Dentística e Estética,Condicionadores Ácido
Condicionador Ácido Fluorídrico Porcelana 10% ,,Dentista,Dentística e Estética,Condicionadores Ácido
Condicionador Ácido Fluorídrico Porcelana 10% ,,Dentista,Dentística e Estética,Condicionadores Ácido
Condicionador Ácido Fluorídrico Porcelana 10% ,,Dentista,Dentística e Estética,Condicionadores Ácido
Condicionador Ácido Fluorídrico Porcelana 5% ,,Dentista,Dentística e Estética,Condicionadores Ácido
Condicionador Ácido Fluorídrico Porcelana Potenza Attacco HF ,,Dentista,Dentística e Estética,Condicionadores Ácido
Condicionador Ácido Fluorídrico Pró-10,,Dentista,Dentística e Estética,Condicionadores Ácido
Condicionado Ácido Fosfórico Pró,,Dentista,Dentística e Estética,Condicionadores Ácido
Condicionador Ácido Blue 37% Condac ,Condac,Dentista,Dentística e Estética,Condicionadores Ácido
Condicionador Ácido Fosfórico 37% ,AllPrime,Dentista,Dentística e Estética,Condicionadores Ácido
Condicionador Ácido Fosfórico 37% ,,Dentista,Dentística e Estética,Condicionadores Ácido
Condicionador Ácido Fosfórico 37% ,,Dentista,Dentística e Estética,Condicionadores Ácido
Condicionador Ácido Fosfórico 37% 3 Seringas ,,Dentista,Dentística e Estética,Condicionadores Ácido
Condicionador Ácido Fosfórico 37% Ácido,,Dentista,Dentística e Estética,Condicionadores Ácido
Condicionador Ácido Fosfórico Acid Gel 37% ,,Dentista,Dentística e Estética,Condicionadores Ácido
Condicionador Ácido Fosfórico Alpha Etch 37% ,Alpha Etch,Dentista,Dentística e Estética,Condicionadores Ácido
Condicionador Ácido Fosfórico Attack Ácido 37% ,,Dentista,Dentística e Estética,Condicionadores Ácido
Condicionador Ácido Fosfórico Attaque Gel 37% ,,Dentista,Dentística e Estética,Condicionadores Ácido
Condicionador Ácido Fosfórico Dental Gel 37% 3 Seringas 3ml ,,Dentista,Dentística e Estética,Condicionadores Ácido
Condicionador Ácido Fosfórico Fusion Duralink 37% ,,Dentista,Dentística e Estética,Condicionadores Ácido
Condicionador Ácido Fosfórico Gel 37% ,,Dentista,Dentística e Estética,Condicionadores Ácido
Condicionador Ácido Fosfórico Gel Condaaf 37% ,Condaaf,Dentista,Dentística e Estética,Condicionadores Ácido
Condicionador Ácido Fosfórico Gel Super Etch 37% ,,Dentista,Dentística e Estética,Condicionadores Ácido
Condicionador Ácido Fosfórico Gluma Etch 35% ,,Dentista,Dentística e Estética,Condicionadores Ácido
Condicionador Ácido Fosfórico Lysac Gel 37% ,Lysac,Dentista,Dentística e Estética,Condicionadores Ácido
Condicionador Ácido Fosfórico Magic Acid 37% ,Magic Acid,Dentista,Dentística e Estética,Condicionadores Ácido
Condicionador Ácido Fosfórico Potenza Attacco 35% ,Potenza,Dentista,Dentística e Estética,Condicionadores Ácido
Condicionador Ácido Fosfórico Potenza Attacco 35% ,Potenza,Dentista,Dentística e Estética,Condicionadores Ácido
Condicionador Ácido Fosfórico Potenza Attacco 35% Bulk ,Potenza,Dentista,Dentística e Estética,Condicionadores Ácido
Condicionador Ácido Fosfórico Ultra Etch Gel 35% 3g ,Ultra Etch,Dentista,Dentística e Estética,Condicionadores Ácido
Condicionador Ácido Fosfórico Ultra Etch IndiSpense 35% ,Ultra Etch,Dentista,Dentística e Estética,Condicionadores Ácido
Condicionador Ácido Poliacrílico Riva Conditioner ,Riva,Dentista,Dentística e Estética,Condicionadores Ácido
"Condicionador Ácido Poliacrílico Vitro 11,5% ",Vitro,Dentista,Dentística e Estética,Condicionadores Ácido
Condicionador Ácido Porcelana 10% Condac ,Condac,Dentista,Dentística e Estética,Condicionadores Ácido 
Condicionador Ácido Porcelana 5% Condac ,Condac,Dentista,Dentística e Estética,Condicionadores Ácido 
Cone Plástico para Duplicar PPR ,,Laboratório,Instrumentos e Ferramentas,Instrumentos para Prótese Removível
Cone Polimento Acrílico Feltro Duro 1 ,,Laboratório,Materiais para Acabamento e Polimento,Polidores
Cone Polimento Acrílico Feltro Duro 2 ,,Laboratório,Materiais para Acabamento e Polimento,Polidores
Cone Polimento Acrílico Feltro Duro 3 ,,Laboratório,Materiais para Acabamento e Polimento,Polidores
Cone Polimento Acrílico Feltro Duro 4 ,,Laboratório,Materiais para Acabamento e Polimento,Polidores
Conformador de Cera Metálico ,,Laboratório,Materiais para Acabamento e Polimento,Polidores
Conjunto de Aspiração Endodôntico ,,Dentista,Endodontia,Irrigação e Aspiração
"Bráquete Cerâmico Reposição Iceram MBT 0,022 ",,Dentista,Ortodontia,Bráquetes
Bráquete de Aço Biomax Roth 022 Kit ,,Dentista,Ortodontia,Bráquetes
Bráquete de Aço Roth Light 13° 018 Kit ,,Dentista,Ortodontia,Bráquetes
Bráquete de Aço Roth Light 13° 018 Kit ,,Dentista,Ortodontia,Bráquetes
Conjunto de Pontas com Espelho para TRIOS 3 ,,Laboratório,Solução Digital,Scanner
Contra Ângulo,,Dentista,Equipamentos e Peças de Mão,Micromotores e Contra-Ângulos
Contra Ângulo,,Dentista,Equipamentos e Peças de Mão,Micromotores e Contra-Ângulos
Contra Ângulo 20:1 PB ,,Dentista,Equipamentos e Peças de Mão,Micromotores e Contra-Ângulos
Contra Ângulo Alegra WE,,Dentista,Equipamentos e Peças de Mão,Micromotores e Contra-Ângulos
Contra Ângulo Cd1 Led 1:1 Pb ,,Dentista,Equipamentos e Peças de Mão,Micromotores e Contra-Ângulos
Contra Ângulo Cd1C Led 1:1 Pb ,,Dentista,Equipamentos e Peças de Mão,Micromotores e Contra-Ângulos
Contra Ângulo cm5C Led 1:5 Pb ,,Dentista,Equipamentos e Peças de Mão,Micromotores e Contra-Ângulos
Contra Ângulo CM5W Led Intra ,,Dentista,Equipamentos e Peças de Mão,Micromotores e Contra-Ângulos
Contra Ângulo Cr20C Led 20:1 Pb ,,Dentista,Equipamentos e Peças de Mão,Micromotores e Contra-Ângulos
Contra Ângulo Cr20Cs 20:1 Pb ,,Dentista,Equipamentos e Peças de Mão,Micromotores e Contra-Ângulos
Contra Ângulo Endo FXM 700 PB 70:1 ,,Dentista,Equipamentos e Peças de Mão,Micromotores e Contra-Ângulos
Contra Ângulo FX 25,,Dentista,Equipamentos e Peças de Mão,Micromotores e Contra-Ângulos
Contra Ângulo Intra FX 110 PB Prime 1:1 ,,Dentista,Equipamentos e Peças de Mão,Micromotores e Contra-Ângulos
Contra Ângulo Intra FX 110 Prime 1:1 com Trava ,,Dentista,Equipamentos e Peças de Mão,Micromotores e Contra-Ângulos
Contra Ângulo Intra T10 1:1 ,,Dentista,Equipamentos e Peças de Mão,Micromotores e Contra-Ângulos
Contra Ângulo Intra T20 PB 1:1 ,,Dentista,Equipamentos e Peças de Mão,Micromotores e Contra-Ângulos
Contra Ângulo Intra WG 56 1:1 ,,Dentista,Equipamentos e Peças de Mão,Micromotores e Contra-Ângulos
Contra Ângulo Kids Descartável ,,Dentista,Equipamentos e Peças de Mão,Micromotores e Contra-Ângulos
Contra Ângulo Latch Type 1:1 ,,Dentista,Equipamentos e Peças de Mão,Micromotores e Contra-Ângulos
Contra Angulo Multiplic Wg,,Dentista,Equipamentos e Peças de Mão,Micromotores e Contra-Ângulos
Contra Ângulo Multiplicador Intra 1:5 ,,Dentista,Equipamentos e Peças de Mão,Micromotores e Contra-Ângulos
Contra Ângulo Multiplicador WS,,Dentista,Equipamentos e Peças de Mão,Micromotores e Contra-Ângulos
Contra Ângulo Oscilatório 16:1 ,,Dentista,Equipamentos e Peças de Mão,Micromotores e Contra-Ângulos
Contra Ângulo Oscilatório Endo FXR 160 PB 16:1 ,,Dentista,Equipamentos e Peças de Mão,Micromotores e Contra-Ângulos
Contra Ângulo para Implante FX 200 20:1 ,,Dentista,Equipamentos e Peças de Mão,Micromotores e Contra-Ângulos
Contra Ângulo para Implante FX 200 20:1 PB ,,Dentista,Equipamentos e Peças de Mão,Micromotores e Contra-Ângulos
Contra Ângulo Para Implante Impulsion ,,Dentista,Equipamentos e Peças de Mão,Micromotores e Contra-Ângulos
Contra Ângulo para Implante LP FX 200 20:1 ,,Dentista,Equipamentos e Peças de Mão,Micromotores e Contra-Ângulos
Contra Ângulo para Implante Smax-Sg20,,Dentista,Equipamentos e Peças de Mão,Micromotores e Contra-Ângulos
Contra Ângulo para Implante X-Sg20L,,Dentista,Equipamentos e Peças de Mão,Micromotores e Contra-Ângulos
"Contra Ângulo Push Botton Broca 2,35mm 1:1 ",,Dentista,Equipamentos e Peças de Mão,Micromotores e Contra-Ângulos
Contra Ângulo Reciprocante Linear ,,Dentista,Equipamentos e Peças de Mão,Micromotores e Contra-Ângulos
Contra Ângulo Redutor Intra 20:1 ,,Dentista,Equipamentos e Peças de Mão,Micromotores e Contra-Ângulos
Contra Ângulo Redutor WG 66 LT 2:1 ,,Dentista,Equipamentos e Peças de Mão,Micromotores e Contra-Ângulos
Contra Ângulo SGL 20:1 ,,Dentista,Equipamentos e Peças de Mão,Micromotores e Contra-Ângulos
Contra Ângulo SGL Led 20:1 ,,Dentista,Equipamentos e Peças de Mão,Micromotores e Contra-Ângulos
Contra Ângulo S-Max M25L,,Dentista,Equipamentos e Peças de Mão,Micromotores e Contra-Ângulos
Contra Ângulo S-Max M95,,Dentista,Equipamentos e Peças de Mão,Micromotores e Contra-Ângulos
Contra Ângulo S-Max M95L,,Dentista,Equipamentos e Peças de Mão,Micromotores e Contra-Ângulos
Contra Ângulo WI,,Dentista,Equipamentos e Peças de Mão,Micromotores e Contra-Ângulos
Contra Ângulo WP,,Dentista,Equipamentos e Peças de Mão,Micromotores e Contra-Ângulos
Contra Ângulo WS,,Dentista,Equipamentos e Peças de Mão,Micromotores e Contra-Ângulos
Contra Ângulo WS,,Dentista,Equipamentos e Peças de Mão,Micromotores e Contra-Ângulos
Contra Ângulo WS,,Dentista,Equipamentos e Peças de Mão,Micromotores e Contra-Ângulos
Contra Ângulo X25L,,Dentista,Equipamentos e Peças de Mão,Micromotores e Contra-Ângulos
Contra Ângulo X95L,,Dentista,Equipamentos e Peças de Mão,Micromotores e Contra-Ângulos
Contra-Ângulo Astro Soft LT,,Dentista,Equipamentos e Peças de Mão,Micromotores e Contra-Ângulos
"Contra-Ângulo WS-92 L Led 1:2,7 ",,Dentista,Equipamentos e Peças de Mão,Micromotores e Contra-Ângulos
Corante para Resina Final Touch ,,Dentista,Dentística e Estética,Resina Composta
Corante para Resina Final Touch Kit ,,Dentista,Dentística e Estética,Resina Composta
Kit Corante para Resina Essentia Modifier ,,Dentista,Dentística e Estética,Resina Composta
Coroa Decíduo Anterior ,,Dentista,Prótese Clínica e Reabilitação Oral,Materiais para Provisórios
Coroa Deciduo Anterior E Posterior ,,Dentista,Prótese Clínica e Reabilitação Oral,Materiais para Provisórios
Coroa Provisória Provjet ,,Dentista,Prótese Clínica e Reabilitação Oral,Materiais para Provisórios
Coroa Transparente ,,Dentista,Prótese Clínica e Reabilitação Oral,Materiais para Provisórios
Coroa Transparente ,,Dentista,Prótese Clínica e Reabilitação Oral,Materiais para Provisórios
Corpo de Escaneamento ,,Dentista,Implantodontia,Componente Protético
Corpo de Escaneamento Mini Pilar ,,Dentista,Implantodontia,Componente Protético
Corpo de Escaneamento Pilar Multi Unit ,,Dentista,Implantodontia,Componente Protético
Prendedor de Babador Jacaré Corrente ,,Dentista,Descartáveis,Produtos para Paciente
Prendedor de Babador Jacaré Corrente ,,Dentista,Descartáveis,Produtos para Paciente
Prendedor de Babador Jacaré Slim Infantil ,,Dentista,Descartáveis,Produtos para Paciente
Corretor de Classe II 3M™ Forsus™ EZ2 Module ,,Dentista,Ortodontia,Acessórios Ortodônticos
Corretor de Classe II Carriere ,,Dentista,Ortodontia,Acessórios Ortodônticos
Cover CM ,,Dentista,Implantodontia,Componente Protético
Cover HE ,,Dentista,Implantodontia,Componente Protético
Creme Dental ,,Dentista,Higiene Oral,Cremes Dentais
Creme Dental ,,Dentista,Higiene Oral,Cremes Dentais
Creme Dental 100% ,,Dentista,Higiene Oral,Cremes Dentais
Creme Dental 3D White Mineral Clean ,,Dentista,Higiene Oral,Cremes Dentais
Creme Dental 3D White Mineral Clean ,,Dentista,Higiene Oral,Cremes Dentais
Creme Dental 3D White Perfection ,,Dentista,Higiene Oral,Cremes Dentais
Creme Dental 3M™ Clinpro™ 5000 ,,Dentista,Higiene Oral,Cremes Dentais
Creme Dental Advanced Repair ,,Dentista,Higiene Oral,Cremes Dentais
Creme Dental Anticáries Elmex ,,Dentista,Higiene Oral,Cremes Dentais
Creme Dental Detox Deep Clean ,,Dentista,Higiene Oral,Cremes Dentais
Creme Dental Detox Sensitive ,,Dentista,Higiene Oral,Cremes Dentais
Creme Dental Detox Tartar Defense ,,Dentista,Higiene Oral,Cremes Dentais
Creme Dental Duplo Alívio ,,Dentista,Higiene Oral,Cremes Dentais
Creme Dental Gengiva Detox Tartar Defense ,,Dentista,Higiene Oral,Cremes Dentais
Creme Dental Kids Mickey ,,Dentista,Higiene Oral,Cremes Dentais
Creme Dental Kids Minnie ,,Dentista,Higiene Oral,Cremes Dentais
Creme Dental Kids Princesas ,,Dentista,Higiene Oral,Cremes Dentais
Creme Dental Kids Spider,,Dentista,Higiene Oral,Cremes Dentais
Creme Dental Máxima Proteção Anticáries ,,Dentista,Higiene Oral,Cremes Dentais
Creme Dental Máxima Proteção Anticáries ,,Dentista,Higiene Oral,Cremes Dentais
Creme Dental O2 ,,Dentista,Higiene Oral,Cremes Dentais
Creme Dental Opalescence Whitenning Toothpaste Cool Mint Alívio de Sensibilidade ,,Dentista,Higiene Oral,Cremes Dentais
Creme Dental Pro Clinical ,,Dentista,Higiene Oral,Cremes Dentais
Creme Dental Sensitive ,,Dentista,Higiene Oral,Cremes Dentais
Creme Dental Stages Jasmine ,,Dentista,Higiene Oral,Cremes Dentais
Creme Dental Stages Pateta ,,Dentista,Higiene Oral,Cremes Dentais
Creme Dental Stages Princesas ,,Dentista,Higiene Oral,Cremes Dentais
Creme Dental Stages Toy Story ,,Dentista,Higiene Oral,Cremes Dentais
Creme Dental Total 12 Professional Gengiva Saudável ,,Dentista,Higiene Oral,Cremes Dentais
Gel Dental ,,Dentista,Higiene Oral,Cremes Dentais
Gel Dental Infantil Patrulha Canina ,,Dentista,Higiene Oral,Cremes Dentais
Gel Dental Infantil Patrulha Canina Sem Flúor ,,Dentista,Higiene Oral,Cremes Dentais
Gel Dental Infantil Trolls ,,Dentista,Higiene Oral,Cremes Dentais
Gel Dental Peppa Pig ,,Dentista,Higiene Oral,Cremes Dentais
Gel Dental Tandy ,,Dentista,Higiene Oral,Cremes Dentais
Creme Massagem Facial Hyaluface 200ml ,,Dentista,Harmonização Orofacial,Dermocosméticos
Creme Juvebright Pálpebras 20ml ,,Dentista,Harmonização Orofacial,Dermocosméticos
Creme Protetor Bisnaga Rioderm Protection 92g ,,Dentista,Harmonização Orofacial,Dermocosméticos
Cristais Lapidados Para Piercing Dental ,,Dentista,Dentística e Estética,Acessórios para Dentística
Cuba para Espatulador à Vácuo ,,Laboratório,Equipamentos Laboratório,Equipamentos para Prótese Removível
Cuba para Espatulador Grande ,,Laboratório,Equipamentos Laboratório,Equipamentos para Prótese Removível
Cuba para Espatulador Pequena ,,Laboratório,Equipamentos Laboratório,Equipamentos para Prótese Removível
Cervicunha ,,Dentista,Dentística e Estética,Sistemas de Matriz
Cunha Anatômica de Madeira ,,Dentista,Dentística e Estética,Sistemas de Matriz
Cunha Anatômica de Madeira ,,Dentista,Dentística e Estética,Sistemas de Matriz
Cunha Anatômica de Madeira Colorida Sortida ,,Dentista,Dentística e Estética,Sistemas de Matriz
Cunha Anatômica de Madeira Sortida ,,Dentista,Dentística e Estética,Sistemas de Matriz
Cunha Anatômica Madeira ,,Dentista,Dentística e Estética,Sistemas de Matriz
Cunha Anatômica Madeira ,,Dentista,Dentística e Estética,Sistemas de Matriz
Cunha de Madeira Colorida ,,Dentista,Dentística e Estética,Sistemas de Matriz
Cunha de Madeira Sortida ,,Dentista,Dentística e Estética,Sistemas de Matriz
Cunha Anatômica 3D ,,Dentista,Dentística e Estética,Sistemas de Matriz
Cunha Anatômica Palodent V3 ,,Dentista,Dentística e Estética,Sistemas de Matriz
Cunha Anatômica Plástica Interproximal Ultrawedge Diamantada ,,Dentista,Dentística e Estética,Sistemas de Matriz
Cunha Anatômica Plástica Interproximal Ultrawedge Diamantada Sortido ,,Dentista,Dentística e Estética,Sistemas de Matriz
Cunha Anatômica Plástica Interproximal Ultrawedge Tulwar Sortido ,,Dentista,Dentística e Estética,Sistemas de Matriz
Cunha Elástica ,,Dentista,Dentística e Estética,Sistemas de Matriz
Cunha Elástica ,,Dentista,Dentística e Estética,Sistemas de Matriz
Cunha Elástica ,,Dentista,Dentística e Estética,Sistemas de Matriz
Cunha Elástica Ultrawedge Sortido ,,Dentista,Dentística e Estética,Sistemas de Matriz
Cunha Interdental Natural de Madeira ,,Dentista,Dentística e Estética,Sistemas de Matriz
Cunha Protetora ,,Dentista,Dentística e Estética,Sistemas de Matriz
Cunha Reflexiva ,,Dentista,Dentística e Estética,Sistemas de Matriz
Cunhas Plásticas Sortidas Mywedge ,,Dentista,Dentística e Estética,Sistemas de Matriz
Curativo Alveolar Alveogyl 10g ,,Dentista,Cirurgia e Periodontia,Curativos
Curativo Alveolar Alveolex ,,Dentista,Cirurgia e Periodontia,Curativos
Curativo Alveolar Alveolex ,,Dentista,Cirurgia e Periodontia,Curativos
Curativo Alveolar Alveolipast 10g ,,Dentista,Cirurgia e Periodontia,Curativos
Curativo Alveolar Alveolipast 2 Seringas 3g ,,Dentista,Cirurgia e Periodontia,Curativos
Curativo Estéril Circular Adulto 500unid. ,,Dentista,Cirurgia e Periodontia,Curativos
Curativo Estéril Circular Estampado Infantil 500unid. ,,Dentista,Cirurgia e Periodontia,Curativos
Pontas para Implante Implacare Impa ,,Dentista,Implantodontia,Instrumentais para Implantodontia
Cureta Longa Millennium ,,Dentista,Implantodontia,Instrumentais para Implantodontia
Cursor Mesializador e Distalizador Curto ,,Dentista,Ortodontia,Acessórios Ortodônticos
Cursor Mesializador e Distalizador Médio ,,Dentista,Ortodontia,Acessórios Ortodônticos
Curva de Spee Inferior de Alumínio ,,Laboratório,Instrumentos e Ferramentas,Instrumentos para Prótese Removível
Curva de Spee Superior de Alumínio ,,Laboratório,Instrumentos e Ferramentas,Instrumentos para Prótese Removível
Curva de Spee Superior de Alumínio ,,Laboratório,Instrumentos e Ferramentas,Instrumentos para Prótese Removível
Delineador B2 Paralelômetro ,,Laboratório,Equipamentos para Laboratório, Instrumentos de Medição e Precisão
Dentatec 1000ml ,,Laboratório,Solução Digital,Sistemas CAD/CAM
Dente Acrylux Anterior Inferior ,Acrylux,Laboratório,Dentes Artificiais,Dentes de Resina Acrílica
Dente Acrylux Anterior Superior ,Acrylux,Laboratório,Dentes Artificiais,Dentes de Resina Acrílica
Dente Acrylux Posterior Inferior ,Acrylux,Laboratório,Dentes Artificiais,Dentes de Resina Acrílica
Dente Acrylux Posterior Superior ,Acrylux,Laboratório,Dentes Artificiais,Dentes de Resina Acrílica
Dente Acrymat Anterior Inferior ,Acrymat,Laboratório,Dentes Artificiais,Dentes de Resina Acrílica
Dente Acrymat Anterior Inferior ,Acrymat,Laboratório,Dentes Artificiais,Dentes de Resina Acrílica
Dente Acrymat Anterior Superior ,Acrymat,Laboratório,Dentes Artificiais,Dentes de Resina Acrílica
Dente Acrymat Anterior Superior ,Acrymat,Laboratório,Dentes Artificiais,Dentes de Resina Acrílica
Dente Acrymat Anterior Superior ,Acrymat,Laboratório,Dentes Artificiais,Dentes de Resina Acrílica
Dente Acrymat Anterior Superior ,Acrymat,Laboratório,Dentes Artificiais,Dentes de Resina Acrílica
Dente Acrymat Anterior Superior ,Acrymat,Laboratório,Dentes Artificiais,Dentes de Resina Acrílica
Dente Acrymat Anterior Superior T8 4B ,Acrymat,Laboratório,Dentes Artificiais,Dentes de Resina Acrílica
Dente Acrymat Posterior Inferior ,Acrymat,Laboratório,Dentes Artificiais,Dentes de Resina Acrílica
Dente Acrymat Posterior Superior ,Acrymat,Laboratório,Dentes Artificiais,Dentes de Resina Acrílica
Dente ArtiPlus Posterior Inferior ,Artiplus,Laboratório,Dentes Artificiais,Dentes de Resina Acrílica
Dente Biocler GII Anterior Inferior ,Biocler,Laboratório,Dentes Artificiais,Dentes de Resina Acrílica
Dente Biocler GII Anterior Superior ,Biocler,Laboratório,Dentes Artificiais,Dentes de Resina Acrílica
Dente Biocler GII Posterior Superior ,Biocler,Laboratório,Dentes Artificiais,Dentes de Resina Acrílica
Dente Biolux OMC Anterior Inferior ,Biolux,Laboratório,Dentes Artificiais,Dentes de Resina Acrílica
Dente Biolux OMC Anterior Superior ,Biolux,Laboratório,Dentes Artificiais,Dentes de Resina Acrílica
Dente Biolux OMC Posterior Inferior ,Biolux,Laboratório,Dentes Artificiais,Dentes de Resina Acrílica
Dente Biolux OMC Posterior Superior ,Biolux,Laboratório,Dentes Artificiais,Dentes de Resina Acrílica
Dente Bionix Anterior Inferior ,Bionix,Laboratório,Dentes Artificiais,Dentes de Resina Acrílica
Dente Bionix Anterior Superior ,Bionix,Laboratório,Dentes Artificiais,Dentes de Resina Acrílica
Dente Bionix Posterior Inferior ,Bionix,Laboratório,Dentes Artificiais,Dentes de Resina Acrílica
Dente Bionix Posterior Superior ,Bionix,Laboratório,Dentes Artificiais,Dentes de Resina Acrílica
Dente Biotone Anterior Inferior ,Biotone,Laboratório,Dentes Artificiais,Dentes de Resina Acrílica
Dente Biotone Anterior Superior ,Biotone,Laboratório,Dentes Artificiais,Dentes de Resina Acrílica
Dente Biotone Posterior Inferior ,Biotone,Laboratório,Dentes Artificiais,Dentes de Resina Acrílica
Dente Biotone Posterior Superior ,Biotone,Laboratório,Dentes Artificiais,Dentes de Resina Acrílica
Dente Chroma 4 Anterior Superior ,Chroma,Laboratório,Dentes Artificiais,Dentes de Resina Acrílica
Dente Delara Anterior Inferior ,Delara,Laboratório,Dentes Artificiais,Dentes de Resina Acrílica
Dente Delara Anterior Superior ,Delara,Laboratório,Dentes Artificiais,Dentes de Resina Acrílica
Dente Delara Anterior Superior ,Delara,Laboratório,Dentes Artificiais,Dentes de Resina Acrílica
Dente Delara Anterior Superior ,Delara,Laboratório,Dentes Artificiais,Dentes de Resina Acrílica
Dente Delara Anterior Superior ,Delara,Laboratório,Dentes Artificiais,Dentes de Resina Acrílica
Dente Delara Posterior Inferior ,Delara,Laboratório,Dentes Artificiais,Dentes de Resina Acrílica
Dente Delara Posterior Superior ,Delara,Laboratório,Dentes Artificiais,Dentes de Resina Acrílica
Dente Dent Clean Posterior Superior 30L 62 ,,Laboratório,Dentes Artificiais,Dentes de Resina Acrílica
Dente Genios Anterior Inferior ,,Laboratório,Dentes Artificiais,Dentes de Resina Acrílica
Dente Genios Anterior Superior ,,Laboratório,Dentes Artificiais,Dentes de Resina Acrílica
Dente Genios Anterior Superior O30C A1 ,,Laboratório,Dentes Artificiais,Dentes de Resina Acrílica
Dente Genios Posterior Inferior ,,Laboratório,Dentes Artificiais,Dentes de Resina Acrílica
Dente Genios Posterior Superior ,,Laboratório,Dentes Artificiais,Dentes de Resina Acrílica
Dente Gnathostar Posterior Inferior,,Laboratório,Dentes Artificiais,Dentes de Resina Acrílica
Dente Gnathostar Posterior Superior,,Laboratório,Dentes Artificiais,Dentes de Resina Acrílica
Dente Ivostar Anterior Inferior,,Laboratório,Dentes Artificiais,Dentes de Resina Acrílica
Dente Ivostar A D Anterior Superior ,,Laboratório,Dentes Artificiais,Dentes de Resina Acrílica
Dente Natusdent Anterior Superior ,,Laboratório,Dentes Artificiais,Dentes de Resina Acrílica
Dente New Ace Anterior Inferior Yamahachi ,,Laboratório,Dentes Artificiais,Dentes de Resina Acrílica
Dente New Ace Anterior Superior Yamahachi ,,Laboratório,Dentes Artificiais,Dentes de Resina Acrílica
Dente New Ace Posterior Inferior Yamahachi ,,Laboratório,Dentes Artificiais,Dentes de Resina Acrílica
Dente New Ace Posterior Superior Yamahachi ,,Laboratório,Dentes Artificiais,Dentes de Resina Acrílica
Dente Newlux Anterior Inferior ,,Laboratório,Dentes Artificiais,Dentes de Resina Acrílica
Dente Newlux Anterior Superior ,,Laboratório,Dentes Artificiais,Dentes de Resina Acrílica
Dente Newlux Posterior Inferior ,,Laboratório,Dentes Artificiais,Dentes de Resina Acrílica
Dente Newlux Posterior Superior ,,Laboratório,Dentes Artificiais,Dentes de Resina Acrílica
Dente Nobile Posterior Inferior,,Laboratório,Dentes Artificiais,Dentes de Resina Acrílica
Dente Nobile 2 Anterior Inferior ,,Laboratório,Dentes Artificiais,Dentes de Resina Acrílica
Dente Nobile 2 Posterior Superior ,,Laboratório,Dentes Artificiais,Dentes de Resina Acrílica
Dente Orthognath Posterior Superior ,,Laboratório,Dentes Artificiais,Dentes de Resina Acrílica
Dente Popdent Anterior Inferior ,,Laboratório,Dentes Artificiais,Dentes de Resina Acrílica
Dente Popdent Anterior Superior ,,Laboratório,Dentes Artificiais,Dentes de Resina Acrílica
Dente Popdent Posterior Inferior ,,Laboratório,Dentes Artificiais,Dentes de Resina Acrílica
Dente Popdent Posterior Superior ,,Laboratório,Dentes Artificiais,Dentes de Resina Acrílica
Dente Premium Anterior Superior ,,Laboratório,Dentes Artificiais,Dentes de Resina Acrílica
Dente Premium Posterior Inferior ,,Laboratório,Dentes Artificiais,Dentes de Resina Acrílica
Dente Premium Posterior Superior ,,Laboratório,Dentes Artificiais,Dentes de Resina Acrílica
Dente SR Orthotyp S PE Posterior Inferior ,,Laboratório,Dentes Artificiais,Dentes de Resina Acrílica
Dente SR Orthotyp S PE Posterior Superior ,,Laboratório,Dentes Artificiais,Dentes de Resina Acrílica
Dente SR Vivodent PE Anterior Inferior ,,Laboratório,Dentes Artificiais,Dentes de Resina Acrílica
Dente SR Vivodent PE Anterior Superior ,,Laboratório,Dentes Artificiais,Dentes de Resina Acrílica
Dente SR Vivodent S PE Anterior Inferior 6 ,,Laboratório,Dentes Artificiais,Dentes de Resina Acrílica
Dente SR Vivodent S PE Anterior Superior ,,Laboratório,Dentes Artificiais,Dentes de Resina Acrílica
Dente Trilux Anterior Inferior ,,Laboratório,Dentes Artificiais,Dentes de Resina Acrílica
Dente Trilux Anterior Superior ,,Laboratório,Dentes Artificiais,Dentes de Resina Acrílica
Dente Trilux N Anterior Inferior ,,Laboratório,Dentes Artificiais,Dentes de Resina Acrílica
Dente Trilux Posterior Inferior ,,Laboratório,Dentes Artificiais,Dentes de Resina Acrílica
Dente Trilux Posterior Superior ,,Laboratório,Dentes Artificiais,Dentes de Resina Acrílica
Dente Triunfo Anterior Inferior ,,Laboratório,Dentes Artificiais,Dentes de Resina Acrílica
Dente Triunfo Anterior Superior ,,Laboratório,Dentes Artificiais,Dentes de Resina Acrílica
Dente Triunfo Posterior Inferior ,,Laboratório,Dentes Artificiais,Dentes de Resina Acrílica
Dente Triunfo Posterior Superior ,,Laboratório,Dentes Artificiais,Dentes de Resina Acrílica
Dente Vipi Dent Plus Anterior Inferior ,,Laboratório,Dentes Artificiais,Dentes de Resina Acrílica
Dente Vipi Dent Plus Anterior Superior ,,Laboratório,Dentes Artificiais,Dentes de Resina Acrílica
Dente VIPI Dent Plus Posterior Inferior ,,Laboratório,Dentes Artificiais,Dentes de Resina Acrílica
Dente Vipi Dent Plus Posterior Superior ,,Laboratório,Dentes Artificiais,Dentes de Resina Acrílica
Dente Vita MFT Anterior Inferior ,,Laboratório,Dentes Artificiais,Dentes de Resina Acrílica
Dente Vita MFT Anterior Superior ,,Laboratório,Dentes Artificiais,Dentes de Resina Acrílica
Dente Vita MFT Posterior Inferior ,,Laboratório,Dentes Artificiais,Dentes de Resina Acrílica
Dente Vita MFT Posterior Superior ,,Laboratório,Dentes Artificiais,Dentes de Resina Acrílica
Dermografo Completo Pen Easy Prata com Fonte Duo ,,Dentista,Harmonização Orofacial,Acessórios para Harmonização Orofacial
Dermógrafo Dermomag Junior ,,Dentista,Harmonização Orofacial,Acessórios para Harmonização Orofacial
Descolador Molt 2,,Dentista,Cirurgia e Periodontia,Instrumentais Cirúrgicos
Desinfetante Sugclean ,Sugclean,Dentista,Biossegurança,Desinfetantes e Esterilizantes
Desinfetante Germi Rio ,,Dentista,Biossegurança,Desinfetantes e Esterilizantes
Desinfetante Germi Rio ,,Dentista,Biossegurança,Desinfetantes e Esterilizantes
Desinfetante Germi Rio ,,Dentista,Biossegurança,Desinfetantes e Esterilizantes
Desinfetante Germi Rio Wipes Flow Pack ,,Dentista,Biossegurança,Higienizadores e Antissépticos
Kit Starter Desinfetante Quaternário de Moldes e Instrumentais Cavex Impresafe ,,Dentista,Biossegurança,Desinfetantes e Esterilizantes
Dessensibilizante ,,Dentista,Dentística e Estética,Clareadores Dentais
Dessensibilizante Cavex ExSense Gel 2% ,Cavex,Dentista,Dentística e Estética,Clareadores Dentais
Dessensibilizante Dental 2% ,,Dentista,Dentística e Estética,Clareadores Dentais
Dessensibilizante Dental 2% 1 Seringa ,,Dentista,Dentística e Estética,Clareadores Dentais
"Dessensibilizante Desensibilize KF 0,2% ",,Dentista,Dentística e Estética,Clareadores Dentais
Dessensibilizante Desensibilize KF 2% ,,Dentista,Dentística e Estética,Clareadores Dentais
Dessensibilizante em Moldeira Ultraez 3% ,,Dentista,Dentística e Estética,Clareadores Dentais
Dessensibilizante GHF ,,Dentista,Dentística e Estética,Clareadores Dentais
Dessensibilizante Gluma Desensitizer ,,Dentista,Dentística e Estética,Clareadores Dentais
"Dessensibilizante Lysense Gel 0,2% ",,Dentista,Dentística e Estética,Clareadores Dentais
Dessensibilizante Lysense Gel 2% ,,Dentista,Dentística e Estética,Clareadores Dentais
Dessensibilizante Oxagel ,,Dentista,Dentística e Estética,Clareadores Dentais
"Dessensibilizante Painless 1,5% ",Painless,Dentista,Dentística e Estética,Clareadores Dentais
Dessensibilizante Painless 5% ,Painless,Dentista,Dentística e Estética,Clareadores Dentais
"Dessensibilizante Potenza Esente 0,2% ",Potenza,Dentista,Dentística e Estética,Clareadores Dentais
"Dessensibilizante Potenza Esente 2,0% ",Potenza,Dentista,Dentística e Estética,Clareadores Dentais
"Dessensibilizante Potenza Esente 2,0% ",Potenza,Dentista,Dentística e Estética,Clareadores Dentais
Dessensibilizante Potenza Esente Glu,Potenza,Dentista,Dentística e Estética,Clareadores Dentais
Dessensibilizante Sensis 2% ,,Dentista,Dentística e Estética,Clareadores Dentais
Dessensibilizante Sensitivity Gel 3g ,,Dentista,Dentística e Estética,Clareadores Dentais
Dessensibilizante Soothe 6% ,,Dentista,Dentística e Estética,Clareadores Dentais
Dessensibilizante Soothe 6% ,,Dentista,Dentística e Estética,Clareadores Dentais
Dessensibilizante Total Blanc Office 2% ,Total Blanc,Dentista,Dentística e Estética,Clareadores Dentais
Dessensibilize Ultra EZ ,,Dentista,Dentística e Estética,Clareadores Dentais
Destacador Para Tampa de Tubos Conversíveis ,,Dentista,Ortodontia,Instrumentos Ortodônticos
Destilador de Água Multidem C27 ,,Dentista,Equipamentos e Peças de Mão,Equipamentos para Consultório
Detergente Pré-Limpeza Advanced Med 500ml ,,Dentista,Biossegurança,Desinfetantes e Esterilizantes
Detergente Enzimático Zymedet Gold 5,,Dentista,Biossegurança,Desinfetantes e Esterilizantes
Detergente Enzimático Zymedet Gold 5,,Dentista,Biossegurança,Desinfetantes e Esterilizantes
Kit Detergente Enzimático Riozyme ,,Dentista,Biossegurança,Desinfetantes e Esterilizantes
Disco Ninja Gold ,,Laboratório,Materiais para Acabamento e Polimento,Discos e Rodas
Disco Ninja Gold ,,Laboratório,Materiais para Acabamento e Polimento,Discos e Rodas
Disco Super Snap Mini L524 ,,Dentista,Dentística e Estética,Acabamento e Polimento
Disco Super Snap Regular L523 ,,Dentista,Dentística e Estética,Acabamento e Polimento
Disco de Aço Corundum 232 7/8 ,,Laboratório,Materiais para Acabamento e Polimento,Discos e Rodas
Disco de Carborundum 260Mm ,,Laboratório,Materiais para Acabamento e Polimento,Discos e Rodas
Disco de Carborundum 43 ,,Laboratório,Materiais para Acabamento e Polimento,Discos e Rodas
Disco de Carborundum Cinza ,,Laboratório,Materiais para Acabamento e Polimento,Discos e Rodas
Disco de Carborundum Cinza ,,Laboratório,Materiais para Acabamento e Polimento,Discos e Rodas
Disco de Carborundum Dupla,,Laboratório,Materiais para Acabamento e Polimento,Discos e Rodas
Disco de Carborundum Marrom ,,Laboratório,Materiais para Acabamento e Polimento,Discos e Rodas
Disco de Carborundum Marrom ,,Laboratório,Materiais para Acabamento e Polimento,Discos e Rodas
"Disco de Carburundum Marrom 38x0,6mm ",,Laboratório,Materiais para Acabamento e Polimento,Discos e Rodas
"Disco de Carburundum Verde 22x0,12mm ",,Laboratório,Materiais para Acabamento e Polimento,Discos e Rodas
Disco de Cera Fit Plus para Sistema AG de CAD/CAM C89 x L71 x H13mm Azul ,,Laboratório,Solução Digital,Materiais para Fresagem
Disco de Cera Fit Plus para Sistema AG de CAD/CAM C89 x L71 x H20mm Marfim ,,Laboratório,Solução Digital,Materiais para Fresagem
Disco de Cera Fit Plus para Sistema OP de CAD/CAM D98 x H12mm ,,Laboratório,Solução Digital,Materiais para Fresagem
Disco de Cera Fit Plus para Sistema OP de CAD/CAM D98 x H16mm Marfim ,,Laboratório,Solução Digital,Materiais para Fresagem
Disco de Cera Fit Plus para Sistema OP de CAD/CAM D98 x H18mm Branco ,,Laboratório,Solução Digital,Materiais para Fresagem
Disco de Cera Fit Plus para Sistema OP de CAD/CAM D98 x H20mm ,,Laboratório,Solução Digital,Materiais para Fresagem
Disco de Cera Fit Plus para Sistema ZZ de CAD/CAM D95 x H10mm Marfim ,,Laboratório,Solução Digital,Materiais para Fresagem
Disco de Cera Fit Plus para Sistema ZZ de CAD/CAM D95 x H16mm Cinza ,,Laboratório,Solução Digital,Materiais para Fresagem
Disco de Cera Fit Plus para Sistema ZZ de CAD/CAM D95 x H16mm Marfim ,,Laboratório,Solução Digital,Materiais para Fresagem
Disco de Cera Fit Plus para Sistema ZZ de CAD/CAM D95 x H20mm Azul ,,Laboratório,Solução Digital,Materiais para Fresagem
Disco de Cera Fit Plus para Sistema ZZ de CAD/CAM D95 x H25mm Marfim ,,Laboratório,Solução Digital,Materiais para Fresagem
Disco de Corte ,,Laboratório,Materiais para Acabamento e Polimento,Discos e Rodas
Disco de Corte ,,Laboratório,Materiais para Acabamento e Polimento,Discos e Rodas
"Disco de Corte Dynex 0,5x40mm ",,Laboratório,Materiais para Acabamento e Polimento,Discos e Rodas
"Disco de Corte Dynex Brillant 0,25X20mm ",,Laboratório,Materiais para Acabamento e Polimento,Discos e Rodas
"Disco de Corte Dynex Brillant 0,8X20mm ",,Laboratório,Materiais para Acabamento e Polimento,Discos e Rodas
"Disco de Corte Dynex Titanium 0,3x26mm ",,Laboratório,Materiais para Acabamento e Polimento,Discos e Rodas
Disco de Feltro ,,Dentista,Dentística e Estética,Acabamento e Polimento
Disco de Feltro 12mm ,,Dentista,Dentística e Estética,Acabamento e Polimento
Disco de Feltro 28x6mm ,,Dentista,Dentística e Estética,Acabamento e Polimento
Disco de Feltro 8mm ,,Dentista,Dentística e Estética,Acabamento e Polimento
Disco de Feltro Diamond ,,Dentista,Dentística e Estética,Acabamento e Polimento
Disco de Feltro Diamond Flex ,,Dentista,Dentística e Estética,Acabamento e Polimento
Disco de Feltro Mini ,,Dentista,Dentística e Estética,Acabamento e Polimento
Disco de Feltro Polimax ,,Dentista,Dentística e Estética,Acabamento e Polimento
Disco Feltro Polimax ,,Dentista,Dentística e Estética,Acabamento e Polimento
Disco de Lixa ,,Dentista,Dentística e Estética,Acabamento e Polimento
Disco de Lixa ,,Dentista,Dentística e Estética,Acabamento e Polimento
Disco de Lixa ,,Dentista,Dentística e Estética,Acabamento e Polimento
Disco de Lixa ,,Dentista,Dentística e Estética,Acabamento e Polimento
Disco de Lixa 3M™ Sof,,Dentista,Dentística e Estética,Acabamento e Polimento
Disco de Lixa 3M™ Sof,,Dentista,Dentística e Estética,Acabamento e Polimento
Disco de Lixa 3M™ Sof,,Dentista,Dentística e Estética,Acabamento e Polimento
Disco de Lixa 3M™ Sof,,Dentista,Dentística e Estética,Acabamento e Polimento
Disco de Lixa Com Velcro 260Mm Gr80 ,,Laboratório,Materiais para Acabamento e Polimento,Discos e Rodas
Disco de Lixa Diamond Pro ,,Dentista,Dentística e Estética,Acabamento e Polimento
Disco de Lixa Diamond Pro Refil ,,Dentista,Dentística e Estética,Acabamento e Polimento
Disco de Lixa Optidisc ,,Dentista,Dentística e Estética,Acabamento e Polimento
Disco de Lixa Optidisc ,,Dentista,Dentística e Estética,Acabamento e Polimento
Disco de Lixa OptiDisc ,,Dentista,Dentística e Estética,Acabamento e Polimento
Disco de Lixa Praxis ,,Dentista,Dentística e Estética,Acabamento e Polimento
Disco de Lixa Praxis ,,Dentista,Dentística e Estética,Acabamento e Polimento
Disco de Lixa Praxis ,,Dentista,Dentística e Estética,Acabamento e Polimento
Disco de Lixa Praxis Refil 3/8 ,,Dentista,Dentística e Estética,Acabamento e Polimento
Disco de Lixa Sof,,Dentista,Dentística e Estética,Acabamento e Polimento
Disco de Lixa Sortido 22mm ,,Dentista,Dentística e Estética,Acabamento e Polimento
Disco de Lixa Starter Flexi,,Dentista,Dentística e Estética,Acabamento e Polimento
Disco de Lixa Superfix ,,Dentista,Dentística e Estética,Acabamento e Polimento
Disco de Lixa Superfix ,,Dentista,Dentística e Estética,Acabamento e Polimento
Disco de Polimento Super,,Dentista,Dentística e Estética,Acabamento e Polimento
Disco de Polimento Super,,Dentista,Dentística e Estética,Acabamento e Polimento
Disco de Silicone OneGloss IC Cônica Invertida Nº 2 ,,Dentista,Dentística e Estética,Acabamento e Polimento
Kit Disco de Lixa 3M™ Sof,,Dentista,Dentística e Estética,Acabamento e Polimento
Kit Disco de Lixa 3M™ Sof,,Dentista,Dentística e Estética,Acabamento e Polimento
Kit Disco de Lixa Sof Gloss ,,Dentista,Dentística e Estética,Acabamento e Polimento
Kit Discos de Lixa Praxis ,,Dentista,Dentística e Estética,Acabamento e Polimento
Disco de Retenção Artex ,,Laboratório,Equipamentos Laboratório,Equipamentos para Prótese Removível
Disco de Retenção M3 para Giroform Classic ,,Laboratório,Equipamentos Laboratório,Equipamentos para Prótese Removível
Disco de Retenção Magnético ,,Laboratório,Equipamentos Laboratório,Equipamentos para Prótese Removível
Disco de Zircônia Fit Plus White HT para Sistema OP de CAD/CAM D98 X H16mm Branco ,,Laboratório,Solução Digital,Materiais para Fresagem
Disco de Zircônia Fit Plus White HT para Sistema OP de CAD/CAM D98 X H22mm Branco ,,Laboratório,Solução Digital,Materiais para Fresagem
Bloco de Zircônia SHTM para Sistema AG de CAD/CAM D72 x H16mm ,,Laboratório,Solução Digital,Materiais para Fresagem
Bloco de Zircônia SHTM para Sistema AG de CAD/CAM D72 x H18mm ,,Laboratório,Solução Digital,Materiais para Fresagem
Bloco de Zircônia SHTM para Sistema AG de CAD/CAM D72 x H20mm ,,Laboratório,Solução Digital,Materiais para Fresagem
Bloco de Zircônia SHTM para Sistema AG de CAD/CAM D72 x H25mm ,,Laboratório,Solução Digital,Materiais para Fresagem
Bloco de Zircônia SHTM para Sistema OP de CAD/CAM D98 x H18mm ,,Laboratório,Solução Digital,Materiais para Fresagem
Bloco de Zircônia SHTM para Sistema OP de CAD/CAM D98 x H20mm ,,Laboratório,Solução Digital,Materiais para Fresagem
Bloco de Zircônia SHTM para Sistema OP de CAD/CAM D98 x H25mm ,,Laboratório,Solução Digital,Materiais para Fresagem
Bloco de Zircônia SHTM para Sistema ZZ de CAD/CAM D95 x H16mm ,,Laboratório,Solução Digital,Materiais para Fresagem
Bloco de Zircônia SHTM para Sistema ZZ de CAD/CAM D95 x H18mm ,,Laboratório,Solução Digital,Materiais para Fresagem
Bloco de Zircônia SHTM para Sistema ZZ de CAD/CAM D95 x H22mm ,,Laboratório,Solução Digital,Materiais para Fresagem
Bloco de Zircônia SHTM para Sistema ZZ de CAD/CAM D95 x H25mm ,,Laboratório,Solução Digital,Materiais para Fresagem
Disco de Zircônia Fit Plus Explore Esthetic ML 4D para Sistema AG de CAD/CAM C89 x L71 x H12mm A1 ,,Laboratório,Solução Digital,Materiais para Fresagem
Disco de Zircônia Fit Plus Explore Esthetic ML 4D para Sistema AG de CAD/CAM C89 x L71 x H14mm BL2 ,,Laboratório,Solução Digital,Materiais para Fresagem
Disco de Zircônia Fit Plus Explore Esthetic ML 4D para Sistema AG de CAD/CAM C89 x L71 x H16mm A1 ,,Laboratório,Solução Digital,Materiais para Fresagem
Disco de Zircônia Fit Plus Explore Esthetic ML 4D para Sistema AG de CAD/CAM C89 x L71 x H18mm BL1 ,,Laboratório,Solução Digital,Materiais para Fresagem
Disco de Zircônia Fit Plus Explore Esthetic ML 4D para Sistema AG de CAD/CAM C89 x L71 x H20mm A1 ,,Laboratório,Solução Digital,Materiais para Fresagem
Disco de Zircônia Fit Plus Explore Esthetic ML 4D para Sistema AG de CAD/CAM C89 x L71 x H25mm B1 ,,Laboratório,Solução Digital,Materiais para Fresagem
Disco de Zircônia Fit Plus Explore Esthetic ML 4D para Sistema OP ,,Laboratório,Solução Digital,Materiais para Fresagem
Disco de Zircônia Fit Plus Explore Esthetic ML 4D para Sistema OP de CAD/CAM D98 x H14mm ,,Laboratório,Solução Digital,Materiais para Fresagem
Disco de Zircônia Fit Plus Explore Esthetic ML 4D para Sistema OP de CAD/CAM D98 x H18mm BL2 ,,Laboratório,Solução Digital,Materiais para Fresagem
Disco de Zircônia Fit Plus Explore Esthetic ML 4D para Sistema OP de CAD/CAM D98 x H20mm A1 ,,Laboratório,Solução Digital,Materiais para Fresagem
Disco de Zircônia Fit Plus Explore Esthetic ML 4D para Sistema OP de CAD/CAM D98 x H22mm B1 ,,Laboratório,Solução Digital,Materiais para Fresagem
Disco de Zircônia Fit Plus Explore Esthetic ML 4D para Sistema OP de CAD/CAM D98 x H25mm A1 ,,Laboratório,Solução Digital,Materiais para Fresagem
Disco de Zircônia Fit Plus Explore Esthetic ML 4D para Sistema ZZ de CAD/CAM D95 x H14mm BL2 ,,Laboratório,Solução Digital,Materiais para Fresagem
Disco de Zircônia Fit Plus Explore Esthetic ML 4D para Sistema ZZ de CAD/CAM D95 x H16mm ,,Laboratório,Solução Digital,Materiais para Fresagem
Disco de Zircônia Fit Plus Explore Esthetic ML 4D para Sistema ZZ de CAD/CAM D95 x H18mm BL2,Explore,Laboratório,Solução Digital,Materiais para Fresagem
Disco de Zircônia Fit Plus Explore Functional ML 4D para Sistema AG de CAD/CAM C89 x L71 x H18mm ,,Laboratório,Solução Digital,Materiais para Fresagem
Disco de Zircônia Fit Plus Explore Functional ML 4D para Sistema AG de CAD/CAM C89 x L71 x H20mm A1 ,,Laboratório,Solução Digital,Materiais para Fresagem
Disco de Zircônia Fit Plus Explore Functional ML 4D para Sistema AG de CAD/CAM C89 x L71 x H20mm BL4 ,,Laboratório,Solução Digital,Materiais para Fresagem
Disco de Zircônia Fit Plus Explore Functional ML 4D para Sistema AG de CAD/CAM C89 x L71 x H25mm A1 ,,Laboratório,Solução Digital,Materiais para Fresagem
Disco de Zircônia Fit Plus Explore Functional ML 4D para Sistema OP de CAD/CAM D98 x H18mm BL4 ,,Laboratório,Solução Digital,Materiais para Fresagem
Disco de Zircônia Fit Plus Explore Functional ML 4D para Sistema OP de CAD/CAM D98 x H20mm A1 ,,Laboratório,Solução Digital,Materiais para Fresagem
Disco de Zircônia Fit Plus Explore Functional ML 4D para Sistema OP de CAD/CAM D98 x H22mm B2 ,,Laboratório,Solução Digital,Materiais para Fresagem
Disco de Zircônia Fit Plus Explore Functional ML 4D para Sistema OP de CAD/CAM D98 x H22mm BL4 ,,Laboratório,Solução Digital,Materiais para Fresagem
Disco de Zircônia Fit Plus Explore Functional ML 4D para Sistema OP de CAD/CAM D98 x H25mm A2 ,,Laboratório,Solução Digital,Materiais para Fresagem
Disco de Zircônia Fit Plus Explore Functional ML 4D para Sistema ZZ de CAD/CAM D95 x H16mm B1 ,,Laboratório,Solução Digital,Materiais para Fresagem
Disco de Zircônia Fit Plus Explore Functional ML 4D para Sistema ZZ de CAD/CAM D95 x H18mm A1 ,,Laboratório,Solução Digital,Materiais para Fresagem
Disco de Zircônia Fit Plus Explore Functional ML 4D para Sistema ZZ de CAD/CAM D95 x H22mm BL4 ,,Laboratório,Solução Digital,Materiais para Fresagem
Disco de Zircônia Fit Plus Explore Functional ML 4D para Sistema ZZ de CAD/CAM D95 x H25mm A1 ,,Laboratório,Solução Digital,Materiais para Fresagem
Disco de Zircônia Fit Plus HT para Sistema OP de CAD/CAM D98 x H10mm Branco ,,Laboratório,Solução Digital,Materiais para Fresagem
Disco de Zircônia Fit Plus White HT para Sistema AG de CAD/CAM C89 x L71 x H12mm Branco ,,Laboratório,Solução Digital,Materiais para Fresagem
Disco de Zircônia Fit Plus White HT para Sistema AG de CAD/CAM C89 x L71 x H14mm Branco ,,Laboratório,Solução Digital,Materiais para Fresagem
Disco de Zircônia Fit Plus White HT para Sistema AG de CAD/CAM C89 x L71 x H16mm Branco ,,Laboratório,Solução Digital,Materiais para Fresagem
Disco de Zircônia Fit Plus White HT para Sistema AG de CAD/CAM C89 x L71 x H18mm Branco ,,Laboratório,Solução Digital,Materiais para Fresagem
Disco de Zircônia Fit Plus White HT para Sistema AG de CAD/CAM C89 x L71 x H20mm Branco ,,Laboratório,Solução Digital,Materiais para Fresagem
Disco de Zircônia Fit Plus White HT para Sistema AG de CAD/CAM C89 x L71 x H25mm Branco ,,Laboratório,Solução Digital,Materiais para Fresagem
Disco de Zircônia Fit Plus White HT para Sistema OP de CAD/CAM D98 x H12mm Branco ,,Laboratório,Solução Digital,Materiais para Fresagem
Disco de Zircônia Fit Plus White HT para Sistema OP de CAD/CAM D98 x H14mm Branco ,,Laboratório,Solução Digital,Materiais para Fresagem
Disco de Zircônia Fit Plus White HT para Sistema OP de CAD/CAM D98 x H18mm Branco ,,Laboratório,Solução Digital,Materiais para Fresagem
Disco de Zircônia Fit Plus White HT para Sistema OP de CAD/CAM D98 x H20mm Branco ,,Laboratório,Solução Digital,Materiais para Fresagem
Disco de Zircônia Fit Plus White HT para Sistema OP de CAD/CAM D98 x H25mm Branco ,,Laboratório,Solução Digital,Materiais para Fresagem
Disco de Zircônia Fit Plus White HT para Sistema ZZ de CAD/CAM D95 x H10mm Branco ,,Laboratório,Solução Digital,Materiais para Fresagem
Disco de Zircônia Fit Plus White HT para Sistema ZZ de CAD/CAM D95 x H12mm Branco ,,Laboratório,Solução Digital,Materiais para Fresagem
Disco de Zircônia Fit Plus White HT para Sistema ZZ de CAD/CAM D95 x H14mm Branco ,,Laboratório,Solução Digital,Materiais para Fresagem
Disco de Zircônia Fit Plus White HT para Sistema ZZ de CAD/CAM D95 x H16mm Branco ,,Laboratório,Solução Digital,Materiais para Fresagem
Disco de Zircônia Fit Plus White HT para Sistema ZZ de CAD/CAM D95 x H18mm Branco ,,Laboratório,Solução Digital,Materiais para Fresagem
Disco de Zircônia Fit Plus White HT para Sistema ZZ de CAD/CAM D95 x H22mm Branco ,,Laboratório,Solução Digital,Materiais para Fresagem
Disco de Zircônia Fit Plus White HT para Sistema ZZ de CAD/CAM D95 x H25mm Branco ,,Laboratório,Solução Digital,Materiais para Fresagem
Disco de Zircônia Fit Plus White ST ML para Sistema AG de CAD/CAM C89 x L71 x H16mm Branco ,,Laboratório,Solução Digital,Materiais para Fresagem
Disco de Zircônia Fit Plus White ST ML para Sistema AG de CAD/CAM C89 x L71 x H18mm Branco ,,Laboratório,Solução Digital,Materiais para Fresagem
Disco de Zircônia Fit Plus White ST ML para Sistema AG de CAD/CAM C89 x L71 x H20mm Branco ,,Laboratório,Solução Digital,Materiais para Fresagem
Disco de Zircônia Fit Plus White ST ML para Sistema AG de CAD/CAM C89 x L71 x H25mm Branco ,,Laboratório,Solução Digital,Materiais para Fresagem
Disco de Zircônia Fit Plus White ST ML para Sistema OP de CAD/CAM D98 x H18mm Branco ,,Laboratório,Solução Digital,Materiais para Fresagem
Disco de Zircônia Fit Plus White ST para Sistema OP de CAD/CAM D98 x H22mm Branco ,,Laboratório,Solução Digital,Materiais para Fresagem
Disco de Zircônia Fit Plus White ST para Sistema OP de CAD/CAM D98 x H25mm Branco ,,Laboratório,Solução Digital,Materiais para Fresagem
Disco de Zircônia Fit Plus White ST para Sistema ZZ de CAD/CAM D95 x H18mm Branco ,,Laboratório,Solução Digital,Materiais para Fresagem
Disco de Zircônia Fit Plus White ST para Sistema ZZ de CAD/CAM D95 x H22mm Branco ,,Laboratório,Solução Digital,Materiais para Fresagem
Disco de Zircônia Fit Plus White ST para Sistema ZZ de CAD/CAM D95 x H25mm Branco ,,Laboratório,Solução Digital,Materiais para Fresagem
Disco de Zircônia Fit Plus White TT para Sistema AG de CAD/CAM C89 x L71 x H16mm Branco ,,Laboratório,Solução Digital,Materiais para Fresagem
Disco de Zircônia Fit Plus White TT para Sistema AG de CAD/CAM C89 x L71 x H18mm Branco ,,Laboratório,Solução Digital,Materiais para Fresagem
Disco de Zircônia Fit Plus White TT para Sistema OP de CAD/CAM D98 x H14mm Branco ,,Laboratório,Solução Digital,Materiais para Fresagem
Disco de Zircônia Fit Plus White TT para Sistema OP de CAD/CAM D98 x H16mm Branco ,,Laboratório,Solução Digital,Materiais para Fresagem
Disco de Zircônia Fit Plus White TT para Sistema OP de CAD/CAM D98 x H18mm Branco ,,Laboratório,Solução Digital,Materiais para Fresagem
Disco para Recortador ,,Laboratório,Equipamentos Laboratório,Equipamentos para Moldagem e Modelos
Discos de Polimento ,,Laboratório,Materiais para Acabamento e Polimento,Discos e Rodas
Disco Diamantado Dupla Face ,,Dentista,Dentística e Estética,Acabamento e Polimento
Disco Diamantado Dupla Face Parcial ,,Dentista,Dentística e Estética,Acabamento e Polimento
Disco Diamantado Dupla Face Periférico ,,Dentista,Dentística e Estética,Acabamento e Polimento
Disco Diamantado Duraflex Dupla Face Total PM ,,Dentista,Dentística e Estética,Acabamento e Polimento
Disco Diamantado Espiral 3M™ Sof,,Dentista,Dentística e Estética,Acabamento e Polimento
Disco Diamantado Marathon para Recortador MT Plus ,,Laboratório,Equipamentos Laboratório,Equipamentos para Moldagem e Modelos
Disco Diamantado Marathon para Recortador MT3 ,,Laboratório,Equipamentos Laboratório,Equipamentos para Moldagem e Modelos
Disco Diamantado Mono Face ,,Dentista,Dentística e Estética,Acabamento e Polimento
Disco Diamantado para Recortador de Gesso ,,Laboratório,Equipamentos Laboratório,Equipamentos para Moldagem e Modelos
Disco Diamantado para Troquel ,,Dentista,Dentística e Estética,Acabamento e Polimento
Disco Diamantado Prime 263Mm ,,Dentista,Dentística e Estética,Acabamento e Polimento
Dispenser de Luvas Multiuso ,,Dentista,Biossegurança,Equipamentos de Proteção Individual (EPIs)
Dispenser & Points Combo ,,Dentista,Dentística e Estética,Acessórios para Dentística
Dispenser para Algodão Rolete ,,Dentista,Descartáveis,Produtos para Procedimentos
Divulsionador Para Travamento De Seringa Luer Lock ,,Dentista,Harmonização Orofacial,Acessórios para Harmonização Orofacial
Dobrador de Amarrilho Ponta Reta e Curvada Sputnik ,,Dentista,Ortodontia,Instrumentos Ortodônticos
Dobrador de Amarrilho Quality Line ,,Dentista,Ortodontia,Instrumentos Ortodônticos
Dobrador de Amarrilho Sputinik ,,Dentista,Ortodontia,Instrumentos Ortodônticos
Dobrador de Fio Amarrilho Com Ponta Curva ,,Dentista,Ortodontia,Instrumentos Ortodônticos
Dobrador Ortodôntico de Amarrilho ,,Dentista,Ortodontia,Instrumentos Ortodônticos
Dosador de Gesso Smartbox X2 ,,Laboratório,Equipamentos Laboratório,Equipamentos para Moldagem e Modelos
Edta,,Dentista,Endodontia,Irrigação e Aspiração
Edta,,Dentista,Endodontia,Irrigação e Aspiração
EDTA 500ml ,,Dentista,Endodontia,Irrigação e Aspiração
Edta T ,,Dentista,Endodontia,Irrigação e Aspiração
Edta T ,,Dentista,Endodontia,Irrigação e Aspiração
EDTA Trissódico ,,Dentista,Endodontia,Irrigação e Aspiração
EDTA Trissódico 20ml ,,Dentista,Endodontia,Irrigação e Aspiração
EDTA Trissódico Gel ,,Dentista,Endodontia,Irrigação e Aspiração
EDTA Trissódico Gel 24%,,Dentista,Endodontia,Irrigação e Aspiração
Edta Trissódico Gel 24% ,,Dentista,Endodontia,Irrigação e Aspiração
Edta Trissódico Gel 24% ,,Dentista,Endodontia,Irrigação e Aspiração
Edta Trissódico Gel 24% ,,Dentista,Endodontia,Irrigação e Aspiração
Edta Trissódico Líquido ,,Dentista,Endodontia,Irrigação e Aspiração
Edta Trissódico Líquido ,,Dentista,Endodontia,Irrigação e Aspiração
Edta Trissódico Líquido ,,Dentista,Endodontia,Irrigação e Aspiração
EDTA Trissódico Solução 18% ,,Dentista,Endodontia,Irrigação e Aspiração
Gel EDTA ,,Dentista,Endodontia,Irrigação e Aspiração
Elástico Bengalinha ,,Dentista,Ortodontia,Elásticos e Ligaduras
Elástico Bengalinha ,,Dentista,Ortodontia,Elásticos e Ligaduras
Elástico Bengalinha Antimicrobiano ,,Dentista,Ortodontia,Elásticos e Ligaduras
Elástico Bengalinha Colorido ,,Dentista,Ortodontia,Elásticos e Ligaduras
Elástico Cervical ,,Dentista,Ortodontia,Elásticos e Ligaduras
"Elástico Corrente 4,5 mt Curto ",,Dentista,Ortodontia,Elásticos e Ligaduras
"Elástico Corrente 4,5mt Longo ",,Dentista,Ortodontia,Elásticos e Ligaduras
"Elástico Corrente 4,5mt Médio ",,Dentista,Ortodontia,Elásticos e Ligaduras
Elástico Corrente Curto ,,Dentista,Ortodontia,Elásticos e Ligaduras
Elástico Corrente Curto ,,Dentista,Ortodontia,Elásticos e Ligaduras
Elástico Corrente Curto ,,Dentista,Ortodontia,Elásticos e Ligaduras
Elástico Corrente Longo ,,Dentista,Ortodontia,Elásticos e Ligaduras
Elástico Corrente Longo ,,Dentista,Ortodontia,Elásticos e Ligaduras
Elástico Corrente Longo ,,Dentista,Ortodontia,Elásticos e Ligaduras
Elástico Corrente Médio ,,Dentista,Ortodontia,Elásticos e Ligaduras
Elástico Corrente Médio ,,Dentista,Ortodontia,Elásticos e Ligaduras
Elástico Corrente Médio ,,Dentista,Ortodontia,Elásticos e Ligaduras
Elástico Corrente Médio Obscure 3M™ ,,Dentista,Ortodontia,Elásticos e Ligaduras
Elástico Em Látex 1/2 Médio ,,Dentista,Ortodontia,Elásticos e Ligaduras
Elástico Em Látex 1/2 Pesado ,,Dentista,Ortodontia,Elásticos e Ligaduras
Elástico Extraoral Látex 1/2 Leve ,,Dentista,Ortodontia,Elásticos e Ligaduras
Elástico Extraoral Látex 1/2 Médio ,,Dentista,Ortodontia,Elásticos e Ligaduras
Elástico Extraoral Látex 1/2 Pesado ,,Dentista,Ortodontia,Elásticos e Ligaduras
Elástico Intraoral de Silicone ,,Dentista,Ortodontia,Elásticos e Ligaduras
Elástico Intraoral Látex 1/4 ,,Dentista,Ortodontia,Elásticos e Ligaduras
Elástico Intraoral Látex 1/4 ,,Dentista,Ortodontia,Elásticos e Ligaduras
Elástico Intraoral Látex 1/8 ,,Dentista,Ortodontia,Elásticos e Ligaduras
Elástico Intraoral Látex 1/8 ,,Dentista,Ortodontia,Elásticos e Ligaduras
Elástico Intraoral Látex 3/16 ,,Dentista,Ortodontia,Elásticos e Ligaduras
Elástico Intraoral Látex 3/16 ,,Dentista,Ortodontia,Elásticos e Ligaduras
Elástico Intraoral Látex 3/4 ,,Dentista,Ortodontia,Elásticos e Ligaduras
Elástico Intraoral Látex 3/8 ,,Dentista,Ortodontia,Elásticos e Ligaduras
Elástico Intraoral Látex 3/8 ,,Dentista,Ortodontia,Elásticos e Ligaduras
Elástico Intraoral Látex 5/16 ,,Dentista,Ortodontia,Elásticos e Ligaduras
Elástico Intraoral Látex 5/16 ,,Dentista,Ortodontia,Elásticos e Ligaduras
Elástico Intraoral Látex Antimicrobiano Black Médio 1/4 ,,Dentista,Ortodontia,Elásticos e Ligaduras
Elástico Intraoral Látex Antimicrobiano Black Médio 1/8 ,,Dentista,Ortodontia,Elásticos e Ligaduras
Elástico Intraoral Látex Antimicrobiano Black Médio 3/16 ,,Dentista,Ortodontia,Elásticos e Ligaduras
Elástico Intraoral Látex Antimicrobiano Black Médio 5/16 ,,Dentista,Ortodontia,Elásticos e Ligaduras
Elástico Ligadura Modular ,,Dentista,Ortodontia,Elásticos e Ligaduras
Elástico Modular ,,Dentista,Ortodontia,Elásticos e Ligaduras
Elástico Modular 3M™  Easy,,Dentista,Ortodontia,Elásticos e Ligaduras
Elástico Modular 3M™  Guard Silver ,,Dentista,Ortodontia,Elásticos e Ligaduras
Elástico Modular 3M™ Easy-to-tie,,Dentista,Ortodontia,Elásticos e Ligaduras
Elástico Modular Antimicrobiano ,,Dentista,Ortodontia,Elásticos e Ligaduras
Elástico Modular Pearl Blue ,,Dentista,Ortodontia,Elásticos e Ligaduras
Elástico Rotator ,,Dentista,Ortodontia,Elásticos e Ligaduras
Elástico Rotator Universal Cristal ,,Dentista,Ortodontia,Elásticos e Ligaduras
Elástico Separador Anel ,,Dentista,Ortodontia,Elásticos e Ligaduras
Elástico Separador Anel ,,Dentista,Ortodontia,Elásticos e Ligaduras
Elástico Separador Modular ,,Dentista,Ortodontia,Elásticos e Ligaduras
Elástico Separador Modular ,,Dentista,Ortodontia,Elásticos e Ligaduras
Kit Promocional Elástico Corrente Médio 23 Cores ,,Dentista,Ortodontia,Elásticos e Ligaduras
Kit Promocional Elástico Modular 10 Cores ,,Dentista,Ortodontia,Elásticos e Ligaduras
Elástico Extraoral Látex 1/2 Leve ,,Dentista,Ortodontia,Elásticos e Ligaduras
Embalagem Para Elástico Ortodôntico ,,Dentista,Ortodontia,Elásticos e Ligaduras
Embalagem Para Elásticos Ortodônticos Zip Bag ,,Dentista,Ortodontia,Elásticos e Ligaduras
Embalagem Para Elásticos Ortodônticos Zip Bag ,,Dentista,Ortodontia,Elásticos e Ligaduras
Engate Rápido Gerador de Luz Z50 LED ,,Dentista,Equipamentos e Peças de Mão,Canetas de Alta Rotação
Engrenagem e Chave Bidigital ,,Dentista,Implantodontia,Instrumentais para Implantodontia
Envelope de Barreira ,,Laboratório,Solução Digital,Scanner
Envelope de Barreira N°4 ,,Laboratório,Solução Digital,Scanner
Envelope Autosselante 140x290mm ,,Dentista,Biossegurança,Embalagem para Esterilização
Envelope Autosselante 140x290mm ,,Dentista,Biossegurança,Embalagem para Esterilização
Envelope Autosselante 140x290mm ,,Dentista,Biossegurança,Embalagem para Esterilização
Envelope Autosselante 150x250mm ,,Dentista,Biossegurança,Embalagem para Esterilização
Envelope Autosselante 150x250mm ,,Dentista,Biossegurança,Embalagem para Esterilização
Envelope Autosselante 150x250mm ,,Dentista,Biossegurança,Embalagem para Esterilização
Envelope Autosselante 190x330mm ,,Dentista,Biossegurança,Embalagem para Esterilização
Envelope Autosselante 190x330mm ,,Dentista,Biossegurança,Embalagem para Esterilização
Envelope Autosselante 190x330mm ,,Dentista,Biossegurança,Embalagem para Esterilização
Envelope Autosselante 190x370mm ,,Dentista,Biossegurança,Embalagem para Esterilização
Envelope Autosselante 240x380mm ,,Dentista,Biossegurança,Embalagem para Esterilização
Envelope Autosselante 240x380mm ,,Dentista,Biossegurança,Embalagem para Esterilização
Envelope Autosselante 55x100mm ,,Dentista,Biossegurança,Embalagem para Esterilização
Envelope Autosselante 55x130mm ,,Dentista,Biossegurança,Embalagem para Esterilização
Envelope Autosselante 70mmx230mm ,,Dentista,Biossegurança,Embalagem para Esterilização
Envelope Autosselante 70x230mm ,,Dentista,Biossegurança,Embalagem para Esterilização
Envelope Autosselante 70x230mm ,,Dentista,Biossegurança,Embalagem para Esterilização
Envelope Autosselante 90x160mm ,,Dentista,Biossegurança,Embalagem para Esterilização
Envelope Autosselante 90x260mm ,,Dentista,Biossegurança,Embalagem para Esterilização
Envelope Autosselante 90x260mm ,,Dentista,Biossegurança,Embalagem para Esterilização
Envelope Autosselante 90x260mm ,,Dentista,Biossegurança,Embalagem para Esterilização
Envelope Autosselante 90x260mm ,,Dentista,Biossegurança,Embalagem para Esterilização
Envelope para Esterilização Autosselante 150 x 250mm ,,Dentista,Biossegurança,Embalagem para Esterilização
Envelope para Esterilização Autosselante 150 x 250mm ,,Dentista,Biossegurança,Embalagem para Esterilização
Envelope para Esterilização Autosselante 190 x 330mm ,,Dentista,Biossegurança,Embalagem para Esterilização
Envelope para Esterilização Autosselante 190 x 330mm ,,Dentista,Biossegurança,Embalagem para Esterilização
Envelope para Esterilização Autosselante 50x130mm ,,Dentista,Biossegurança,Embalagem para Esterilização
Envelope para Esterilização Autosselante 55 x 130mm ,,Dentista,Biossegurança,Embalagem para Esterilização
Envelope para Esterilização Autosselante 55 x 130mm ,,Dentista,Biossegurança,Embalagem para Esterilização
Envelope para Esterilização Autosselante 70 x 230mm ,,Dentista,Biossegurança,Embalagem para Esterilização
Envelope para Esterilização Autosselante 70 x 230mm ,,Dentista,Biossegurança,Embalagem para Esterilização
Envelope para Esterilização Autosselante 70x230mm ,,Dentista,Biossegurança,Embalagem para Esterilização
Envelope para Esterilização Autosselante 90 x 260mm ,,Dentista,Biossegurança,Embalagem para Esterilização
Envelope para Esterilização Autosselante 90 x 260mm ,,Dentista,Biossegurança,Embalagem para Esterilização
Envelope para Esterilização Autosselante 90x160mm ,,Dentista,Biossegurança,Embalagem para Esterilização
Envelope para Esterilização Autosselante 90x260mm ,,Dentista,Biossegurança,Embalagem para Esterilização
Envelope para Esterilização Autosselante 90x260mm ,,Dentista,Biossegurança,Embalagem para Esterilização
Antisséptico Bucal ,,Dentista,Higiene Oral,Enxaguantes Bucais
Antisséptico Bucal ,,Dentista,Higiene Oral,Enxaguantes Bucais
Antisséptico Bucal 100% 1L ,,Dentista,Higiene Oral,Enxaguantes Bucais
Antisséptico Bucal 100% 250ml ,,Dentista,Higiene Oral,Enxaguantes Bucais
Antisséptico Bucal 100% 500ml ,,Dentista,Higiene Oral,Enxaguantes Bucais
Antisséptico Bucal 100% Noite 500ml ,,Dentista,Higiene Oral,Enxaguantes Bucais
Antisséptico Bucal Clean Mint Refil ,,Dentista,Higiene Oral,Enxaguantes Bucais
Antisséptico Bucal Clean Mint Regular ,,Dentista,Higiene Oral,Enxaguantes Bucais
Antisséptico Bucal Complete ,,Dentista,Higiene Oral,Enxaguantes Bucais
Antisséptico Bucal Complete ,,Dentista,Higiene Oral,Enxaguantes Bucais
Antisséptico Bucal Infantil ,,Dentista,Higiene Oral,Enxaguantes Bucais
Antisséptico Bucal Para Dispenser 3 em 1 ,,Dentista,Higiene Oral,Enxaguantes Bucais
Antisséptico Bucal Periogard ,,Dentista,Higiene Oral,Enxaguantes Bucais
Antisséptico Bucal Periogard ,,Dentista,Higiene Oral,Enxaguantes Bucais
Antisséptico Bucal Plax Fresh Mint ,,Dentista,Higiene Oral,Enxaguantes Bucais
Antisséptico Bucal Plax Soft Mint Refil 2L ,,Dentista,Higiene Oral,Enxaguantes Bucais
Antisséptico Bucal Plax Soft Mint Regular ,,Dentista,Higiene Oral,Enxaguantes Bucais
Antisséptico Bucal Repair ,,Dentista,Higiene Oral,Enxaguantes Bucais
"Antisséptico Bucal Riohex Gard 0,12% ",,Dentista,Higiene Oral,Enxaguantes Bucais
"Antisséptico Bucal Riohex Gard 0,12% ",,Dentista,Higiene Oral,Enxaguantes Bucais
"Antisséptico Bucal Riohex Gard 0,12% ",,Dentista,Higiene Oral,Enxaguantes Bucais
Antisséptico Bucal Sensitive Elmex ,,Dentista,Higiene Oral,Enxaguantes Bucais
Enxaguante Bucal ,,Dentista,Higiene Oral,Enxaguantes Bucais
Enxaguante Bucal Complete 2L Oral,,Dentista,Higiene Oral,Enxaguantes Bucais
Enxaguante Bucal Elmex Anticáries ,,Dentista,Higiene Oral,Enxaguantes Bucais
Enxaguante Bucal Menta ,,Dentista,Higiene Oral,Enxaguantes Bucais
Enxaguante Bucal Periogard Refil 2l ,,Dentista,Higiene Oral,Enxaguantes Bucais
Enxaguante Bucal sem Álcool ,,Dentista,Higiene Oral,Enxaguantes Bucais
"Solução Bucal Chlorclear 0,12% ",,Dentista,Higiene Oral,Enxaguantes Bucais
"Solução Bucal Chlorclear 0,12% ",,Dentista,Higiene Oral,Enxaguantes Bucais
Enxerto Ósseo Bonefill Bloco ,Bonefill,Dentista,Implantodontia,Biomateriais e Regeneração Óssea
Enxerto Ósseo Bovino Bonefill Bloco ,Bonefill,Dentista,Implantodontia,Biomateriais e Regeneração Óssea
Enxerto Ósseo Bovino Bonefill Denso ,Bonefill,Dentista,Implantodontia,Biomateriais e Regeneração Óssea
"Enxerto Ósseo Bovino Bonefill Mix Fino Médio 0,50g ",Bonefill,Dentista,Implantodontia,Biomateriais e Regeneração Óssea
"Enxerto Ósseo Bovino Bonefill Mix Médio 0,50g ",Bonefill,Dentista,Implantodontia,Biomateriais e Regeneração Óssea
Enxerto Ósseo Bovino Bonefill Porous ,Bonefill,Dentista,Implantodontia,Biomateriais e Regeneração Óssea
Enxerto Ósseo Bovino Bonefill Porous ,Bonefill,Dentista,Implantodontia,Biomateriais e Regeneração Óssea
Enxerto Ósseo Bovino Bonefill Porous ,Bonefill,Dentista,Implantodontia,Biomateriais e Regeneração Óssea
"Enxerto Ósseo Bovino Geistlich Bio-Oss 0,25G (0.25-1mm)",Bio-Oss,Dentista,Implantodontia,Biomateriais e Regeneração Óssea
"Enxerto Ósseo Bovino Geistlich Bio-Oss 0,50G ",Bio-Oss,Dentista,Implantodontia,Biomateriais e Regeneração Óssea
Enxerto Ósseo Bovino Geistlich Bio-Oss 1G ,Bio-Oss,Dentista,Implantodontia,Biomateriais e Regeneração Óssea
"Enxerto Ósseo Bovino Geistlich Bio-Oss Pen 0.25G (0,25-1MM) ",Bio-Oss,Dentista,Implantodontia,Biomateriais e Regeneração Óssea
Enxerto Ósseo Bovino Geistlich Bio-Oss Pen 0.5G ,Bio-Oss,Dentista,Implantodontia,Biomateriais e Regeneração Óssea
Enxerto Ósseo Bovino GenMix ,GenMix,Dentista,Implantodontia,Biomateriais e Regeneração Óssea
Enxerto Ósseo Bovino GenMix ,GenMix,Dentista,Implantodontia,Biomateriais e Regeneração Óssea
Enxerto Ósseo Bovino GenOx Inorg ,GenOx,Dentista,Implantodontia,Biomateriais e Regeneração Óssea
Enxerto Ósseo Bovino GenOx Inorg ,GenOx,Dentista,Implantodontia,Biomateriais e Regeneração Óssea
Enxerto Ósseo Bovino GenOx Org ,GenOx,Dentista,Implantodontia,Biomateriais e Regeneração Óssea
Enxerto Ósseo Bovino GenOx Org ,GenOx,Dentista,Implantodontia,Biomateriais e Regeneração Óssea
Enxerto Ósseo Bovino Lumina-Bone,Lumina-Bone,Dentista,Implantodontia,Biomateriais e Regeneração Óssea
"Enxerto Ósseo Bovino Lumina-Bone Porous Large 0,5g ",Lumina-Bone,Dentista,Implantodontia,Biomateriais e Regeneração Óssea
"Enxerto Ósseo Bovino Lumina-Bone Porous Small 0,5g ",Lumina-Bone,Dentista,Implantodontia,Biomateriais e Regeneração Óssea
Enxerto Ósseo Bovino Lumina Bone Porous  Fino/Small.,Lumina-Bone,Dentista,Implantodontia,Biomateriais e Regeneração Óssea
Enxerto Ósseo Bovino Lumina Bone Porous Grosso/Large.,Lumina-Bone,Dentista,Implantodontia,Biomateriais e Regeneração Óssea
Enxerto Ósseo Bovino OrthoGen ,OrthoGen,Dentista,Implantodontia,Biomateriais e Regeneração Óssea
Enxerto Ósseo Bovino OrthoGen Bloco ,OrthoGen,Dentista,Implantodontia,Biomateriais e Regeneração Óssea
Enxerto Ósseo Col.Hap-91 ,Hap-91,Dentista,Implantodontia,Biomateriais e Regeneração Óssea
Enxerto Ósseo Hap-91 Mech ,Hap-91,Dentista,Implantodontia,Biomateriais e Regeneração Óssea
Enxerto Ósseo Nanosynt 1000 a 2000um ,Nanosynt,Dentista,Implantodontia,Biomateriais e Regeneração Óssea
Enxerto Ósseo Osteogen ,Osteogen,Dentista,Implantodontia,Biomateriais e Regeneração Óssea
Enxerto Ósseo Osteogen ,Osteogen,Dentista,Implantodontia,Biomateriais e Regeneração Óssea
Enxerto Ósseo Osteogen ,Osteogen,Dentista,Implantodontia,Biomateriais e Regeneração Óssea
Enxerto Ósseo Plenum OSShp 1-2mm,OSShp,Dentista,Implantodontia,Biomateriais e Regeneração Óssea
Enxerto Ósseo Plenum OSShp 1-2mm,OSShp,Dentista,Implantodontia,Biomateriais e Regeneração Óssea
Enxerto Ósseo Plenum OSShp 1-2mm,OSShp,Dentista,Implantodontia,Biomateriais e Regeneração Óssea
Enxerto Ósseo Plenum OSShp 250-500um,OSShp,Dentista,Implantodontia,Biomateriais e Regeneração Óssea
Enxerto Ósseo Plenum OSShp 250-500um,OSShp,Dentista,Implantodontia,Biomateriais e Regeneração Óssea
Enxerto Ósseo Plenum OSShp 250-500um,OSShp,Dentista,Implantodontia,Biomateriais e Regeneração Óssea
Enxerto Ósseo Plenum OSShp 500-100um,OSShp,Dentista,Implantodontia,Biomateriais e Regeneração Óssea
Enxerto Ósseo Plenum OSShp 500-100um,OSShp,Dentista,Implantodontia,Biomateriais e Regeneração Óssea
Enxerto Ósseo Plenum OSShp 500-100um,OSShp,Dentista,Implantodontia,Biomateriais e Regeneração Óssea
Enxerto Ósseo Sintético ,,Dentista,Implantodontia,Biomateriais e Regeneração Óssea
Enxerto Ósseo Sintético GenPhos HA TCP ,GenPhos,Dentista,Implantodontia,Biomateriais e Regeneração Óssea
Enxerto Ósseo Sintético Nanosynt ,Nanosynt,Dentista,Implantodontia,Biomateriais e Regeneração Óssea
Enxerto Ósseo Sintético Nanosynt ,Nanosynt,Dentista,Implantodontia,Biomateriais e Regeneração Óssea
Enxerto Ósseo Suíno Ossix Bone ,Ossix Bone,Dentista,Implantodontia,Biomateriais e Regeneração Óssea
Enxerto Ósseo Suíno Ossix Bone ,Ossix Bone,Dentista,Implantodontia,Biomateriais e Regeneração Óssea
Enxerto Ósseo Suíno Ossix Bone ,Ossix Bone,Dentista,Implantodontia,Biomateriais e Regeneração Óssea
Equiplan Planas ,,Dentista,Ortodontia,Acessórios Ortodônticos
Escala de Cor Biolux OMC BL2/BL3 ,,Laboratório,Cerâmicas,Acessórios para Cerâmica
Escala de Cor Compacta Resina AP,,Dentista,Dentística e Estética,Acessórios para Dentística
Escala de Cor HeraCeram Chroma Dentina ,,Laboratório,Cerâmicas,Acessórios para Cerâmica
Escala de Cor HeraCeram Cores Clareadas ,,Laboratório,Cerâmicas,Acessórios para Cerâmica
Escala de Cor HeraCeram Dentina Incisal ,,Laboratório,Cerâmicas,Acessórios para Cerâmica
Escala de Cor HeraCeram Enhancer ,,Laboratório,Cerâmicas,Acessórios para Cerâmica
Escala de Cor HeraCeram First Touch ,,Laboratório,Cerâmicas,Acessórios para Cerâmica
Escala de Cor HeraCeram Gengiva ,,Laboratório,Cerâmicas,Acessórios para Cerâmica
Escala de Cor HeraCeram Increaser ,,Laboratório,Cerâmicas,Acessórios para Cerâmica
Escala de Cor HeraCeram Margem ,,Laboratório,Cerâmicas,Acessórios para Cerâmica
Escala de Cor HeraCeram Margem ,,Laboratório,Cerâmicas,Acessórios para Cerâmica
Escala de Cor HeraCeram Matrix ,,Laboratório,Cerâmicas,Acessórios para Cerâmica
Escala de Cor HeraCeram Matrix Saphir ,,Laboratório,Cerâmicas,Acessórios para Cerâmica
Escala de Cor HeraCeram Saphir Dentina Incisal ,,Laboratório,Cerâmicas,Acessórios para Cerâmica
Escala de Cor HeraCeram Saphir Enhancer ,,Laboratório,Cerâmicas,Acessórios para Cerâmica
Escala de Cor HeraCeram Saphir Gengiva ,,Laboratório,Cerâmicas,Acessórios para Cerâmica
Escala de Cor HeraCeram Stains Universal ,,Laboratório,Cerâmicas,Acessórios para Cerâmica
Escala de Cor HeraCeram Zircônia 750 Chroma Dentina ,,Laboratório,Cerâmicas,Acessórios para Cerâmica
Escala de Cor HeraCeram Zircônia 750 Dentina Incisal ,,Laboratório,Cerâmicas,Acessórios para Cerâmica
Escala de Cor HeraCeram Zircônia 750 Enhancer ,,Laboratório,Cerâmicas,Acessórios para Cerâmica
Escala de Cor HeraCeram Zircônia 750 Gengiva ,,Laboratório,Cerâmicas,Acessórios para Cerâmica
Escala de Cor HeraCeram Zircônia 750 Increaser ,,Laboratório,Cerâmicas,Acessórios para Cerâmica
Escala de Cor HeraCeram Zircônia 750 Introdutório ,,Laboratório,Cerâmicas,Acessórios para Cerâmica
Escala de Cor HeraCeram Zircônia 750 Margem ,,Laboratório,Cerâmicas,Acessórios para Cerâmica
Escala de Cor HeraCeram Zircônia 750 Matrix ,,Laboratório,Cerâmicas,Acessórios para Cerâmica
Escala de Cor Resina AP,,Dentista,Dentística e Estética,Acessórios para Dentística
Escala de Cor Shade Guide Advanced Set MC/LF/TI ,,Laboratório,Cerâmicas,Acessórios para Cerâmica
Escala de Cor Shade Guide Basic PLS MC/LF/TI ,,Laboratório,Cerâmicas,Acessórios para Cerâmica
Escala de Cor Shade Guide Basic PLS Set MC/LF/TI ,,Laboratório,Cerâmicas,Acessórios para Cerâmica
Escala de Cor Shade Guide DD Colors ,,Laboratório,Cerâmicas,Acessórios para Cerâmica
Escala de Cor Trilux BL2/BL3 ,,Laboratório,Cerâmicas,Acessórios para Cerâmica
Escala de Cor Vipi,,Laboratório,Cerâmicas,Acessórios para Cerâmica
Escala de Cores Biotone ,,Laboratório,Cerâmicas,Acessórios para Cerâmica
Escala de Cores Bleach ,,Laboratório,Cerâmicas,Acessórios para Cerâmica
Escala de Cores Classical ,,Laboratório,Cerâmicas,Acessórios para Cerâmica
Escala de Cores de Gengivas STG ,,Laboratório,Cerâmicas,Acessórios para Cerâmica
Escala de Cores Delara Shade Guide ,,Laboratório,Cerâmicas,Acessórios para Cerâmica
Escala de Cores IPS e,,Laboratório,Cerâmicas,Acessórios para Cerâmica
Escala de Cores IPS Natural Die Material ,,Laboratório,Cerâmicas,Acessórios para Cerâmica
Escala de Cores Opallis ,,Laboratório,Cerâmicas,Acessórios para Cerâmica
Escala de Cores Shade Guide A,,Laboratório,Cerâmicas,Acessórios para Cerâmica
Escala de Cores Toothguide 3D Master ,,Laboratório,Cerâmicas,Acessórios para Cerâmica
Escavador de Dentina ,,Dentista,Cirurgia e Periodontia,Instrumentais Cirúrgicos
Escavador de Dentina Colors Preto Nº17 ,,Dentista,Cirurgia e Periodontia,Instrumentais Cirúrgicos
Escavador de Dentina Duplo N° 20 ,,Dentista,Cirurgia e Periodontia,Instrumentais Cirúrgicos
Escavador de Dentina N° 17 Colors ,,Dentista,Cirurgia e Periodontia,Instrumentais Cirúrgicos
Escavador de Dentina Oitavado Infantil ,,Dentista,Cirurgia e Periodontia,Instrumentais Cirúrgicos
Escova Carbeto de Silício Occlubrush ,,Dentista,Dentística e Estética,Acabamento e Polimento
Escova Ultra Brush de Carbeto de Silício Fina CA ,,Dentista,Dentística e Estética,Acabamento e Polimento
Escova Ultra Brush de Carbeto de Silício Média CA ,,Dentista,Dentística e Estética,Acabamento e Polimento
Escova de Alumina para Polimento Ultra Brush CA ,,Dentista,Dentística e Estética,Acabamento e Polimento
Escova Ultra Brush de Feltro Roda CA ,,Dentista,Dentística e Estética,Acabamento e Polimento
Escova de Robinson Color,,Dentista,Prevenção e Profilaxia,Instrumentos para Profilaxia
Escova de Robinson Cônica CA ,,Dentista,Prevenção e Profilaxia,Instrumentos para Profilaxia
Escova de Robinson para Contra Ângulo Cônica Ca ,,Dentista,Prevenção e Profilaxia,Instrumentos para Profilaxia
Escova de Robinson para Contra Ângulo Plana Ca ,,Dentista,Prevenção e Profilaxia,Instrumentos para Profilaxia
Escova Profilática para Conduto AR ,,Dentista,Prevenção e Profilaxia,Instrumentos para Profilaxia
Escova Robinson CA ,,Dentista,Prevenção e Profilaxia,Instrumentos para Profilaxia
Escova Robinson Color Brush ,Color Brush,Dentista,Prevenção e Profilaxia,Instrumentos para Profilaxia
Escova Robinson Color Brush Soft Taça Lilás ,Color Brush,Dentista,Prevenção e Profilaxia,Instrumentos para Profilaxia
Escova Robinson Color Brush Ultra,Color Brush,Dentista,Prevenção e Profilaxia,Instrumentos para Profilaxia
Escova Robinson Cônica CA ,,Dentista,Prevenção e Profilaxia,Instrumentos para Profilaxia
Escova Robinson Cônica CA ,,Dentista,Prevenção e Profilaxia,Instrumentos para Profilaxia
Escova Robinson Cônica CA ,,Dentista,Prevenção e Profilaxia,Instrumentos para Profilaxia
Escova Robinson Cônica Ca Preta ,,Dentista,Prevenção e Profilaxia,Instrumentos para Profilaxia
Escova Robinson Média CA ,,Dentista,Prevenção e Profilaxia,Instrumentos para Profilaxia
Escova Robinson Mini CA ,,Dentista,Prevenção e Profilaxia,Instrumentos para Profilaxia
Escova Robinson Mini Plana ,,Dentista,Prevenção e Profilaxia,Instrumentos para Profilaxia
Escova Robinson Plana Ca Preta ,,Dentista,Prevenção e Profilaxia,Instrumentos para Profilaxia
Escova Robinson Reta CA ,,Dentista,Prevenção e Profilaxia,Instrumentos para Profilaxia
Escova Robinson Reta CA ,,Dentista,Prevenção e Profilaxia,Instrumentos para Profilaxia
Escova Dental Adulto Essencial Clean Sortida ,,Dentista,Higiene Oral,Escovas Dentais
Escova Dental Adulto Macia ,,Dentista,Higiene Oral,Escovas Dentais
Escova Dental Adulto Periogard ,,Dentista,Higiene Oral,Escovas Dentais
Escova Dental Adulto Pró ,,Dentista,Higiene Oral,Escovas Dentais
Escova Dental Adulto Ultra Soft Elmex ,,Dentista,Higiene Oral,Escovas Dentais
Escova Dental Clean Adulto 123 ,,Dentista,Higiene Oral,Escovas Dentais
Escova Dental Clic Black ,,Dentista,Higiene Oral,Escovas Dentais
Escova Dental Colgate Sensitive ,,Dentista,Higiene Oral,Escovas Dentais
Escova Dental Compact Kids ,,Dentista,Higiene Oral,Escovas Dentais
Escova Dental Compact Purification ,,Dentista,Higiene Oral,Escovas Dentais
Escova Dental Complete Color Collection ,,Dentista,Higiene Oral,Escovas Dentais
Escova Dental de Prótese Prothese ,,Dentista,Higiene Oral,Escovas Dentais
Escova Dental Dentinho ,,Dentista,Higiene Oral,Escovas Dentais
Escova Dental Denture ,,Dentista,Higiene Oral,Escovas Dentais
Escova Dental Eco Care Bamboo ,,Dentista,Higiene Oral,Escovas Dentais
Escova Dental Eco Care Bio ,,Dentista,Higiene Oral,Escovas Dentais
Escova Dental Eco Care Light ,,Dentista,Higiene Oral,Escovas Dentais
Escova Dental Eco Care Nature ,,Dentista,Higiene Oral,Escovas Dentais
Escova Dental Expert Gengiva Alcance ,,Dentista,Higiene Oral,Escovas Dentais
Escova Dental Expert Gengiva Limpeza ,,Dentista,Higiene Oral,Escovas Dentais
Escova Dental Expert Gengiva Sensi ,,Dentista,Higiene Oral,Escovas Dentais
Escova Dental Floppy Infantil Macia ,,Dentista,Higiene Oral,Escovas Dentais
Escova Dental Gengiva Detox ,,Dentista,Higiene Oral,Escovas Dentais
Escova Dental Iconic ,,Dentista,Higiene Oral,Escovas Dentais
Escova Dental Indicator Color 30 ,,Dentista,Higiene Oral,Escovas Dentais
Escova Dental Indicator Extra Soft Kit ,,Dentista,Higiene Oral,Escovas Dentais
Escova Dental Indicator Plus 30 ,,Dentista,Higiene Oral,Escovas Dentais
Escova Dental Indicator Plus 30 Oral,,Dentista,Higiene Oral,Escovas Dentais
Escova Dental Indicator Plus 35 ,,Dentista,Higiene Oral,Escovas Dentais
Escova Dental Indicator Plus Color 35 ,,Dentista,Higiene Oral,Escovas Dentais
Escova Dental Indicator Plus Extra Macia 35 Black ,,Dentista,Higiene Oral,Escovas Dentais
Escova Dental Infantil ,,Dentista,Higiene Oral,Escovas Dentais
Escova Dental Infantil 0,,Dentista,Higiene Oral,Escovas Dentais
Escova Dental Infantil Batman/Mulher Maravilha ,,Dentista,Higiene Oral,Escovas Dentais
Escova Dental Infantil Bubu 5+ ,,Dentista,Higiene Oral,Escovas Dentais
Escova Dental Infantil Dr. Rabbit ,,Dentista,Higiene Oral,Escovas Dentais
Escova Dental Infantil Macia ,,Dentista,Higiene Oral,Escovas Dentais
Escova Dental Infantil Macia Com Protetores De Cerdas ,,Dentista,Higiene Oral,Escovas Dentais
Escova Dental Infantil Mickey Kids ,,Dentista,Higiene Oral,Escovas Dentais
Escova Dental Infantil Minions 2,,Dentista,Higiene Oral,Escovas Dentais
Escova Dental Infantil Minions 6+ ,,Dentista,Higiene Oral,Escovas Dentais
Escova Dental Infantil Patrulha Canina Light ,,Dentista,Higiene Oral,Escovas Dentais
Escova Dental Infantil Patrulha Canina Manual ,,Dentista,Higiene Oral,Escovas Dentais
Escova Dental Infantil Smart Toothbrush Ultra Soft CS 7600 ,,Dentista,Higiene Oral,Escovas Dentais
Escova Dental Infantil Smiles Teen Titans Go +6 ,,Dentista,Higiene Oral,Escovas Dentais
Escova Dental Infantil Stages 1 ,,Dentista,Higiene Oral,Escovas Dentais
Escova Dental Infantil Stages 3 Princesas ,,Dentista,Higiene Oral,Escovas Dentais
Escova Dental Infantil Stages 3 Spider,,Dentista,Higiene Oral,Escovas Dentais
Escova Dental Infantil Stages 3 Toy Story ,,Dentista,Higiene Oral,Escovas Dentais
Escova Dental Infantil Stages 4 Frozen ,,Dentista,Higiene Oral,Escovas Dentais
Escova Dental Infantil Trolls Light ,,Dentista,Higiene Oral,Escovas Dentais
Escova Dental Infantil Trolls Manual ,,Dentista,Higiene Oral,Escovas Dentais
Escova Dental Kess Pro 10K Extra Macia ,,Dentista,Higiene Oral,Escovas Dentais
Escova Dental Kids B ,,Dentista,Higiene Oral,Escovas Dentais
Escova Dental Kids Macia ,,Dentista,Higiene Oral,Escovas Dentais
Escova Dental Kids Mickey e Minnie ,,Dentista,Higiene Oral,Escovas Dentais
Escova Dental Kit Steps ,,Dentista,Higiene Oral,Escovas Dentais
Escova Dental Life Pro Adulto Macia ,,Dentista,Higiene Oral,Escovas Dentais
Escova Dental Life Pro Adulto Macia ,,Dentista,Higiene Oral,Escovas Dentais
Escova Dental Life Pro Adulto Macia + Fio Dental Slide Pro Menta ,,Dentista,Higiene Oral,Escovas Dentais
Escova Dental Life Pro Infantil Macia ,,Dentista,Higiene Oral,Escovas Dentais
Escova Dental Life Pro Infantil Macia ,,Dentista,Higiene Oral,Escovas Dentais
Escova Dental Orthogard ,,Dentista,Higiene Oral,Escovas Dentais
Escova Dental Ortodôntica ,,Dentista,Higiene Oral,Escovas Dentais
Escova Dental Ortodôntica CS Ortho ,,Dentista,Higiene Oral,Escovas Dentais
Escova Dental Plus Macia ,,Dentista,Higiene Oral,Escovas Dentais
Escova Dental Plus Média ,,Dentista,Higiene Oral,Escovas Dentais
Escova Dental Power Duo ,,Dentista,Higiene Oral,Escovas Dentais
Escova Dental PowerPro 2.0 Sensitive 6580 ,,Dentista,Higiene Oral,Escovas Dentais
Escova Dental Precision Black ,,Dentista,Higiene Oral,Escovas Dentais
Escova Dental Precision Clean Adulto Macia ,,Dentista,Higiene Oral,Escovas Dentais
Escova Dental Precision Clean Adulto Macia + Fio Dental Slide Pro Menta ,,Dentista,Higiene Oral,Escovas Dentais
Escova Dental Premium Macia ,,Dentista,Higiene Oral,Escovas Dentais
Escova Dental Pro Clear Extra Macia ,,Dentista,Higiene Oral,Escovas Dentais
Escova Dental Pro Kids com Ventosa ,,Dentista,Higiene Oral,Escovas Dentais
Escova Dental Purification Gold ,,Dentista,Higiene Oral,Escovas Dentais
Escova Dental Slide Pro Adulto Macia ,,Dentista,Higiene Oral,Escovas Dentais
Escova Dental Slim Soft Black ,,Dentista,Higiene Oral,Escovas Dentais
Escova Dental Soft CS 1560B ,,Dentista,Higiene Oral,Escovas Dentais
Escova Dental Steps 1 ,,Dentista,Higiene Oral,Escovas Dentais
Escova Dental Steps 3 ,,Dentista,Higiene Oral,Escovas Dentais
Escova Dental Steps com Capa Protetora ,,Dentista,Higiene Oral,Escovas Dentais
Escova Dental Supreme Black ,,Dentista,Higiene Oral,Escovas Dentais
Escova Dental Twister ,,Dentista,Higiene Oral,Escovas Dentais
Escova Dental Ultra Soft ,,Dentista,Higiene Oral,Escovas Dentais
Escova Dental Ultra Soft CS 5460 ,,Dentista,Higiene Oral,Escovas Dentais
Escova Dental Ultra Soft CS 5460B ,,Dentista,Higiene Oral,Escovas Dentais
Escova Dental Ultrafino 35 Leve 2 pague 1 ,,Dentista,Higiene Oral,Escovas Dentais
Escova Dental Wales Carvão ,,Dentista,Higiene Oral,Escovas Dentais
Expert Orthodontic Kit ,,Dentista,Higiene Oral,Escovas Dentais
Escova Dental ID Intertufo ,,Dentista,Higiene Oral,Escovas Dentais
Escova Dental Elétrica Infantil Pro Kids 3+ Frozen ,,Dentista,Higiene Oral,Escovas Dentais
Escova Dental Elétrica Infantil Pro Kids 3+ Spiderman Bivolt ,,Dentista,Higiene Oral,Escovas Dentais
Escova Dental Elétrica Io Séries 4 Bivolt ,,Dentista,Higiene Oral,Escovas Dentais
Escova Dental Elétrica Io Séries 6 Bivolt ,,Dentista,Higiene Oral,Escovas Dentais
Escova Dental Elétrica Pro Series 1 ,,Dentista,Higiene Oral,Escovas Dentais
Escova Dental Elétrica Pro Séries 2 Bivolt ,,Dentista,Higiene Oral,Escovas Dentais
Escova Dental Elétrica Pro Séries 3 Bivolt ,,Dentista,Higiene Oral,Escovas Dentais
Escova Dental Elétrica SonicPro 10 ,,Dentista,Higiene Oral,Escovas Dentais
Escova Dental Elétrica SonicPro 30 ,,Dentista,Higiene Oral,Escovas Dentais
Escova Dental Elétrica SonicPro 50 Philips Bivolt ,,Dentista,Higiene Oral,Escovas Dentais
Escova Dental Elétrica SonicPro 70 ,,Dentista,Higiene Oral,Escovas Dentais
Escova Dental Elétrica SonicPro Kids Bivolt ,,Dentista,Higiene Oral,Escovas Dentais
Escova Eletrica Io Series 9 ,,Dentista,Higiene Oral,Escovas Dentais
Escova Elétrica Kids Carros ,,Dentista,Higiene Oral,Escovas Dentais
Escova Elétrica Kids Princesas ,,Dentista,Higiene Oral,Escovas Dentais
Escova Eletrica Pro,,Dentista,Higiene Oral,Escovas Dentais
Escova Elétrica Refil Precision Clean ,,Dentista,Higiene Oral,Escovas Dentais
Escova Eletrica Vitality Kids Princesas Bivolt ,,Dentista,Higiene Oral,Escovas Dentais
Kit Promocional Escova de Dentes Elétrica Pro Series 3 ,,Dentista,Higiene Oral,Escovas Dentais
Kit Promocional Escova Dental Elétrica Pro Séries 2 Bivolt ,,Dentista,Higiene Oral,Escovas Dentais
Kit Promocional Escova Elétrica Infantil Pro Kids 3+ Spiderman Bivolt ,,Dentista,Higiene Oral,Escovas Dentais
Kit promocional Escova Elétrica Pro Series 1 ,,Dentista,Higiene Oral,Escovas Dentais
Kit Promocional Escova Eletrica Vitality 110V ,,Dentista,Higiene Oral,Escovas Dentais
Kit Promocional Escova Eletrica Vitality 220V ,,Dentista,Higiene Oral,Escovas Dentais
Refil Escova Elétrica Cross Action 2un ,,Dentista,Higiene Oral,Escovas Dentais
Refil Escova Eletrica Floss Action 2un ,,Dentista,Higiene Oral,Escovas Dentais
Refil Escova Eletrica Sensi Ultrafino 2un ,,Dentista,Higiene Oral,Escovas Dentais
Refil para Escova Elétrica Infantil ,,Dentista,Higiene Oral,Escovas Dentais
Escova Interdental ,,Dentista,Higiene Oral,Escovas Interdentais
Escova Interdental ,,Dentista,Higiene Oral,Escovas Interdentais
Escova Interdental Expert Micro ,,Dentista,Higiene Oral,Escovas Interdentais
Escova Interdental Expert Mini ,,Dentista,Higiene Oral,Escovas Interdentais
Escova Interdental Expert Pick ,,Dentista,Higiene Oral,Escovas Interdentais
Escova Interdental ID ,,Dentista,Higiene Oral,Escovas Interdentais
Escova Interdental ID Orthokit ,,Dentista,Higiene Oral,Escovas Interdentais
Escova Interdental Proxa Brush ,,Dentista,Higiene Oral,Escovas Interdentais
Escova Interdental Refil ,,Dentista,Higiene Oral,Escovas Interdentais
Escova Lingual ,,Dentista,Higiene Oral,Escovas Dentais
Escova Nylon PM ,,Dentista,Dentística e Estética,Acabamento e Polimento
Escova Optishine ,,Dentista,Dentística e Estética,Acabamento e Polimento
Escova Assepsia Seca RQ ,,Dentista,Biossegurança,Higienizadores e Antissépticos
Escova de Assepsia com PVPI Riodeine Scrub ,,Dentista,Biossegurança,Higienizadores e Antissépticos
Escova de Assepsia M,,Dentista,Biossegurança,Higienizadores e Antissépticos
Escova para Assepsia Seca ,,Dentista,Biossegurança,Higienizadores e Antissépticos
Escova para Limpeza de Broca ,,Dentista,Biossegurança,Higienizadores e Antissépticos
Escova para Limpeza de Broca Brush Drill. ,,Dentista,Biossegurança,Higienizadores e Antissépticos
Escova para Limpeza de Brocas ,,Dentista,Biossegurança,Higienizadores e Antissépticos
Escova Para Limpeza de Brocas ,,Dentista,Biossegurança,Higienizadores e Antissépticos
Escova Jiffy Brush ,,Dentista,Dentística e Estética,Acabamento e Polimento
Escova para Profilaxia e Polimento LatchShort ,,Dentista,Prevenção e Profilaxia,Instrumentos para Profilaxia
Escova Ultra,,Dentista,Dentística e Estética,Acabamento e Polimento
Escudo Ortodôntico de Bimler ,,Dentista,Ortodontia,Acessórios Ortodônticos
Esculpidor de Fissura LM Arte ,,Dentista,Cirurgia e Periodontia,Instrumentais Cirúrgicos
Esculpidor Discoide Cleoide Infantil ,,Dentista,Cirurgia e Periodontia,Instrumentais Cirúrgicos
Esculpidor Hollemback 3S Colors ,,Dentista,Cirurgia e Periodontia,Instrumentais Cirúrgicos
Esculpidor Lecron ,,Dentista,Cirurgia e Periodontia,Instrumentais Cirúrgicos
Esculpidor Lecron ,,Dentista,Cirurgia e Periodontia,Instrumentais Cirúrgicos
Esculpidor Lecron ,,Dentista,Cirurgia e Periodontia,Instrumentais Cirúrgicos
Esculpidor Lecron Colors ,,Dentista,Cirurgia e Periodontia,Instrumentais Cirúrgicos
Esculpidor Lecron Colors ,,Dentista,Cirurgia e Periodontia,Instrumentais Cirúrgicos
Esculpidor Lecron Com Gotejador ,,Dentista,Cirurgia e Periodontia,Instrumentais Cirúrgicos
Esculpidor Lecron D Oitavado ,,Dentista,Cirurgia e Periodontia,Instrumentais Cirúrgicos
Esculpidor Lecron Hilyn ,,Dentista,Cirurgia e Periodontia,Instrumentais Cirúrgicos
Esculpidor Lecron Mini Oitavado ,,Dentista,Cirurgia e Periodontia,Instrumentais Cirúrgicos
Esculpidor Lecron N° 5 Millennium ,,Dentista,Cirurgia e Periodontia,Instrumentais Cirúrgicos
Esculpidor Lecron Nº 5 Duflex ,,Dentista,Cirurgia e Periodontia,Instrumentais Cirúrgicos
Esculpidor Lecron Nº 5 Oitavado ,,Dentista,Cirurgia e Periodontia,Instrumentais Cirúrgicos
Kit de Esculpidor P. K. Thomas Oitavado ,,Dentista,Cirurgia e Periodontia,Instrumentais Cirúrgicos
Espaçador Digital ,,Dentista,Endodontia,Instrumentos Endodônticos
Espaçador Digital 25mm ,,Dentista,Endodontia,Instrumentos Endodônticos
Espaçador Digital NiTi 25mm ABCD ,,Dentista,Endodontia,Instrumentos Endodônticos
Espátula ,,Laboratório,Instrumentos e Ferramentas,Instrumentos para Cerâmica
Espátula ALM Millennium ,,Dentista,Dentística e Estética,Acessórios para Dentística
Espátula Almore ,,Dentista,Dentística e Estética,Acessórios para Dentística
Espátula Almore ,,Dentista,Dentística e Estética,Acessórios para Dentística
Espátula Almore ,,Dentista,Dentística e Estética,Acessórios para Dentística
Espátula Almore Flexível N°3 ,,Dentista,Dentística e Estética,Acessórios para Dentística
Espátula Applica Delicada LM,,Dentista,Dentística e Estética,Acessórios para Dentística
Espátula Applica Twist LM,,Dentista,Dentística e Estética,Acessórios para Dentística
Espátula Calcador Bolinha 02 Titânio Millennium ,,Dentista,Dentística e Estética,Acessórios para Dentística
Espátula Calcador Hollenback 06 Titânio Millennium ,,Dentista,Dentística e Estética,Acessórios para Dentística
Espátula Calcador Para Restaurações Plásticas Duflex ,,Dentista,Dentística e Estética,Acessórios para Dentística
Espátula de Inserção de Fio Retrator Dupla N° 3059 Millennium ,,Dentista,Prótese Clínica e Reabilitação Oral,Instrumentos para Prótese
Espátula de Inserção de Fio Retrator Dupla N° 3079 Millennium ,,Dentista,Prótese Clínica e Reabilitação Oral,Instrumentos para Prótese
Espátula de Inserção de Fio Retrator Fischer Ultrapak Pequena ,,Dentista,Prótese Clínica e Reabilitação Oral,Instrumentos para Prótese
Espátula de Inserção de Fio Retrator Fischer Ultrapak Regular ,,Dentista,Prótese Clínica e Reabilitação Oral,Instrumentos para Prótese
Espátula de Inserção de Fio Retrator n° 113 ,,Dentista,Prótese Clínica e Reabilitação Oral,Instrumentos para Prótese
Espátula de Inserção de Fio Retrator Oitavado ,,Dentista,Prótese Clínica e Reabilitação Oral,Instrumentos para Prótese
Espátula de Inserção de Fio Retrator Redondo ,,Dentista,Prótese Clínica e Reabilitação Oral,Instrumentos para Prótese
Espátula de Inserção de Fio Retrator Reto ,,Dentista,Prótese Clínica e Reabilitação Oral,Instrumentos para Prótese
Espátula de Inserção de Fio Retrator Serrilhada ,,Dentista,Prótese Clínica e Reabilitação Oral,Instrumentos para Prótese
Espátula de Resina Flexível ,,Dentista,Dentística e Estética,Acessórios para Dentística
Espátula de Resina N° 2 Com Calcador Bolinha Millennium ,,Dentista,Dentística e Estética,Acessórios para Dentística
Espátula de Resina Titânio ,,Dentista,Dentística e Estética,Acessórios para Dentística
Espátula de Resina Titânio Interproximal ,,Dentista,Dentística e Estética,Acessórios para Dentística
Espátula de Resina Titânio Silicato ,,Dentista,Dentística e Estética,Acessórios para Dentística
Espátula de Vidro para Opaco Opaqueglass ,,Laboratório,Instrumentos e Ferramentas,Instrumentos para Cerâmica
Espátula Dupla ,,Dentista,Dentística e Estética,Acessórios para Dentística
Espátula Dupla Elegance ,,Dentista,Dentística e Estética,Acessórios para Dentística
Espátula Dupla Elegance ,,Dentista,Dentística e Estética,Acessórios para Dentística
Espátula Dupla Millennium ,,Dentista,Dentística e Estética,Acessórios para Dentística
Espátula Dupla Millennium ,,Dentista,Dentística e Estética,Acessórios para Dentística
Espátula Dupla Millennium ,,Dentista,Dentística e Estética,Acessórios para Dentística
Espátula Dupla Nº 3051W ,,Dentista,Dentística e Estética,Acessórios para Dentística
Espátula Dupla Oitavada ,,Dentista,Dentística e Estética,Acessórios para Dentística
Espátula Dupla Para Cera ,,Dentista,Prótese Clínica e Reabilitação Oral,Instrumentos para Prótese
Espátula Dupla Para Cera N° 31 ,,Dentista,Prótese Clínica e Reabilitação Oral,Instrumentos para Prótese
Espátula Dupla Para Cera Nº 7 Duflex ,,Dentista,Prótese Clínica e Reabilitação Oral,Instrumentos para Prótese
Espátula Dupla Silicone 3078 ,,Dentista,Dentística e Estética,Acessórios para Dentística
Espátula Dupla Titânio Millennium ,,Dentista,Dentística e Estética,Acessórios para Dentística
Espátula Elegance ALM L ,,Dentista,Dentística e Estética,Acessórios para Dentística
Espátula Elétrica Dupla Bivolt ,,Dentista,Dentística e Estética,Acessórios para Dentística
Espátula Elétrica Simples ,,Laboratório,Instrumentos e Ferramentas,Instrumentos para Cerâmica
Espátula Endo Flex Intrafill Duflex ,,Dentista,Dentística e Estética,Acessórios para Dentística
Espátula Flexível Metálica ,,Dentista,Dentística e Estética,Acessórios para Dentística
Espátula Misura LM,,Dentista,Dentística e Estética,Acessórios para Dentística
Espátula Misura Posterior LM,,Dentista,Dentística e Estética,Acessórios para Dentística
Espátula Modella LM,,Dentista,Dentística e Estética,Acessórios para Dentística
Espátula para Cera N° 7 ,,Dentista,Prótese Clínica e Reabilitação Oral,Instrumentos para Prótese
Espátula para Cera N° 7 ,,Dentista,Prótese Clínica e Reabilitação Oral,Instrumentos para Prótese
Espátula para Cerâmica Almore L Millennium ,,Dentista,Dentística e Estética,Acessórios para Dentística
Espátula para Cerâmica Almore Silicone ,,Dentista,Dentística e Estética,Acessórios para Dentística
Espátula Para Cimento ,,Dentista,Dentística e Estética,Acessórios para Dentística
Espátula para Fio Retrator ,,Dentista,Prótese Clínica e Reabilitação Oral,Instrumentos para Prótese
Espátula para Fio Retrator Colors Cinza ,,Dentista,Prótese Clínica e Reabilitação Oral,Instrumentos para Prótese
Espátula para Fio Retrator Elegance 3059 ,,Dentista,Prótese Clínica e Reabilitação Oral,Instrumentos para Prótese
Espátula para Fio Retrator Elegance Nº3079 ,,Dentista,Prótese Clínica e Reabilitação Oral,Instrumentos para Prótese
Espátula para Fio Retrator Silicone ,,Dentista,Prótese Clínica e Reabilitação Oral,Instrumentos para Prótese
Espátula para Gesso Cabo Plástico ,,Dentista,Prótese Clínica e Reabilitação Oral,Instrumentos para Prótese
Espátula Para Gesso Inox Cabo Plástico ,,Dentista,Prótese Clínica e Reabilitação Oral,Instrumentos para Prótese
Espátula de Resina e Calcador Posterior ,,Dentista,Dentística e Estética,Acessórios para Dentística
Espatula para Res Thompson 1 ,,Dentista,Dentística e Estética,Acessórios para Dentística
Espátula Para Resina ,,Dentista,Dentística e Estética,Acessórios para Dentística
Espátula para Resina ,,Dentista,Dentística e Estética,Acessórios para Dentística
Espátula para Resina Artem ,,Dentista,Dentística e Estética,Acessórios para Dentística
Espátula Para Resina Charisma N°1,,Dentista,Dentística e Estética,Acessórios para Dentística
Espátula para Resina Colors Preto Nº1 ,,Dentista,Dentística e Estética,Acessórios para Dentística
Espátula para Resina com Calcador Bolinha Silicone ,,Dentista,Dentística e Estética,Acessórios para Dentística
Espátula Para Resina com Calcador N° 2 ,,Dentista,Dentística e Estética,Acessórios para Dentística
Espátula para Resina com Calcador Ward N° 3 Millennium ,,Dentista,Dentística e Estética,Acessórios para Dentística
Espátula para Resina de Titânio Millennium ,,Dentista,Dentística e Estética,Acessórios para Dentística
Espátula para Resina de Titânio Tipo Suprafill Millennium ,,Dentista,Dentística e Estética,Acessórios para Dentística
Espátula para Resina Dupla N° 1 Millennium ,,Dentista,Dentística e Estética,Acessórios para Dentística
Espátula para Resina Dupla Silicone ,,Dentista,Dentística e Estética,Acessórios para Dentística
Espátula para Resina Elegance Flex ,,Dentista,Dentística e Estética,Acessórios para Dentística
Espátula para Resina Elegance SD 3 ,,Dentista,Dentística e Estética,Acessórios para Dentística
Espátula Para Resina Escultura Delicada N° 1,,Dentista,Dentística e Estética,Acessórios para Dentística
Espátula para Resina Flexível ,,Dentista,Dentística e Estética,Acessórios para Dentística
Espátula Para Resina Interproximal ,,Dentista,Dentística e Estética,Acessórios para Dentística
Espátula para Resina Millennium SD ,,Dentista,Dentística e Estética,Acessórios para Dentística
Espátula Para Resina Mini LM ,,Dentista,Dentística e Estética,Acessórios para Dentística
Espátula para Resina N° 1 Colors ,,Dentista,Dentística e Estética,Acessórios para Dentística
Espátula para Resina N° 2 Millennium ,,Dentista,Dentística e Estética,Acessórios para Dentística
Espátula para Resina N° 7 + Thompson ,,Dentista,Dentística e Estética,Acessórios para Dentística
Espátula Para Resina Nº 1 ,,Dentista,Dentística e Estética,Acessórios para Dentística
Espátula para Resina SF N° 6 Millennium ,,Dentista,Dentística e Estética,Acessórios para Dentística
Espátula para Resina Silicone ,,Dentista,Dentística e Estética,Acessórios para Dentística
Espátula para Resina Sofia Milimetrada Millennium ,,Dentista,Dentística e Estética,Acessórios para Dentística
Espátula para Resina Thompson ,,Dentista,Dentística e Estética,Acessórios para Dentística
Espátula para Resina Thompson Black Diamond ,,Dentista,Dentística e Estética,Acessórios para Dentística
Espátula para Resina Thompson Colors ,,Dentista,Dentística e Estética,Acessórios para Dentística
Espátula para Resina Tipo Suprafil Flexível Millennium ,,Dentista,Dentística e Estética,Acessórios para Dentística
Espátula Para Resina TT SD3 nº6 ,,Dentista,Dentística e Estética,Acessórios para Dentística
Espátulas Para Resina Kihon Hirata Kit ,,Dentista,Dentística e Estética,Acessórios para Dentística
Kit de Espátulas para Resina ,,Dentista,Dentística e Estética,Acessórios para Dentística
Kit Espátula para Resina Aymore ,,Dentista,Dentística e Estética,Acessórios para Dentística
Kit Espátula para Resina OptraSculpt Pad ,,Dentista,Dentística e Estética,Acessórios para Dentística
Espátula Para Silicato N° 1 ,,Laboratório,Instrumentos e Ferramentas,Instrumentos para Cerâmica
Espátula para Silicato N° 4 Millennium ,,Laboratório,Instrumentos e Ferramentas,Instrumentos para Cerâmica
Espátula Plástica Cigana para Alginato ,,Dentista,Dentística e Estética,Acessórios para Dentística
Espátula Plástica para Alginato ,,Dentista,Dentística e Estética,Acessórios para Dentística
Espátula Plástica para Gesso e Alginato ,,Dentista,Dentística e Estética,Acessórios para Dentística
Espátula Plástica para Ionômero ,,Dentista,Dentística e Estética,Acessórios para Dentística
Espátula Plástica para Ionômero 142 Flexível ,,Dentista,Dentística e Estética,Acessórios para Dentística
Espátula Plástica Para Ionômero 142 Ionomix ,,Dentista,Dentística e Estética,Acessórios para Dentística
Espátula Plástica para Ionômero de Vidro 142 ,,Dentista,Dentística e Estética,Acessórios para Dentística
Espátula Silicato ,,Laboratório,Instrumentos e Ferramentas,Instrumentos para Cerâmica
Espátula Silicato N° 1 ,,Laboratório,Instrumentos e Ferramentas,Instrumentos para Cerâmica
Espátula Silicato Nº 1 ,,Laboratório,Instrumentos e Ferramentas,Instrumentos para Cerâmica
Espátula Simples ,,Dentista,Dentística e Estética,Acessórios para Dentística
Espátula Simples N° 22 ,,Dentista,Dentística e Estética,Acessórios para Dentística
Espátula Simples N° 22 ,,Dentista,Dentística e Estética,Acessórios para Dentística
Espátula Simples N° 24 Colors ,,Dentista,Dentística e Estética,Acessórios para Dentística
Espátula Simples N° 36 Oitavado ,,Dentista,Dentística e Estética,Acessórios para Dentística
Espátula Simples Nº 24 ,,Dentista,Dentística e Estética,Acessórios para Dentística
Espátula Simples Para Cimento ,,Dentista,Dentística e Estética,Acessórios para Dentística
Espátula Simples Para Cimento ,,Dentista,Dentística e Estética,Acessórios para Dentística
Espátula Simples para Cimento 24F Duflex ,,Dentista,Dentística e Estética,Acessórios para Dentística
Espátula Simples para Cimento N° 24 Intrafil Millennium ,,Dentista,Dentística e Estética,Acessórios para Dentística
Espátula Solo Anterior LM,,Dentista,Dentística e Estética,Acessórios para Dentística
Espátula Solo Posterior LM,,Dentista,Dentística e Estética,Acessórios para Dentística
Espátula Tipo Suprafil Millennium ,,Dentista,Dentística e Estética,Acessórios para Dentística
Espátula SD Titânio Millennium ,,Dentista,Dentística e Estética,Acessórios para Dentística
Espátula Plástica Faca ,,Dentista,Dentística e Estética,Acessórios para Dentística
Micro Espelho Bucal ,,Dentista,Endodontia,Instrumentais Endodônticos
Espelho Bucal Max Vision Nº5 ,,Dentista,Endodontia,Instrumentais Endodônticos
Espelho Bucal Max Vision Nº5 ,,Dentista,Endodontia,Instrumentais Endodônticos
Espelho Bucal Max Vision Nº5 ,,Dentista,Endodontia,Instrumentais Endodônticos
Espelho Bucal Nº 5 ,,Dentista,Endodontia,Instrumentais Endodônticos
Espelho Bucal Nº 5 ,,Dentista,Endodontia,Instrumentais Endodônticos
Espelho Bucal com Aumento Max Vision ,,Dentista,Endodontia,Instrumentais Endodônticos
Espelho Bucal com Aumento Max Vision N°5 ,,Dentista,Endodontia,Instrumentais Endodônticos
Espelho Bucal com aumento N°4 ,,Dentista,Endodontia,Instrumentais Endodônticos
Espelho Bucal com aumento N°5 ,,Dentista,Endodontia,Instrumentais Endodônticos
Espelho Bucal Nº 5 com Aumento ,,Dentista,Endodontia,Instrumentais Endodônticos
Espelho Bucal com cabo Plano N º 5 ,,Dentista,Endodontia,Instrumentais Endodônticos
Espelho Bucal Duplo ,,Dentista,Endodontia,Instrumentais Endodônticos
Espelho Bucal Reflex Front Surface Nº 5 ,,Dentista,Endodontia,Instrumentais Endodônticos
Espelho Bucal Plano N° 3 Air Collection ,,Dentista,Endodontia,Instrumentais Endodônticos
Espelho Bucal Plano N° 5 ,,Dentista,Endodontia,Instrumentais Endodônticos
Espelho Bucal Plano N° 5 Air Collection ,,Dentista,Endodontia,Instrumentais Endodônticos
Espelho Bucal Plano nº05 Duflex ,,Dentista,Endodontia,Instrumentais Endodônticos
Espelho Bucal Plano Nº3 ,,Dentista,Endodontia,Instrumentais Endodônticos
Espelho Bucal Plano Nº3 ,,Dentista,Endodontia,Instrumentais Endodônticos
Espelho Bucal Reflex Plano Nº 5 ,,Dentista,Endodontia,Instrumentais Endodônticos
Espelho Bucal Reflex Plano Nº 5 ,,Dentista,Endodontia,Instrumentais Endodônticos
Espelho Bucal 1 Plano N°5 Air Collection ,,Dentista,Endodontia,Instrumentais Endodônticos
Espelho Bucal 1° Plano N° 5 Relax Plus ,,Dentista,Endodontia,Instrumentais Endodônticos
Espelho Bucal 1° Plano N° 5 Relax Plus Azul ,,Dentista,Endodontia,Instrumentais Endodônticos
Espelho Bucal Primeiro Plano Max Vision ,,Dentista,Endodontia,Instrumentais Endodônticos
Espelho Bucal Primeiro Plano n°3 Front Surface ,,Dentista,Endodontia,Instrumentais Endodônticos
Espelho Bucal Primeiro Plano n°4 Front Surface ,,Dentista,Endodontia,Instrumentais Endodônticos
Espelho Bucal Primeiro Plano n°5 Front Surface ,,Dentista,Endodontia,Instrumentais Endodônticos
Espelho Bucal Primeiro Plano Nº05 Max Vision ,,Dentista,Endodontia,Instrumentais Endodônticos
Espelho Bucal Primeiro Plano Nº5 ,,Dentista,Endodontia,Instrumentais Endodônticos
Espelho Bucal Primeiro Plano Nº5 Front Surface Duflex ,,Dentista,Endodontia,Instrumentais Endodônticos
Espelho Bucal Primeiro Plano Nº5 Max Vision ,,Dentista,Endodontia,Instrumentais Endodônticos
Espelho Bucal Primeiro Plano Nº5 Max Vision ,,Dentista,Endodontia,Instrumentais Endodônticos
Espelho para Fotografia Lateral Cristal ,,Radiologia,Imagem e Radiologia,Equipamentos para Fotografia
Espelho para Fotografia Lingual Cristal ,,Radiologia,Imagem e Radiologia,Equipamentos para Fotografia
Espelho para Fotografia Metálico ,,Radiologia,Imagem e Radiologia,Equipamentos para Fotografia
Espelho para Fotografia Metálico ,,Radiologia,Imagem e Radiologia,Equipamentos para Fotografia
Espelho para Fotografia Oclusal Adulto Cristal ,,Radiologia,Imagem e Radiologia,Equipamentos para Fotografia
Espelho para Fotografia Oclusal Infantil Cristal ,,Radiologia,Imagem e Radiologia,Equipamentos para Fotografia
Esponja Hemostática Hemospon ,Hemospon,Dentista,Cirurgia e Periodontia,Materiais Hemostáticos
Esponja Hemostática Hemospon ,Hemospon,Dentista,Cirurgia e Periodontia,Materiais Hemostáticos
Esponja Hemostática Hemospon Cote/Tape ,Hemospon,Dentista,Cirurgia e Periodontia,Materiais Hemostáticos
Esponja Óssea Bovina Geistlich Bio,,Dentista,Implantodontia,Biomateriais e Regeneração Óssea
Esponja Óssea Bovina Geistlich Bio,,Dentista,Implantodontia,Biomateriais e Regeneração Óssea
Espuma Facial Beaute Clear Skin 120ml ,Rennova Beauté,Dentista,Harmonização Orofacial,Dermocosméticos
Espuma White Align para Limpeza de Alinhadores Ortodônticos Menta ,,Dentista,Ortodontia,Acessórios Ortodônticos
Estojo Acrílico Porta Alicate ,,Dentista,Ortodontia,Acessórios Ortodônticos
Estojo Acrílico Porta Alicate com Tampa ,,Dentista,Ortodontia,Instrumentos Ortodônticos
Estojo Acrílico Porta Alicate com Tampa ,,Dentista,Ortodontia,Instrumentos Ortodônticos
Estojo Acrílico Porta Alicate Deitado Com Maleta ,,Dentista,Ortodontia,Instrumentos Ortodônticos
Estojo Acrílico Porta Bengalinha ,,Dentista,Ortodontia,Acessórios Ortodônticos
Estojo Acrílico Porta Bengalinha com Tampa ,,Dentista,Ortodontia,Acessórios Ortodônticos
Estojo Acrílico Porta Bengalinha Com Tampa ,,Dentista,Ortodontia,Acessórios Ortodônticos
Estojo Acrílico Porta Bengalinha e Elástico Corrente Duplo ,,Dentista,Ortodontia,Acessórios Ortodônticos
Estojo Acrílico Porta Bengalinha e Fio Niti com Tampa ,,Dentista,Ortodontia,Acessórios Ortodônticos
Estojo Acrílico Porta Bengalinha Pequeno ,,Dentista,Ortodontia,Acessórios Ortodônticos
Estojo Acrílico Porta Bengalinha Retangular ,,Dentista,Ortodontia,Acessórios Ortodônticos
Estojo Acrílico Porta Elástico Corrente ,,Dentista,Ortodontia,Acessórios Ortodônticos
Estojo Acrílico Porta Elástico Corrente Com Tampa ,,Dentista,Ortodontia,Acessórios Ortodônticos
Estojo Acrílico Porta Fio ,,Dentista,Ortodontia,Acessórios Ortodônticos
Estojo Acrílico Porta Fio Com Tampa ,,Dentista,Ortodontia,Acessórios Ortodônticos
Estojo Acrílico Porta Fio Niti Com Tampa ,,Dentista,Ortodontia,Acessórios Ortodônticos
Estojo Acrílico Porta Rolete de Algodão ,,Dentista,Descartáveis,Produtos para Procedimentos
Estojo de Acrílico Porta Rolete ,,Dentista,Descartáveis,Produtos para Procedimentos
Estojo Acrílico Suporte Babador ,,Dentista,Descartáveis,Produtos para Paciente
Estojo Acrílico Suporte Para Ligadura Modular ,,Dentista,Ortodontia,Acessórios Ortodônticos
Estojo de Inox Milleniun ,,Dentista,Biossegurança,Caixas para Esterilização
Estojo de Inox Milleniun ,,Dentista,Biossegurança,Caixas para Esterilização
Estojo em Inox Liso Econox,,Dentista,Biossegurança,Caixas para Esterilização
Estojo em Inox Liso Econox,,Dentista,Biossegurança,Caixas para Esterilização
Estojo em Inox Liso Econox ,,Dentista,Biossegurança,Caixas para Esterilização
Estojo em Inox Liso Econox,,Dentista,Biossegurança,Caixas para Esterilização
Estojo Inox Liso ,,Dentista,Biossegurança,Caixas para Esterilização
Estojo Inox Liso ,,Dentista,Biossegurança,Caixas para Esterilização
Estojo Inox Liso G101 ,,Dentista,Biossegurança,Caixas para Esterilização
Estojo para Esterilização Inox Liso Cirúrgico ,,Dentista,Biossegurança,Caixas para Esterilização
Estojo de Inox para Endodontia com Divisões Milleniun ,,Dentista,Endodontia,Instrumentais Endodônticos
Estojo de Inox para Endodontia Placa Alumínio ,,Dentista,Endodontia,Instrumentais Endodônticos
Estojo de Inox para Endodontia Placa Alumínio ,,Dentista,Endodontia,Instrumentais Endodônticos
Estojo de Inox Perfurado para Endo ,,Dentista,Endodontia,Instrumentais Endodônticos
Estojo de Inox para Grampos ,,Dentista,Endodontia,Instrumentais Endodônticos
Estojo de Inox para Implante Perfurado Dias PRF ,,Dentista,Implantodontia,Instrumentais para Implantodontia
Estojo de Inox para Periodontia Perfurado ,,Dentista,Cirurgia e Periodontia,Instrumentais Cirúrgicos
Estojo de Inox Pefurado ,,Dentista,Biossegurança,Caixas para Esterilização
Estojo de Inox Perfurado ,,Dentista,Biossegurança,Caixas para Esterilização
Estojo de Inox Perfurado ,,Dentista,Biossegurança,Caixas para Esterilização
Estojo de Inox Perfurado ,,Dentista,Biossegurança,Caixas para Esterilização
Estojo de Inox Perfurado ,,Dentista,Biossegurança,Caixas para Esterilização
Estojo de Inox Perfurado com Trava ,,Dentista,Biossegurança,Caixas para Esterilização
Estojo de Inox Perfurado com Trava ,,Dentista,Biossegurança,Caixas para Esterilização
Estojo de Inox Perfurado Mileniun ,,Dentista,Biossegurança,Caixas para Esterilização
Estojo de Inox Perfurado Milleniun ,,Dentista,Biossegurança,Caixas para Esterilização
Estojo de Inox Perfurado Milleniun ,,Dentista,Biossegurança,Caixas para Esterilização
Estojo de Inox Perfurado Milleniun ,,Dentista,Biossegurança,Caixas para Esterilização
Estojo de Inox Perfurado para Broca ,,Dentista,Endodontia,Instrumentais Endodônticos
Estojo em Inox Perfurado Econox ,,Dentista,Biossegurança,Caixas para Esterilização
Estojo em Inox Perfurado Econox ,,Dentista,Biossegurança,Caixas para Esterilização
Estojo em Inox Perfurado Econox,,Dentista,Biossegurança,Caixas para Esterilização
Estojo em Inox Perfurado Econox ,,Dentista,Biossegurança,Caixas para Esterilização
Estojo Inox Perfurado ,,Dentista,Biossegurança,Caixas para Esterilização
Estojo Inox Perfurado ,,Dentista,Biossegurança,Caixas para Esterilização
Estojo Inox Perfurado ,,Dentista,Biossegurança,Caixas para Esterilização
Estojo Inox Perfurado ,,Dentista,Biossegurança,Caixas para Esterilização
Estojo Inox Perfurado ,,Dentista,Biossegurança,Caixas para Esterilização
Estojo Inox Perfurado ,,Dentista,Biossegurança,Caixas para Esterilização
Estojo Inox Perfurado ,,Dentista,Biossegurança,Caixas para Esterilização
Estojo Inox Perfurado ,,Dentista,Biossegurança,Caixas para Esterilização
Estojo Inox Perfurado Endodontia ,,Dentista,Endodontia,Instrumentais Endodônticos
Estojo Inox Perfurado Milleniun ,,Dentista,Biossegurança,Caixas para Esterilização
Estojo Inox Perfurado Para Endodontia 72 Furos ,,Dentista,Endodontia,Instrumentais Endodônticos
Estojo para Esterilização Inox Perfurado Autoclavável,,Dentista,Biossegurança,Caixas para Esterilização
Estojo para Esterilização Inox Perfurado Autoclavável,,Dentista,Biossegurança,Caixas para Esterilização
Estojo para Esterilização Inox Perfurado Autoclaváve,,Dentista,Biossegurança,Caixas para Esterilização
Estojo para Esterilização Inox Perfurado Autoclavável ,,Dentista,Biossegurança,Caixas para Esterilização
Estojo para Esterilização Inox Perfurado Autoclavável ,,Dentista,Biossegurança,Caixas para Esterilização
Estojo para Esterilização Inox Perfurado com Trava Autoclavável ,,Dentista,Biossegurança,Caixas para Esterilização
Estojo para Esterilização Inox Perfurado Endo Autoclavável 20x10x5cm ,,Dentista,Biossegurança,Caixas para Esterilização
Estojo para Esterilização Perfurado ,,Dentista,Biossegurança,Caixas para Esterilização
Estojo para Esterilização Perfurado Sterilys com Glitter Grande ,,Dentista,Biossegurança,Caixas para Esterilização
Estojo para Esterilização Perfurado Sterilys Grande ,,Dentista,Biossegurança,Caixas para Esterilização
Estojo para Esterilização Perfurado Sterilys Grande ,,Dentista,Biossegurança,Caixas para Esterilização
Estojo para Esterilização Perfurado Sterilys Pequeno ,,Dentista,Biossegurança,Caixas para Esterilização
Estojo para Esterilização Perfurado Sterilys Perio ,,Dentista,Biossegurança,Caixas para Esterilização
Estojo para Esterilização Perfurado Sterilys Perio Glitter ,,Dentista,Biossegurança,Caixas para Esterilização
Estojo para Esterilização Perfurado Tifanny Grande ,,Dentista,Biossegurança,Caixas para Esterilização
Estojo para Esterilização Perfurado Tifanny Pequeno ,,Dentista,Biossegurança,Caixas para Esterilização
Estojo do Kit Cirúrgico ,,Dentista,Cirurgia e Periodontia,Instrumentais Cirúrgicos
Estojo do Kit Guide ,,Dentista,Cirurgia e Periodontia,Instrumentais Cirúrgicos
Estojo Endo Porta Limas ,,Dentista,Endodontia,Instrumentais Endodônticos
Estojo Plástico Para Limas de Endo ,,Dentista,Endodontia,Instrumentais Endodônticos
Estojo para Articulador ,,Laboratório,Equipamentos Laboratório,Equipamentos para Prótese Removível
Estojo de Esterilização Para 36 Limas + Tamborel ,,Dentista,Biossegurança,Caixas para Esterilização
Estojo de Esterilização Para 60 Limas ,,Dentista,Biossegurança,Caixas para Esterilização
Estojo para Esterilização Para 16 Limas ,,Dentista,Biossegurança,Caixas para Esterilização
Estojo para Esterilização Para 36 Limas ,,Dentista,Biossegurança,Caixas para Esterilização
Estojo para Esterilização Para 8 Limas ,,Dentista,Biossegurança,Caixas para Esterilização
Estojo para Esterilização Periodontia Branco ,,Dentista,Biossegurança,Caixas para Esterilização
Estojo para Esterilização Steribox 1 ,,Dentista,Biossegurança,Caixas para Esterilização
Estojo para Esterilização Steribox 2 ,,Dentista,Biossegurança,Caixas para Esterilização
Estojo para Esterilização Steribox 3 ,,Dentista,Biossegurança,Caixas para Esterilização
Estojo para Esterilização de Instrumento Sterilys Grande ,,Dentista,Biossegurança,Caixas para Esterilização
Estojo para Esterilização de Instrumentos Lm,,Dentista,Biossegurança,Caixas para Esterilização
Estojo para Esterilização de Instrumentos Lm,,Dentista,Biossegurança,Caixas para Esterilização
Estojo para Esterilização de Instrumento Sterilys Pério ,,Dentista,Biossegurança,Caixas para Esterilização
Estojo para Esterilização Plástico ,,Dentista,Biossegurança,Caixas para Esterilização
Estojo para Esterilização Plástico ,,Dentista,Biossegurança,Caixas para Esterilização
Estojo para Esterilização Plástico ,,Dentista,Biossegurança,Caixas para Esterilização
Estojo para Esterilização Plástico Colors Cirúrgico ,,Dentista,Biossegurança,Caixas para Esterilização
Estojo para Esterilização Plástico Colors Clínico ,,Dentista,Biossegurança,Caixas para Esterilização
Estojo para Esterilização Plástico Colors Periodontia ,,Dentista,Biossegurança,Caixas para Esterilização
Estojo para Esterilização Plástico com Divisórias ,,Dentista,Biossegurança,Caixas para Esterilização
Estojo Plástico Organizador ,,Dentista,Ortodontia,Acessórios Ortodônticos
Evidenciador de Cárie Evicárie ,,Dentista,Prevenção e Profilaxia,Produtos para Revelação de Placa
Evidenciador de Cárie Revelacárie ,,Dentista,Prevenção e Profilaxia,Produtos para Revelação de Placa
Evidenciador de Placa ,,Dentista,Prevenção e Profilaxia,Produtos para Revelação de Placa
Evidenciador de Placa Eviform Solução ,,Dentista,Prevenção e Profilaxia,Produtos para Revelação de Placa
Evidenciador de Placa Eviform Solução ,,Dentista,Prevenção e Profilaxia,Produtos para Revelação de Placa
Evidenciador de Placa Eviplac ,,Dentista,Prevenção e Profilaxia,Produtos para Revelação de Placa
Evidenciador de Placa Eviplac ,,Dentista,Prevenção e Profilaxia,Produtos para Revelação de Placa
Evidenciador de Placa Eviplac ,,Dentista,Prevenção e Profilaxia,Produtos para Revelação de Placa
Evidenciador de Placa Eviplac Frasco ,,Dentista,Prevenção e Profilaxia,Produtos para Revelação de Placa
Evidenciador de Placa Replasul S 500ml ,,Dentista,Prevenção e Profilaxia,Produtos para Revelação de Placa
Evidenciador de Placa Replasul T 10Ml ,,Dentista,Prevenção e Profilaxia,Produtos para Revelação de Placa
Evidenciador de Placa Rev Cárie 10ml ,,Dentista,Prevenção e Profilaxia,Produtos para Revelação de Placa
Evidenciador de Placa Tri Plaque ID Gel ,,Dentista,Prevenção e Profilaxia,Produtos para Revelação de Placa
Evidenciador de Placa Viplack ,,Dentista,Prevenção e Profilaxia,Produtos para Revelação de Placa
Evidenciador de Placa Viplak Duo 10ml ,,Dentista,Prevenção e Profilaxia,Produtos para Revelação de Placa
Evidenciador de Placa Visuplac ,,Dentista,Prevenção e Profilaxia,Produtos para Revelação de Placa
Evidenciador de Placas Evilux 100 ,,Dentista,Prevenção e Profilaxia,Produtos para Revelação de Placa
Replasul Pastilha 120unid. ,,Dentista,Prevenção e Profilaxia,Produtos para Revelação de Placa
Replasul Pastilha 60Unid. ,,Dentista,Prevenção e Profilaxia,Produtos para Revelação de Placa
Exercitador Sublingual TongueGym ,,Dentista,Ortodontia,Acessórios Ortodônticos
Expansor de Osso com Rosca ,,Dentista,Implantodontia,Instrumentais para Implantodontia
Expansor Mini ,,Dentista,Ortodontia,Aparelhos Funcionais
Expansor Mini Unilateral ,,Dentista,Ortodontia,Aparelhos Funcionais
Expansor Ortodôntico Em Leque ,,Dentista,Ortodontia,Aparelhos Funcionais
Expansor Ortodôntico Leque Rápido Borboleta ,,Dentista,Ortodontia,Aparelhos Funcionais
Expansor Ortodôntico Mini ,,Dentista,Ortodontia,Aparelhos Funcionais
Expansor Ortodôntico Mini ,,Dentista,Ortodontia,Aparelhos Funcionais
Expansor Ortodôntico Unilateral Mini ,,Dentista,Ortodontia,Aparelhos Funcionais
Expansor Ortodôntico Universal ,,Dentista,Ortodontia,Aparelhos Funcionais
Expansor Palatal Hyrax ,,Dentista,Ortodontia,Aparelhos Funcionais
Extirpa Nervos ,,Dentista,Endodontia,Limas Endodônticas
Extrator de Tártaro ,,Dentista,Prevenção e Profilaxia,Instrumentos para Profilaxia
Farmaiodine Tópico 100ml Frasco Almotolia ,,Dentista,Endodontia,Medicamentos Endodônticos
Farmaiodine Tópico Spray ,,Dentista,Endodontia,Medicamentos Endodônticos
Ferramenta de Remoção Nozzle Perio Flow ,,Dentista,Equipamentos e Peças de Mão,Sistemas Ultrassônicos e Sônicos
Fibra de Vidro Superlig ,,Dentista,Prótese Clínica e Reabilitação Oral,Materiais para Ajuste e Acabamento
Fibra de Vidro Superlig ,,Dentista,Prótese Clínica e Reabilitação Oral,Materiais para Ajuste e Acabamento
Fibra de Vidro Trançada Interlig ,,Dentista,Prótese Clínica e Reabilitação Oral,Materiais para Ajuste e Acabamento
Fibra de Vidro Superfiber Splint Refil ,,Dentista,Prótese Clínica e Reabilitação Oral,Materiais para Ajuste e Acabamento
Fibra para Reforço Superfiber Fita ,,Dentista,Prótese Clínica e Reabilitação Oral,Materiais para Ajuste e Acabamento
Fibra de Vidro Superbar ,,Dentista,Prótese Clínica e Reabilitação Oral,Materiais para Ajuste e Acabamento
Ficha para Raio X 1 Furo ,,Radiologia,Imagem e Radiologia,Acessórios para Radiologia
Ficha para Raio X 1 Furo ,,Radiologia,Imagem e Radiologia,Acessórios para Radiologia
Ficha para Raio X 10 Furos ,,Radiologia,Imagem e Radiologia,Acessórios para Radiologia
Ficha para Raio X 14 Furos ,,Radiologia,Imagem e Radiologia,Acessórios para Radiologia
Ficha para Raio X 2 Furos ,,Radiologia,Imagem e Radiologia,Acessórios para Radiologia
Ficha para Raio X 2 Furos ,,Radiologia,Imagem e Radiologia,Acessórios para Radiologia
Ficha para Raio X 4 Furos ,,Radiologia,Imagem e Radiologia,Acessórios para Radiologia
Ficha para Raio X 4 Furos ,,Radiologia,Imagem e Radiologia,Acessórios para Radiologia
Ficha para Raio X 5 Furos ,,Radiologia,Imagem e Radiologia,Acessórios para Radiologia
Ficha para Raio X 5 Furos ,,Radiologia,Imagem e Radiologia,Acessórios para Radiologia
Ficha para Raio X Infantil 2 Furos ,,Radiologia,Imagem e Radiologia,Acessórios para Radiologia
Ficha para Raio X Oclusal ,,Radiologia,Imagem e Radiologia,Acessórios para Radiologia
Ficha para Raio X Oclusal 1 Furo ,,Radiologia,Imagem e Radiologia,Acessórios para Radiologia
Ficha para Raio X Plástica 1 Furo ,,Radiologia,Imagem e Radiologia,Acessórios para Radiologia
Ficha para Raio X Plástica 14 Furos ,,Radiologia,Imagem e Radiologia,Acessórios para Radiologia
Ficha para Raio X Plástica 18 Furos ,,Radiologia,Imagem e Radiologia,Acessórios para Radiologia
Ficha para Raio X Plástica 2 Furos ,,Radiologia,Imagem e Radiologia,Acessórios para Radiologia
Ficha para Raio X Plástica 4 Furos ,,Radiologia,Imagem e Radiologia,Acessórios para Radiologia
Ficha para Raio X Plástica 6 Furos ,,Radiologia,Imagem e Radiologia,Acessórios para Radiologia
Ficha para Raio X Plástico ,,Radiologia,Imagem e Radiologia,Acessórios para Radiologia
Ficha para Raio X Plástico 14 Furos ,,Radiologia,Imagem e Radiologia,Acessórios para Radiologia
"Filme Impermeável Estéril Leukomed T Transparente 10x12,5cm ",,Dentista,Harmonização Orofacial,Acessórios para Harmonização Orofacial
Filme Plástico para Impressora 3D Photon S/SE DLP ,,Laboratório,Solução Digital,Impressão 3D
Filme Radiográfico Adulto DF,,Radiologia,Imagem e Radiologia,Acessórios para Radiologia
Filme Radiográfico Adulto Periapical E,,Radiologia,Imagem e Radiologia,Filmes Radiográficos
Filme Radiográfico AGFA Dentus E,,Radiologia,Imagem e Radiologia,Filmes Radiográficos
Filme Radiográfico Insight Adulto IP,,Radiologia,Imagem e Radiologia,Filmes Radiográficos
Filme Radiográfico Insight Infantil IP,,Radiologia,Imagem e Radiologia,Filmes Radiográficos
Filme Radiografico Insight IP,,Radiologia,Imagem e Radiologia,Filmes Radiográficos
Filme Radiográfico Insight Oclusal IO,,Radiologia,Imagem e Radiologia,Filmes Radiográficos
Filtro Bacteriológico para Autoclave Lina Rik,,Dentista,Equipamentos e Peças de Mão,Equipamentos para Consultório
Filtro de Pó para Autoclave Lina Rik,,Dentista,Equipamentos e Peças de Mão,Equipamentos para Consultório
Filtro para Assistina 301 Plus Filter Pack ,,Dentista,Equipamentos e Peças de Mão,Equipamentos para Consultório
Fio de Aço CrNi Duro Elástico Redondo ,,Dentista,Ortodontia,Fios Ortodônticos
Fio de Aço CrNi Duro Elástico Redondo ,,Dentista,Ortodontia,Fios Ortodônticos
Fio de Aço CrNi Duro Elástico Redondo ,,Dentista,Ortodontia,Fios Ortodônticos
"Fio de Aço Crni Duro Elástico Redondo 0,30mm 0.012"" ",,Dentista,Ortodontia,Fios Ortodônticos
"Fio de Aço CrNi Duro Elástico Redondo 012"" ",,Dentista,Ortodontia,Fios Ortodônticos
"Fio de Aço CrNi Duro Elástico Redondo 014"" ",,Dentista,Ortodontia,Fios Ortodônticos
"Fio de Aço CrNi Duro Elástico Redondo 014"" ",,Dentista,Ortodontia,Fios Ortodônticos
"Fio de Aço CrNi Duro Elástico Redondo 016"" ",,Dentista,Ortodontia,Fios Ortodônticos
"Fio de Aço CrNi Duro Elástico Redondo 016"" ",,Dentista,Ortodontia,Fios Ortodônticos
"Fio de Aço CrNi Duro Elástico Redondo 018"" ",,Dentista,Ortodontia,Fios Ortodônticos
"Fio de Aço CrNi Duro Elástico Redondo 018"" ",,Dentista,Ortodontia,Fios Ortodônticos
"Fio de Aço CrNi Duro Elástico Redondo 020"" ",,Dentista,Ortodontia,Fios Ortodônticos
Fio de Aço CrNi Meia Cana ,,Dentista,Ortodontia,Fios Ortodônticos
"Fio de Aço CrNi Para Amarrilho Redondo 008"" ",,Dentista,Ortodontia,Fios Ortodônticos
"Fio de Aço CrNi Para Amarrilho Redondo 010"" ",,Dentista,Ortodontia,Fios Ortodônticos
"Fio de Aço CrNi Para Amarrilho Redondo 012"" ",,Dentista,Ortodontia,Fios Ortodônticos
"Fio de Aço Estético Para Amarrilho Redondo 010"" ",,Dentista,Ortodontia,Fios Ortodônticos
"Fio de Aço Para Amarrilho Redondo 008"" ",,Dentista,Ortodontia,Fios Ortodônticos
"Fio de Aço Para Amarrilho Redondo 010"" ",,Dentista,Ortodontia,Fios Ortodônticos
"Fio de Aço Para Amarrilho Redondo 012"" ",,Dentista,Ortodontia,Fios Ortodônticos
"Fio de Aço SS Colboloy 14"" Vareta 0,016 ",,Dentista,Ortodontia,Fios Ortodônticos
Fio de Sutura Suturim ,,Dentista,Cirurgia e Periodontia,Suturas e Materiais para Fechamento
Fio de Sutura Suturim ,,Dentista,Cirurgia e Periodontia,Suturas e Materiais para Fechamento
Fio de Sutura Absorvível Vicryl ,,Dentista,Cirurgia e Periodontia,Suturas e Materiais para Fechamento
Fio de Sutura Absorvível Vicryl 6,,Dentista,Cirurgia e Periodontia,Suturas e Materiais para Fechamento
Fio de Sutura Agulhado ,,Dentista,Cirurgia e Periodontia,Suturas e Materiais para Fechamento
Fio de Sutura Agulhado ,,Dentista,Cirurgia e Periodontia,Suturas e Materiais para Fechamento
Fio Cirúrgico De Nylon Incolor 3,,Dentista,Cirurgia e Periodontia,Suturas e Materiais para Fechamento
Fio Cirúrgico De Nylon Incolor 4,,Dentista,Cirurgia e Periodontia,Suturas e Materiais para Fechamento
Fio Cirúrgico De Nylon Preto 0,,Dentista,Cirurgia e Periodontia,Suturas e Materiais para Fechamento
Fio Cirúrgico De Nylon Preto 0,,Dentista,Cirurgia e Periodontia,Suturas e Materiais para Fechamento
Fio Cirúrgico De Nylon Preto 2,,Dentista,Cirurgia e Periodontia,Suturas e Materiais para Fechamento
Fio Cirúrgico De Nylon Preto 2,,Dentista,Cirurgia e Periodontia,Suturas e Materiais para Fechamento
Fio Cirúrgico De Nylon Preto 3,,Dentista,Cirurgia e Periodontia,Suturas e Materiais para Fechamento
Fio Cirúrgico De Nylon Preto 3,,Dentista,Cirurgia e Periodontia,Suturas e Materiais para Fechamento
Fio Cirúrgico De Nylon Preto 3,,Dentista,Cirurgia e Periodontia,Suturas e Materiais para Fechamento
Fio Cirúrgico De Nylon Preto 3,,Dentista,Cirurgia e Periodontia,Suturas e Materiais para Fechamento
Fio Cirúrgico De Nylon Preto 3,,Dentista,Cirurgia e Periodontia,Suturas e Materiais para Fechamento
Fio Cirúrgico De Nylon Preto 4,,Dentista,Cirurgia e Periodontia,Suturas e Materiais para Fechamento
Fio Cirúrgico De Nylon Preto 4,,Dentista,Cirurgia e Periodontia,Suturas e Materiais para Fechamento
Fio Cirúrgico De Nylon Preto 4,,Dentista,Cirurgia e Periodontia,Suturas e Materiais para Fechamento
Fio Cirúrgico De Nylon Preto 4,,Dentista,Cirurgia e Periodontia,Suturas e Materiais para Fechamento
Fio Cirúrgico De Nylon Preto 4,,Dentista,Cirurgia e Periodontia,Suturas e Materiais para Fechamento
Fio Cirúrgico De Nylon Preto 4,,Dentista,Cirurgia e Periodontia,Suturas e Materiais para Fechamento
Fio Cirúrgico De Nylon Preto 4,,Dentista,Cirurgia e Periodontia,Suturas e Materiais para Fechamento
Fio Cirúrgico De Nylon Preto 5,,Dentista,Cirurgia e Periodontia,Suturas e Materiais para Fechamento
Fio Cirúrgico De Nylon Preto 5,,Dentista,Cirurgia e Periodontia,Suturas e Materiais para Fechamento
Fio Cirúrgico De Nylon Preto 6,,Dentista,Cirurgia e Periodontia,Suturas e Materiais para Fechamento
Fio Cirúrgico De Nylon Preto 6,,Dentista,Cirurgia e Periodontia,Suturas e Materiais para Fechamento
Fio Cirúrgico Nylon Incolor 2,,Dentista,Cirurgia e Periodontia,Suturas e Materiais para Fechamento
Fio Cirúrgico Nylon Incolor 3,,Dentista,Cirurgia e Periodontia,Suturas e Materiais para Fechamento
Fio Cirúrgico Nylon Preto 3,,Dentista,Cirurgia e Periodontia,Suturas e Materiais para Fechamento
Fio Cirúrgico Nylon Preto 4,,Dentista,Cirurgia e Periodontia,Suturas e Materiais para Fechamento
Fio Cirúrgico Nylon Preto 5,,Dentista,Cirurgia e Periodontia,Suturas e Materiais para Fechamento
Fio de Sutura Nylon 4,,Dentista,Cirurgia e Periodontia,Suturas e Materiais para Fechamento
Fio de Sutura Nylon 4,,Dentista,Cirurgia e Periodontia,Suturas e Materiais para Fechamento
Fio de Sutura Nylon 5,,Dentista,Cirurgia e Periodontia,Suturas e Materiais para Fechamento
Fio de Sutura de Nylon Preto ,,Dentista,Cirurgia e Periodontia,Suturas e Materiais para Fechamento
Fio de Sutura Mononylon ,,Dentista,Cirurgia e Periodontia,Suturas e Materiais para Fechamento
Fio de Sutura Nylon ,,Dentista,Cirurgia e Periodontia,Suturas e Materiais para Fechamento
Fio de Sutura Nylon Azul ,,Dentista,Cirurgia e Periodontia,Suturas e Materiais para Fechamento
Fio de Sutura Nylon Azul Ag. Triangular Reverso R ,,Dentista,Cirurgia e Periodontia,Suturas e Materiais para Fechamento
Fio de Sutura Nylon com Agulha ,,Dentista,Cirurgia e Periodontia,Suturas e Materiais para Fechamento
"Fio de Sutura Nylon com Agulha 1/2 CT 1,5cm ",,Dentista,Cirurgia e Periodontia,Suturas e Materiais para Fechamento
Fio de Sutura Nylon Preto Ag. Triangular Reverso R ,,Dentista,Cirurgia e Periodontia,Suturas e Materiais para Fechamento
Fio de Sutura Nylon Soft Azul Ag. Triangular Reverso R ,,Dentista,Cirurgia e Periodontia,Suturas e Materiais para Fechamento
Fio Cirúrgico Seda 3,,Dentista,Cirurgia e Periodontia,Suturas e Materiais para Fechamento
Fio Cirúrgico Seda Preto 3,,Dentista,Cirurgia e Periodontia,Suturas e Materiais para Fechamento
Fio Cirúrgico Seda Preto 3,,Dentista,Cirurgia e Periodontia,Suturas e Materiais para Fechamento
Fio Cirúrgico Seda Preto 4,,Dentista,Cirurgia e Periodontia,Suturas e Materiais para Fechamento
Fio Cirúrgico Seda Preto 4,,Dentista,Cirurgia e Periodontia,Suturas e Materiais para Fechamento
Fio Cirúrgico Seda Preto 5,,Dentista,Cirurgia e Periodontia,Suturas e Materiais para Fechamento
Fio de Sutura de Seda Preta ,,Dentista,Cirurgia e Periodontia,Suturas e Materiais para Fechamento
Fio de Sutura Seda 5,,Dentista,Cirurgia e Periodontia,Suturas e Materiais para Fechamento
Fio de Sutura Seda Preta ,,Dentista,Cirurgia e Periodontia,Suturas e Materiais para Fechamento
Fio de Sutura Seda Preta ,,Dentista,Cirurgia e Periodontia,Suturas e Materiais para Fechamento
Fio de Sutura Seda Preta Trançada ,,Dentista,Cirurgia e Periodontia,Suturas e Materiais para Fechamento
Fio de Sutura Seda Preta Trançada ,,Dentista,Cirurgia e Periodontia,Suturas e Materiais para Fechamento
Escova Interdental Soft Picks Gum ,,Dentista,Higiene Oral,Escovas Interdentais
Fio Dental ,,Dentista,Higiene Oral,Fios e Fitas Dentais
Fio Dental ,,Dentista,Higiene Oral,Fios e Fitas Dentais
Fio Dental 100M ,,Dentista,Higiene Oral,Fios e Fitas Dentais
Fio Dental 100M ,,Dentista,Higiene Oral,Fios e Fitas Dentais
Fio Dental 25M ,,Dentista,Higiene Oral,Fios e Fitas Dentais
Fio Dental 25M ,,Dentista,Higiene Oral,Fios e Fitas Dentais
Fio Dental 50M ,,Dentista,Higiene Oral,Fios e Fitas Dentais
Fio Dental 50M ,,Dentista,Higiene Oral,Fios e Fitas Dentais
Fio Dental Black ,,Dentista,Higiene Oral,Fios e Fitas Dentais
Fio Dental Clinical Floss 500m ,,Dentista,Higiene Oral,Fios e Fitas Dentais
Fio Dental Encerado Essential Floss ,,Dentista,Higiene Oral,Fios e Fitas Dentais
Fio Dental Encerado Essential Floss Menta ,,Dentista,Higiene Oral,Fios e Fitas Dentais
Fio Dental Encerado Essential Floss Menta ,,Dentista,Higiene Oral,Fios e Fitas Dentais
Fio Dental Essential Floss ,,Dentista,Higiene Oral,Fios e Fitas Dentais
Fio Dental Floss Picks ,,Dentista,Higiene Oral,Fios e Fitas Dentais
Fio Dental Flosser Dual Technique ,,Dentista,Higiene Oral,Fios e Fitas Dentais
Fio Dental Gum Flosser Kids Patrulha Canina ,,Dentista,Higiene Oral,Fios e Fitas Dentais
Fio Dental Gum Flosser Multiple Action ,,Dentista,Higiene Oral,Fios e Fitas Dentais
Fio Dental Gum Flosser Ultra Deslizante ,,Dentista,Higiene Oral,Fios e Fitas Dentais
Fio Dental Infantil Heróis 20m ,,Dentista,Higiene Oral,Fios e Fitas Dentais
Fio Dental Infantil Peppa Pig 20m Sortido ,,Dentista,Higiene Oral,Fios e Fitas Dentais
Fio Dental Menta ,,Dentista,Higiene Oral,Fios e Fitas Dentais
Fio Dental Menta ,,Dentista,Higiene Oral,Fios e Fitas Dentais
Fio Dental Menta 100m ,,Dentista,Higiene Oral,Fios e Fitas Dentais
Fio Dental Menta 50m ,,Dentista,Higiene Oral,Fios e Fitas Dentais
Fio Dental Ortodôntico ,,Dentista,Higiene Oral,Fios e Fitas Dentais
Fio Dental Pro,,Dentista,Higiene Oral,Fios e Fitas Dentais
Fio Dental Regular ,,Dentista,Higiene Oral,Fios e Fitas Dentais
Fio Dental Sabores ,,Dentista,Higiene Oral,Fios e Fitas Dentais
Fio Dental Satin Tape ,,Dentista,Higiene Oral,Fios e Fitas Dentais
Fio Dental Slide Pro Menta ,,Dentista,Higiene Oral,Fios e Fitas Dentais
Fio Dental Slide Pro Menta 100m ,,Dentista,Higiene Oral,Fios e Fitas Dentais
Fio Dental Slide Pro Menta 500m ,,Dentista,Higiene Oral,Fios e Fitas Dentais
Fio Dental Super Floss Expert ,,Dentista,Higiene Oral,Fios e Fitas Dentais
Fita Dental Encerado Menta ,,Dentista,Higiene Oral,Fios e Fitas Dentais
Palito Dental Soft Picks Gum ,,Dentista,Higiene Oral,Fios e Fitas Dentais
Fio Retrator Retraflex ,,Dentista,Cirurgia e Periodontia,Materiais Hemostáticos
Fio Retrator Ultrapak ,,Dentista,Cirurgia e Periodontia,Materiais Hemostáticos
Fio Vareta de Aço Ponta Azul Morealloy CoCr Quadrado ,,Dentista,Ortodontia,Fios Ortodônticos
Fio Vareta Ponta Azul Morealloy CoCr Retangular ,,Dentista,Ortodontia,Fios Ortodônticos
Fio Vareta de Aço CrNi Quadrado ,,Dentista,Ortodontia,Fios Ortodônticos
Fio Vareta de Aço CrNi Redondo ,,Dentista,Ortodontia,Fios Ortodônticos
Fio Vareta de Aço CrNi Retangular ,,Dentista,Ortodontia,Fios Ortodônticos
Fio Vareta de Aço CrNi Twist Flex Redondo ,,Dentista,Ortodontia,Fios Ortodônticos
Fio Vareta de Aço CrNi Twist Flex Redondo ,,Dentista,Ortodontia,Fios Ortodônticos
Fio Vareta de Aço Morest CrNi Redondo ,,Dentista,Ortodontia,Fios Ortodônticos
Fio Vareta de Aço Morest CrNi Redondo ,,Dentista,Ortodontia,Fios Ortodônticos
Fio Vareta de Aço Morest CrNi Redondo ,,Dentista,Ortodontia,Fios Ortodônticos
Fio Vareta de Aço Morest Standard CrNi Quadrado ,,Dentista,Ortodontia,Fios Ortodônticos
Fio Vareta de Aço Morest Standard CrNi Retangular ,,Dentista,Ortodontia,Fios Ortodônticos
Fio Vareta de Aço Retangular ,,Dentista,Ortodontia,Fios Ortodônticos
"Fio Vareta de Aço SS Redondo 14 0,012 ",,Dentista,Ortodontia,Fios Ortodônticos
Fio Vareta TMA TiMo Quadrado ,,Dentista,Ortodontia,Fios Ortodônticos
Fio Vareta TMA TiMo Redondo ,,Dentista,Ortodontia,Fios Ortodônticos
Fio Vareta TMA TiMo Redondo ,,Dentista,Ortodontia,Fios Ortodônticos
Fio de Sustentação PDO Croquís Barbed Cutting 2-0 ,,Dentista,Harmonização Orofacial,Fios de Sustentação
Fio de Sustentação PDO Croquís Barbed Molding 18G 100X185Mm 2 30Unid. ,,Dentista,Harmonização Orofacial,Fios de Sustentação
Fio de Sustentação PDO Croquís Mono 6-0 ,,Dentista,Harmonização Orofacial,Fios de Sustentação
Fio de Sustentação PDO Croquís Screw 27G 50X70Mm 5-0 60Unid. ,,Dentista,Harmonização Orofacial,Fios de Sustentação
Prodeep Fios Lift - Cutting Cog 21 Gauge 60mm ,,Dentista,Harmonização Orofacial,Fios de Sustentação
Prodeep Fios Lift - Cutting Cog (Espiculado) 19 Gauge 100mm ,,Dentista,Harmonização Orofacial,Fios de Sustentação
Prodeep Fios Lift - Molding Cog 18 Gauge 100mm (Fio 170mm) ,,Dentista,Harmonização Orofacial,Fios de Sustentação
Prodeep Fios Lift - Molding Cog (Moldado) 18 Gauge 100mm,,Dentista,Harmonização Orofacial,Fios de Sustentação
Prodeep Fios Volume - Double Screw 25 Gauge 90mm ,,Dentista,Harmonização Orofacial,Fios de Sustentação
Prodeep Fios Volume - Hydra 21 Gauge 38mm ,,Dentista,Harmonização Orofacial,Fios de Sustentação
Prodeep Fios Volume - Hydra 21 Gauge 60mm,,Dentista,Harmonização Orofacial,Fios de Sustentação
Prodeep Fios Volume - Screw 26 Gauge 60mm ,,Dentista,Harmonização Orofacial,Fios de Sustentação
Prodeep Fios Volume - Screw 27 Gauge 38mm ,,Dentista,Harmonização Orofacial,Fios de Sustentação
Prodeep Fios Volume Mono Agulhado 27 Gauge 60mm ,,Dentista,Harmonização Orofacial,Fios de Sustentação
Prodeep Fios Volume Mono Agulhado 29 Gauge 38mm ,,Dentista,Harmonização Orofacial,Fios de Sustentação
Prodeep Fios Volume Mono Canulado 30 Gauge 38mm ,,Dentista,Harmonização Orofacial,Fios de Sustentação
Prodeep Fios Volume Nose 19 Gauge - 38mm ,,Dentista,Harmonização Orofacial,Fios de Sustentação
Fios de PDO Duplo Parafuso Twin ,,Dentista,Harmonização Orofacial,Fios de Sustentação
Fios de PDO Liso Twin ,,Dentista,Harmonização Orofacial,Fios de Sustentação
Fios de PDO Parafuso Twin ,,Dentista,Harmonização Orofacial,Fios de Sustentação
Fita Adesiva de Silicone Leukoplast Hypafix Skin Sensitive Rolo 5cmx5m ,,Dentista,Harmonização Orofacial,Acessórios para Harmonização Orofacial
Fita Banda Matriz de Aço ,,Dentista,Dentística e Estética,Sistemas de Matriz
Fita Banda Matriz de Aço ,,Dentista,Dentística e Estética,Sistemas de Matriz
Fita Banda Matriz de Aço ,,Dentista,Dentística e Estética,Sistemas de Matriz
Fita Banda Matriz Metálica ,,Dentista,Dentística e Estética,Sistemas de Matriz
Fita Banda Matriz Metálica ,,Dentista,Dentística e Estética,Sistemas de Matriz
Fita Banda Matriz Metálica ,,Dentista,Dentística e Estética,Sistemas de Matriz
Fita Banda Matriz Metálica ,,Dentista,Dentística e Estética,Sistemas de Matriz
Fita Banda Matriz Metálica ,,Dentista,Dentística e Estética,Sistemas de Matriz
Fita Banda Matriz Metálica ,,Dentista,Dentística e Estética,Sistemas de Matriz
Fita Banda Matriz Metálica ,,Dentista,Dentística e Estética,Sistemas de Matriz
Fita Banda Matriz Metálica ,,Dentista,Dentística e Estética,Sistemas de Matriz
Fita Banda Matriz de Poliéster ,,Dentista,Dentística e Estética,Sistemas de Matriz
Fita Banda Matriz de Poliéster ,,Dentista,Dentística e Estética,Sistemas de Matriz
Fita Banda Matriz de Poliéster ,,Dentista,Dentística e Estética,Sistemas de Matriz
Fita Banda Matriz de Poliéster 5mm ,,Dentista,Dentística e Estética,Sistemas de Matriz
Fita Banda Matriz de Poliéster Airon ,,Dentista,Dentística e Estética,Sistemas de Matriz
Fita de Aço Cinta Profilática ,,Dentista,Dentística e Estética,Sistemas de Matriz
Fita de Aço Cinta Profilática ,,Dentista,Dentística e Estética,Sistemas de Matriz
Fita Preformada de Poliéster ,,Dentista,Dentística e Estética,Sistemas de Matriz
Fita para Autoclave  19mmx30m.,,Dentista,Biossegurança,Equipamentos para Esterilização
Fita para Autoclave  19mmx30m.,,Dentista,Biossegurança,Equipamentos para Esterilização
Fita para Autoclave  19mmx30m.,,Dentista,Biossegurança,Equipamentos para Esterilização
Fita Para Isolamento Isotape ,,Dentista,Endodontia,Materiais para Isolamento
Fita para Isolamento Ultratape ,,Dentista,Endodontia,Materiais para Isolamento
Fixador ,,Radiologia,Imagem e Radiologia,Processamento de Filmes
Fixador ,,Radiologia,Imagem e Radiologia,Processamento de Filmes
Fixador Manual ,,Radiologia,Imagem e Radiologia,Processamento de Filmes
Fixador Manual Selekt+ 500ml ,,Radiologia,Imagem e Radiologia,Processamento de Filmes
Fixador Prodak ,,Radiologia,Imagem e Radiologia,Processamento de Filmes
Fixador Radiográfico ,,Radiologia,Imagem e Radiologia,Processamento de Filmes
Fixador Radiográfico ,,Radiologia,Imagem e Radiologia,Processamento de Filmes
Fixador Radiográfico Pró,,Radiologia,Imagem e Radiologia,Processamento de Filmes
Fixador Radiográfico X RAY 500ml ,,Radiologia,Imagem e Radiologia,Processamento de Filmes
Flexor de Limas Autoclavável ,,Dentista,Endodontia,Acessórios para Endodontia
Flúor Espuma Fluoretada Framboesa ,,Dentista,Prevenção e Profilaxia,Flúor e Remineralizantes
Flúor em Gel ,,Dentista,Prevenção e Profilaxia,Flúor e Remineralizantes
Flúor em Gel Flugel ,Flugel,Dentista,Prevenção e Profilaxia,Flúor e Remineralizantes
Flúor em Gel Flutop ,Flutop,Dentista,Prevenção e Profilaxia,Flúor e Remineralizantes
Flúor Flugel Acidulado Tutti,Flugel,Dentista,Prevenção e Profilaxia,Flúor e Remineralizantes
Flúor Gel Acidulado Morango ,,Dentista,Prevenção e Profilaxia,Flúor e Remineralizantes
Flúor Gel Lysfluor ,Lysfluor,Dentista,Prevenção e Profilaxia,Flúor e Remineralizantes
Flúor Gel Neutro Tutti,,Dentista,Prevenção e Profilaxia,Flúor e Remineralizantes
Fluorsul Pastilha 120Unid. ,Fluorsul,Dentista,Prevenção e Profilaxia,Flúor e Remineralizantes
Fluorsul Pastilha 60Unid. ,Fluorsul,Dentista,Prevenção e Profilaxia,Flúor e Remineralizantes
"Flúor Plax Week 0,2% Tutti",Flúor Plax,Dentista,Prevenção e Profilaxia,Flúor e Remineralizantes
Fluoreto de Sódio 1000g ,,Dentista,Prevenção e Profilaxia,Flúor e Remineralizantes
Fluoreto de Sódio 1g Sachê 500und. ,,Dentista,Prevenção e Profilaxia,Flúor e Remineralizantes
Fluoreto de Sódio 2G Sachê 500Und. ,,Dentista,Prevenção e Profilaxia,Flúor e Remineralizantes
Foice Raspador Collor ,,Dentista,Cirurgia e Periodontia,Instrumentais Periodontais
Fonte de Alimentação para Carregador Valo Cordless Sem Fio ,,Dentista,Equipamentos e Peças de Mão,Fotopolimerizadores
Fonte de Alimentação Valo com Fio ,,Dentista,Equipamentos e Peças de Mão,Fotopolimerizadores
Forceps 2 Infantil ,,Dentista,Cirurgia e Periodontia,Instrumentais Cirúrgicos
Forceps Infantil,,Dentista,Cirurgia e Periodontia,Instrumentais Cirúrgicos
Fórceps Infantil ,,Dentista,Cirurgia e Periodontia,Instrumentais Cirúrgicos
Fórceps Infantil ,,Dentista,Cirurgia e Periodontia,Instrumentais Cirúrgicos
Fórceps Infantil ,,Dentista,Cirurgia e Periodontia,Instrumentais Cirúrgicos
Fórceps Infantil ,,Dentista,Cirurgia e Periodontia,Instrumentais Cirúrgicos
Fórceps Infantil Millennium ,,Dentista,Cirurgia e Periodontia,Instrumentais Cirúrgicos
Fórceps Infantil N° 27 ,,Dentista,Cirurgia e Periodontia,Instrumentais Cirúrgicos
Fórceps Odontológico Adulto ,,Dentista,Cirurgia e Periodontia,Instrumentais Cirúrgicos
Forceps Universal N° 101 Millennium ,,Dentista,Cirurgia e Periodontia,Instrumentais Cirúrgicos
Formocresol ,,Dentista,Endodontia,Medicamentos Endodônticos
Formocresol ,,Dentista,Endodontia,Medicamentos Endodônticos
Forno cerâmica V60 I,,Laboratório,Equipamentos para Laboratório,Fornos e Equipamentos para Cerâmica
Forno para Cerâmica Accure ,,Laboratório,Equipamentos para Laboratório,Fornos e Equipamentos para Cerâmica
Forno para Cerâmica Austromat ,,Laboratório,Equipamentos para Laboratório,Fornos e Equipamentos para Cerâmica
Forno para Cerâmica I Press Intelligence 2 ,,Laboratório,Equipamentos para Laboratório,Fornos e Equipamentos para Cerâmica
Forno para Cerâmica Lotus Ceram ,,Laboratório,Equipamentos para Laboratório,Fornos e Equipamentos para Cerâmica
Forno para Cocção Porcelana Pro N ,,Laboratório,Equipamentos para Laboratório,Fornos e Equipamentos para Cerâmica
Fotopolimerizador 3M™ Elipar™ DeepCure LED ,,Dentista,Equipamentos e Peças de Mão,Fotopolimerizadores
Fotopolimerizador Bluephase N G4 ,,Dentista,Equipamentos e Peças de Mão,Fotopolimerizadores
Fotopolimerizador Bluephase Powercure ,,Dentista,Equipamentos e Peças de Mão,Fotopolimerizadores
Fotopolimerizador BlueStar 2 Bivolt ,,Dentista,Equipamentos e Peças de Mão,Fotopolimerizadores
Fotopolimerizador BlueStar 3 Bivolt ,,Dentista,Equipamentos e Peças de Mão,Fotopolimerizadores
Fotopolimerizador BlueStar 4 Bivolt ,,Dentista,Equipamentos e Peças de Mão,Fotopolimerizadores
Fotopolimerizador Demi Plus ,,Dentista,Equipamentos e Peças de Mão,Fotopolimerizadores
Fotopolimerizador e Clareador Emitter A Fit ,,Dentista,Equipamentos e Peças de Mão,Fotopolimerizadores
Fotopolimerizador Emitter D ,,Dentista,Equipamentos e Peças de Mão,Fotopolimerizadores
Fotopolimerizador Emitter G ,,Dentista,Equipamentos e Peças de Mão,Fotopolimerizadores
Fotopolimerizador Emitter Now ,,Dentista,Equipamentos e Peças de Mão,Fotopolimerizadores
Fotopolimerizador Emitter Now Black ,,Dentista,Equipamentos e Peças de Mão,Fotopolimerizadores
Fotopolimerizador Emitter Now Duo ,,Dentista,Equipamentos e Peças de Mão,Fotopolimerizadores
Fotopolimerizador Kotalux 2.0 Bivolt ,,Dentista,Equipamentos e Peças de Mão,Fotopolimerizadores
Fotopolimerizador Kotalux Aoshima Collection ,,Dentista,Equipamentos e Peças de Mão,Fotopolimerizadores
Fotopolimerizador Led,,Dentista,Equipamentos e Peças de Mão,Fotopolimerizadores
Fotopolimerizador LED,,Dentista,Equipamentos e Peças de Mão,Fotopolimerizadores
Fotopolimerizador Led D ,,Dentista,Equipamentos e Peças de Mão,Fotopolimerizadores
Fotopolimerizador Led F,,Dentista,Equipamentos e Peças de Mão,Fotopolimerizadores
Fotopolimerizador LEDX,,Dentista,Equipamentos e Peças de Mão,Fotopolimerizadores
Fotopolimerizador Magna Box ,,Dentista,Equipamentos e Peças de Mão,Fotopolimerizadores
Fotopolimerizador O Light,,Dentista,Equipamentos e Peças de Mão,Fotopolimerizadores
Fotopolimerizador Optilight Max ,,Dentista,Equipamentos e Peças de Mão,Fotopolimerizadores
Fotopolimerizador Photon Flash ,,Dentista,Equipamentos e Peças de Mão,Fotopolimerizadores
Fotopolimerizador Quazar Rocket ,,Dentista,Equipamentos e Peças de Mão,Fotopolimerizadores
Fotopolimerizador Radii,,Dentista,Equipamentos e Peças de Mão,Fotopolimerizadores
Fotopolimerizador Radii Xpert com Multiwave ,,Dentista,Equipamentos e Peças de Mão,Fotopolimerizadores
Fotopolimerizador Super Dual Led ,,Dentista,Equipamentos e Peças de Mão,Fotopolimerizadores
Fotopolimerizador Valo Cordless Grand 3200 Preto ,,Dentista,Equipamentos e Peças de Mão,Fotopolimerizadores
Fotopolimerizador Valo X ,,Dentista,Equipamentos e Peças de Mão,Fotopolimerizadores
Gancho Lingual Solda ,,Dentista,Ortodontia,Acessórios Ortodônticos
Gancho Ortodôntico Para Tração de Dentes Inclusos ,,Dentista,Ortodontia,Acessórios Ortodônticos
Gancho Ortodôntico Ponta Bola Para Arco 022 ,,Dentista,Ortodontia,Acessórios Ortodônticos
Gancho Ortodôntico Ponta Bola Reto ,,Dentista,Ortodontia,Acessórios Ortodônticos
Gancho Ortodôntico Ponta Bola Reto Para Arco 022 ,,Dentista,Ortodontia,Acessórios Ortodônticos
Gancho Ortodôntico Ponta Bola Universal Para Arco 022 ,,Dentista,Ortodontia,Acessórios Ortodônticos
Gancho para Tração de Dente Incluso ,,Dentista,Ortodontia,Acessórios Ortodônticos
Gancho Ponta Bola ,,Dentista,Ortodontia,Acessórios Ortodônticos
Gancho Universal para MPO ,,Dentista,Ortodontia,Acessórios Ortodônticos
Garrafa EG 064 ,,Dentista,Equipamentos e Peças de Mão,Sistemas Ultrassônicos e Sônicos
Garrote Elástico com Trava Adulto ,,Dentista,Harmonização Orofacial,Acessórios para Harmonização Orofacial
Garrote Strech Torniquete Azul ,,Dentista,Harmonização Orofacial,Acessórios para Harmonização Orofacial
Gaveteiro com 4 Gavetas ,,Dentista,Consultorio Odontológico,Mobiliário Odontológico
Gaveteiro de Madeira 12 Gavetas ,,Dentista,Consultorio Odontológico,Mobiliário Odontológico
Gaveteiro GC12 30 Divisões ,,Dentista,Consultorio Odontológico,Mobiliário Odontológico
Gaveteiro GC14 4 Divisões ,,Dentista,Consultorio Odontológico,Mobiliário Odontológico
Gaveteiro GC16 15 Divisões ,,Dentista,Consultorio Odontológico,Mobiliário Odontológico
Gaveteiro GC2 22 Divisões ,,Dentista,Consultorio Odontológico,Mobiliário Odontológico
Gaveteiro GC3 16 Divisões ,,Dentista,Consultorio Odontológico,Mobiliário Odontológico
Gaveteiro GC4 19 Divisões ,,Dentista,Consultorio Odontológico,Mobiliário Odontológico
Gaveteiro GC5 6 Divisões ,,Dentista,Consultorio Odontológico,Mobiliário Odontológico
Gaveteiro GC6 20 Divisões ,,Dentista,Consultorio Odontológico,Mobiliário Odontológico
Gel Ortoform para Limpeza de Próteses e Aparelhos Ortodônticos Móveis 30ml ,,Dentista,Higiene Oral,Produtos para Próteses
Gesso Comum Base TP II ,,Laboratório,Gessos e Revestimentos,Gessos Odontológicos
Gesso Comum Tipo II ,,Laboratório,Gessos e Revestimentos,Gessos Odontológicos
Gesso Comum Tipo II ,,Laboratório,Gessos e Revestimentos,Gessos Odontológicos
Gesso Comum Tipo II G2 ,,Laboratório,Gessos e Revestimentos,Gessos Odontológicos
Gesso Comum Tipo II Kdent ,,Laboratório,Gessos e Revestimentos,Gessos Odontológicos
Gesso Especial Elite Rock Sandy Brown Tipo IV,,Laboratório,Gessos e Revestimentos,Gessos Odontológicos
Gesso Pedra Especial Zero Flask ,,Laboratório,Gessos e Revestimentos,Gessos Odontológicos
Gesso Pedra Especial Zero Flask ,,Laboratório,Gessos e Revestimentos,Gessos Odontológicos
Gesso Pedra Articstone Tipo III para Articulador ,,Laboratório,Gessos e Revestimentos,Gessos Odontológicos
Gesso Pedra Herodent Tipo III ,,Laboratório,Gessos e Revestimentos,Gessos Odontológicos
Gesso Pedra Tipo III ,,Laboratório,Gessos e Revestimentos,Gessos Odontológicos
Gesso Pedra Tipo III ,,Laboratório,Gessos e Revestimentos,Gessos Odontológicos
Gesso Pedra Tipo III Artic Stone ,,Laboratório,Gessos e Revestimentos,Gessos Odontológicos
Gesso Pedra Tipo III Elite Arti ,,Laboratório,Gessos e Revestimentos,Gessos Odontológicos
Gesso Pedra Tipo III G3 ,,Laboratório,Gessos e Revestimentos,Gessos Odontológicos
Gesso Pedra Tipo III G3 ,,Laboratório,Gessos e Revestimentos,Gessos Odontológicos
Gesso Pedra Tipo III Kdent ,,Laboratório,Gessos e Revestimentos,Gessos Odontológicos
Gesso Pedra Especial Dent,,Laboratório,Gessos e Revestimentos,Gessos Odontológicos
Gesso Pedra Especial DentMix Tipo IV ,,Laboratório,Gessos e Revestimentos,Gessos Odontológicos
Gesso Pedra Especial Elite Rock Tipo IV Caramelo ,,Laboratório,Gessos e Revestimentos,Gessos Odontológicos
Gesso Pedra Especial Esthetic Base 300 Tipo IV Vanilla ,,Laboratório,Gessos e Revestimentos,Gessos Odontológicos
Gesso Pedra Especial Esthetic Base Gold Tipo IV Scan ,,Laboratório,Gessos e Revestimentos,Gessos Odontológicos
Gesso Pedra Especial Flint Rock Tipo IV ,,Laboratório,Gessos e Revestimentos,Gessos Odontológicos
Gesso Pedra Especial Flint Rock Tipo IV ,,Laboratório,Gessos e Revestimentos,Gessos Odontológicos
Gesso Pedra Especial FujiRock EP Classic Tipo IV ,,Laboratório,Gessos e Revestimentos,Gessos Odontológicos
Gesso Pedra Especial FujiRock EP Golden Brown Tipo IV ,,Laboratório,Gessos e Revestimentos,Gessos Odontológicos
Gesso Pedra Especial FujiRock EP Pastel Yellow Tipo IV ,,Laboratório,Gessos e Revestimentos,Gessos Odontológicos
Gesso Pedra Especial FujiRock EP Tipo IV ,,Laboratório,Gessos e Revestimentos,Gessos Odontológicos
Gesso Pedra Especial Herostone Tipo IV ,,Laboratório,Gessos e Revestimentos,Gessos Odontológicos
Gesso Pedra Especial Herostone Tipo IV Rosa ,,Laboratório,Gessos e Revestimentos,Gessos Odontológicos
Gesso Pedra Especial Kromotypo4 Tipo IV ,,Laboratório,Gessos e Revestimentos,Gessos Odontológicos
Gesso Pedra Especial Kromotypo4 Tipo IV ,,Laboratório,Gessos e Revestimentos,Gessos Odontológicos
Gesso Pedra Especial Number 1 Tipo IV ,,Laboratório,Gessos e Revestimentos,Gessos Odontológicos
Gesso Pedra Especial Quatro Tipo IV ,,Laboratório,Gessos e Revestimentos,Gessos Odontológicos
Gesso Pedra Especial Snow Rock Premium ,,Laboratório,Gessos e Revestimentos,Gessos Odontológicos
Gesso Pedra Especial Snow Rock Premium ,,Laboratório,Gessos e Revestimentos,Gessos Odontológicos
Gesso Pedra Especial Tipo IV ,,Laboratório,Gessos e Revestimentos,Gessos Odontológicos
Gesso Pedra Especial Tipo IV Esthetic Base 300 Dentona Vanilla ,,Laboratório,Gessos e Revestimentos,Gessos Odontológicos
Gesso Pedra Especial Tipo IV Number 1 ,,Laboratório,Gessos e Revestimentos,Gessos Odontológicos
Gesso Pedra Especial Tipo IV Uni,,Laboratório,Gessos e Revestimentos,Gessos Odontológicos
Gesso Pedra Especial Tipo IV Uni,,Laboratório,Gessos e Revestimentos,Gessos Odontológicos
Gesso Pedra Especial Vênus Tipo IV ,,Laboratório,Gessos e Revestimentos,Gessos Odontológicos
Gesso Pedra Especial Venus Tipo IV Refil ,,Laboratório,Gessos e Revestimentos,Gessos Odontológicos
Gesso Pedra Especial Zero Sockel Tipo IV ,,Laboratório,Gessos e Revestimentos,Gessos Odontológicos
Gesso Pedra Especial Zero Stone Tipo IV ,,Laboratório,Gessos e Revestimentos,Gessos Odontológicos
Gesso Pedra Especial Zero Stone Tipo IV ,,Laboratório,Gessos e Revestimentos,Gessos Odontológicos
Gesso Pedra Zero Arti Especial Tipo IV ,,Laboratório,Gessos e Revestimentos,Gessos Odontológicos
Gesso Pedra Zero Arti Especial Tipo IV ,,Laboratório,Gessos e Revestimentos,Gessos Odontológicos
Gesso Sintético Tuff Rock ,,Laboratório,Gessos e Revestimentos,Gessos Odontológicos
Vintage Art Universal Glaze Fluorescente GP,Vintage Art,Laboratório,Cerâmicas,Acessórios para Cerâmica
Vintage Art Universal Glaze Fluorescente GP,Vintage Art,Laboratório,Cerâmicas,Acessórios para Cerâmica
Vintage Art Universal Líquido Universal ,Vintage Art,Laboratório,Cerâmicas,Acessórios para Cerâmica
Cerâmica IPS Ivocolor Glaze Paste Fluo ,,Laboratório,Cerâmicas,Acessórios para Cerâmica
Glaze Ips E,,Laboratório,Cerâmicas,Acessórios para Cerâmica
Glaze Ips E,,Laboratório,Cerâmicas,Acessórios para Cerâmica
Glaze Ips E,,Laboratório,Cerâmicas,Acessórios para Cerâmica
Glaze IPS E.Max Ceram Powder ,,Laboratório,Cerâmicas,Acessórios para Cerâmica
Glaze Pasta Universal ,,Laboratório,Cerâmicas,Acessórios para Cerâmica
Glaze Paste InSync ,,Laboratório,Cerâmicas,Acessórios para Cerâmica
Glaze Pó EX,,Laboratório,Cerâmicas,Acessórios para Cerâmica
Glaze Pó Vision Classic ,,Laboratório,Cerâmicas,Acessórios para Cerâmica
Godiva Bastão ,,Dentista,Prótese Clínica e Reabilitação Oral,Materiais para Moldagem
Godiva Godibar Bastão ,,Dentista,Prótese Clínica e Reabilitação Oral,Materiais para Moldagem
Godiva Godibar Bastão ,,Dentista,Prótese Clínica e Reabilitação Oral,Materiais para Moldagem
Godiva Godibar Bastão ,,Dentista,Prótese Clínica e Reabilitação Oral,Materiais para Moldagem
Godiva Godibar Bastão ,,Dentista,Prótese Clínica e Reabilitação Oral,Materiais para Moldagem
Godiva Godibar Placa ,,Dentista,Prótese Clínica e Reabilitação Oral,Materiais para Moldagem
Goiva Alexander ,,Dentista,Cirurgia e Periodontia,Instrumentais Cirúrgicos
Goiva Lucas ,,Dentista,Cirurgia e Periodontia,Instrumentais Cirúrgicos
Grampo Matriz Universal ,,Dentista,Endodontia,Materiais para Isolamento
Grampo Para Isolamento ,,Dentista,Endodontia,Materiais para Isolamento
Grampo Para Isolamento ,,Dentista,Endodontia,Materiais para Isolamento
Grampo Para Isolamento ,,Dentista,Endodontia,Materiais para Isolamento
Grampo Para Isolamento Black Diamond ,,Dentista,Endodontia,Materiais para Isolamento
Grampo Para Isolamento Duflex ,,Dentista,Endodontia,Materiais para Isolamento
Grampo para Isolamento KS,KS,Dentista,Endodontia,Materiais para Isolamento
Grampo para Isolamento Molares Nºw14A ,,Dentista,Endodontia,Materiais para Isolamento
Grampo para Isolamento Nº 207 ,,Dentista,Endodontia,Materiais para Isolamento
Grampo para Isolamento nºB4 ,,Dentista,Endodontia,Materiais para Isolamento
Grampo para Isolamento NºB4 ,,Dentista,Endodontia,Materiais para Isolamento
Grampo Unimatrix R ,,Dentista,Endodontia,Materiais para Isolamento
Grampo Ponta Bola ,,Dentista,Ortodontia,Acessórios Ortodônticos
Guia de Placa ,,Laboratório,Solução Digital,Scanner
Guias Para Confecção de Facetas em Resina Composta Uveneer ,,Dentista,Dentística e Estética,Acessórios para Dentística
Gurin Ortodôntico Com Gancho e Slot Redondo Fechado ,,Dentista,Ortodontia,Acessórios Ortodônticos
Gurin Ortodôntico Com Gancho e Slot Retangular Aberto ,,Dentista,Ortodontia,Acessórios Ortodônticos
Gurin Ortodôntico Com Slot Redondo Fechado ,,Dentista,Ortodontia,Acessórios Ortodônticos
Gurin Ortodôntico Com Slot Retangular Aberto ,,Dentista,Ortodontia,Acessórios Ortodônticos
Gurin Ortodôntico Haste Longa Com Gancho e Slot Redondo Fechado ,,Dentista,Ortodontia,Acessórios Ortodônticos
Guta Percha Calibrada ,,Dentista,Endodontia,Materiais Obturadores
Guta Percha ,,Dentista,Endodontia,Materiais Obturadores
Guta Percha ,,Dentista,Endodontia,Materiais Obturadores
Guta Percha Acessória ,,Dentista,Endodontia,Materiais Obturadores
Guta Percha Acessória ,,Dentista,Endodontia,Materiais Obturadores
Guta Percha Acessória ,,Dentista,Endodontia,Materiais Obturadores
Guta Percha Acessória ,,Dentista,Endodontia,Materiais Obturadores
Guta Percha Acessória ,,Dentista,Endodontia,Materiais Obturadores
Guta Percha Acessória ,,Dentista,Endodontia,Materiais Obturadores
Guta Percha Acessória ,,Dentista,Endodontia,Materiais Obturadores
Guta Percha Acessória Microtip ,,Dentista,Endodontia,Materiais Obturadores
Guta Percha Acessória Microtipped ,,Dentista,Endodontia,Materiais Obturadores
Guta Percha Acessória Microtipped ,,Dentista,Endodontia,Materiais Obturadores
Guta Percha Acessória Nº 20.03 ,,Dentista,Endodontia,Materiais Obturadores
Guta Percha Acessória Nº 20.05 ,,Dentista,Endodontia,Materiais Obturadores
Guta Percha Acessória Nº 25.03 ,,Dentista,Endodontia,Materiais Obturadores
Guta Percha Acessória Nº 25.04 ,,Dentista,Endodontia,Materiais Obturadores
Guta Percha Acessória Nº 25.06 ,,Dentista,Endodontia,Materiais Obturadores
Guta Percha Acessória Nº 30.03 ,,Dentista,Endodontia,Materiais Obturadores
Guta Percha Acessória Nº 30.05 ,,Dentista,Endodontia,Materiais Obturadores
Guta Percha Acessória Nº 35.03 ,,Dentista,Endodontia,Materiais Obturadores
Guta Percha Acessória Nº 35.05 ,,Dentista,Endodontia,Materiais Obturadores
Guta Percha Acessória Nº 40.03 ,,Dentista,Endodontia,Materiais Obturadores
Guta Percha Bastão ,,Dentista,Endodontia,Materiais Obturadores
Guta Percha Bastão Odahcam Maillefer ,,Dentista,Endodontia,Materiais Obturadores
Guta Percha Calibrada ,,Dentista,Endodontia,Materiais Obturadores
Guta Percha Calibrada ,,Dentista,Endodontia,Materiais Obturadores
Guta Percha Calibrada ,,Dentista,Endodontia,Materiais Obturadores
Guta Percha Calibrada ,,Dentista,Endodontia,Materiais Obturadores
Guta Percha Calibrada 50 Tubo ,,Dentista,Endodontia,Materiais Obturadores
Guta Percha Calibrada Colorida Maillefer ,,Dentista,Endodontia,Materiais Obturadores
Guta Percha Calibrada M.T ,,Dentista,Endodontia,Materiais Obturadores
Guta Percha Calibrada Maillefer ,,Dentista,Endodontia,Materiais Obturadores
Guta Percha Calibrada Nº 15,,Dentista,Endodontia,Materiais Obturadores
Guta Percha Calibrada Nº 45,,Dentista,Endodontia,Materiais Obturadores
Guta Percha Calibrada Recipro ,,Dentista,Endodontia,Materiais Obturadores
Guta Percha Calibrada Rosa ,,Dentista,Endodontia,Materiais Obturadores
Guta Percha Calibrada TruNatomy Conform Maillefer ,,Dentista,Endodontia,Materiais Obturadores
Guta Percha Para Sistema Rotatório Pro 04 ,,Dentista,Endodontia,Materiais Obturadores
Guta Percha para Sistema Rotatório Protaper Next X4,,Dentista,Endodontia,Materiais Obturadores
Guta Percha para Sistema Rotatório VDW Rotate ISO 28mm ,,Dentista,Endodontia,Materiais Obturadores
Guta Percha Pro 06 ,,Dentista,Endodontia,Materiais Obturadores
Guta Percha Pro R ,,Dentista,Endodontia,Materiais Obturadores
Guta Percha Pro R ,,Dentista,Endodontia,Materiais Obturadores
Guta Percha Pro T ,,Dentista,Endodontia,Materiais Obturadores
Guta Percha Pro Universal ,,Dentista,Endodontia,Materiais Obturadores
Guta Percha ProT Plus ,,Dentista,Endodontia,Materiais Obturadores
Guta Percha ProTaper Ultimate Conform Fit ,,Dentista,Endodontia,Materiais Obturadores
Guta Percha Protaper Universal Para Sistema Rotatório Maillefer ,,Dentista,Endodontia,Materiais Obturadores
Guta Percha Wave One Gold Maillefer Conform Fit ,,Dentista,Endodontia,Materiais Obturadores
Gutapercha Não Calibrada Vials ,,Dentista,Endodontia,Materiais Obturadores
Gutapercha para Sistema Reciprocante ,,Dentista,Endodontia,Materiais Obturadores
Hidróxido de Cálcio Biocal Dentina ,,Dentista,Endodontia,Medicamentos Endodônticos
"Hidróxido de Cálcio com PMCC 1,76g ",,Dentista,Endodontia,Medicamentos Endodônticos
Hidróxido de Cálcio Hydropast ,,Dentista,Endodontia,Medicamentos Endodônticos
Hidróxido de Cálcio Hydropast com Iodofórmio ,,Dentista,Endodontia,Medicamentos Endodônticos
Hidróxido de Cálcio P.A. ,,Dentista,Endodontia,Medicamentos Endodônticos
Hidróxido de Cálcio P.A. ,,Dentista,Endodontia,Medicamentos Endodônticos
"Hidróxido de Cálcio sem PMCC 1,76g ",,Dentista,Endodontia,Medicamentos Endodônticos
Kit Hidróxido de Cálcio Ultracal XS ,,Dentista,Endodontia,Medicamentos Endodônticos
Pasta de Hidróxido de Cálcio Calcimol LC ,,Dentista,Endodontia,Medicamentos Endodônticos
"Hipoclorito de Sódio 0,5% Líquido de Dakin ",,Dentista,Endodontia,Irrigação e Aspiração
Hipoclorito de Sódio 1% Solução de Milton ,,Dentista,Endodontia,Irrigação e Aspiração
"Hipoclorito de Sódio 2,5% Soda Clorada ",,Dentista,Endodontia,Irrigação e Aspiração
"Solução de Labarraque Hipoclorito de Sódio 2,5% 1L ",,Dentista,Endodontia,Irrigação e Aspiração
Solução de Milton Hiploclorito de Sódio 1% 1L ,,Dentista,Endodontia,Irrigação e Aspiração
Implante Cilíndrico CM ,,Dentista,Implantodontia,Implantes
Implante Cilíndrico HE ,,Dentista,Implantodontia,Implantes
Implante Cone Morse ,,Dentista,Implantodontia,Implantes
Implante Cônico CM ,,Dentista,Implantodontia,Implantes
Implante Cônico HE ,,Dentista,Implantodontia,Implantes
Impressora 3D Micro trix™print² ,Micro Trix Print,Laboratório,Solução Digital,Impressão 3D
Impressora 3D Phrozen Sonic 4K ,Phrozen,Laboratório,Solução Digital,Impressão 3D
Impressora 3D Phrozen Sonic Mighty 4K ,Phrozen,Laboratório,Solução Digital,Impressão 3D
Impressora 3D Phrozen Sonic Mini 8K Bivolt ,Phrozen,Laboratório,Solução Digital,Impressão 3D
Impressora 3D Phrozen Sonic Mini 8K S Bivolt ,Phrozen,Laboratório,Solução Digital,Impressão 3D
Impressora 3D Phrozen Sonic Mini 8Ks Bivolt ,Phrozen,Laboratório,Solução Digital,Impressão 3D
Indicador Biológico 24horas ,,Dentista,Biossegurança,Indicador para Esterilização
Indicador Biológico 24horas ,,Dentista,Biossegurança,Indicador para Esterilização
Indicador Biológico Bioindicador 24 horas ,,Dentista,Biossegurança,Indicador para Esterilização
Indicador Biológico Biological Test 24horas ,,Dentista,Biossegurança,Indicador para Esterilização
Indicador Biológico Clean Test 24horas ,Cleantest,Dentista,Biossegurança,Indicador para Esterilização
Indicador Biológico Clicktest 24 horas ,Clicktest,Dentista,Biossegurança,Indicador para Esterilização
Indicador Biológico Steritest 24horas ,Steritest,Dentista,Biossegurança,Indicador para Esterilização
Indicador Biológico AllPrime 8 horas ,AllPrime,Dentista,Biossegurança,Indicador para Esterilização
Indicador Biológico Bio 8horas ,,Dentista,Biossegurança,Indicador para Esterilização
Indicador Biológico Clicktest 8 horas ,Clicktest,Dentista,Biossegurança,Indicador para Esterilização
Indicador Químico ,,Dentista,Biossegurança,Indicador para Esterilização
Indicador Químico ,,Dentista,Biossegurança,Indicador para Esterilização
Indicador Químico ,,Dentista,Biossegurança,Indicador para Esterilização
Indicador Químico Bowie & Dick Clean Test ,,Dentista,Biossegurança,Indicador para Esterilização
Indicador Químico Bowie Dick ,,Dentista,Biossegurança,Indicador para Esterilização
Indicador Químico Emulador TST Browne ,,Dentista,Biossegurança,Indicador para Esterilização
Indicador Químico Helix ,,Dentista,Biossegurança,Indicador para Esterilização
Indicador Químico Integrador Classe 5 ,,Dentista,Biossegurança,Indicador para Esterilização
Indicador Químico Integrador Classe 5 ,,Dentista,Biossegurança,Indicador para Esterilização
Indicador Químico Integrador Classe 6 ,,Dentista,Biossegurança,Indicador para Esterilização
Indicador Químico Integrador Classe 6 ,,Dentista,Biossegurança,Indicador para Esterilização
Indicador Químico Integrador Steam Plus Classe 5 ,,Dentista,Biossegurança,Indicador para Esterilização
Injetor para Elastômero ,,Laboratório,Descartáveis,Descartáveis para Laboratório
Injetor para Elastômero ,,Laboratório,Descartáveis,Descartáveis para Laboratório
Injetor para Mesoterapia MultiMeso ,,Dentista,Harmonização Orofacial,Acessórios para Harmonização Orofacial
Instrumento Contact + Gold ,,Dentista,Dentística e Estética,Acessórios para Dentística
Instrumento de Torque Universal 223 ,,Dentista,Ortodontia,Instrumentos Ortodônticos
Instrumento Medidor 3M™ BT ,,Dentista,Dentística e Estética,Sistemas de Matriz
Instrumento para Autoligado Clarity Ultra ,,Dentista,Ortodontia,Acessórios Ortodônticos
Instrumento RGG Millennium ,,Dentista,Dentística e Estética,Acessórios para Dentística
Iodofórmio ,,Dentista,Endodontia,Medicamentos Endodônticos
Iodofórmio ,,Dentista,Endodontia,Medicamentos Endodônticos
Iodoformio 10G ,,Dentista,Endodontia,Medicamentos Endodônticos
Iodofórmio Pasta Machado 2g ,,Dentista,Endodontia,Medicamentos Endodônticos
Ionômero de Vidro C Riva Luting ,Riva,Dentista,Dentística e Estética,Ionômero de Vidro
Ionômero de Vidro C Riva Luting Plus Kit ,Riva,Dentista,Dentística e Estética,Ionômero de Vidro
Ionômero de Vidro Ionglass Photo Blue ,Ionglass,Dentista,Dentística e Estética,Ionômero de Vidro
Ionômero de Vidro Para Cimentação 3M™ Ketac™ Cem Easymix ,,Dentista,Dentística e Estética,Ionômero de Vidro
Ionômero de Vidro Para Cimentação 3M™ Multi,,Dentista,Dentística e Estética,Ionômero de Vidro
Ionômero de Vidro Para Cimentação 3M™ Multi,,Dentista,Dentística e Estética,Ionômero de Vidro
Ionômero de Vidro Para Cimentação Auto Bioglass C ,Bioglass,Dentista,Dentística e Estética,Ionômero de Vidro
Ionômero de Vidro Para Cimentação GC Fuji Ortho LC ,Fuji,Dentista,Dentística e Estética,Ionômero de Vidro
Ionômero de Vidro Para Cimentação GC Fuji Plus C ,Fuji,Dentista,Dentística e Estética,Ionômero de Vidro
Ionômero de Vidro Para Cimentação GC Gold Label 1 ,Gold Label,Dentista,Dentística e Estética,Ionômero de Vidro
Ionomero de Vidro Para Cimentação Ionglass C ,Ionglass,Dentista,Dentística e Estética,Ionômero de Vidro
Ionômero de Vidro Para Cimentação Ionomaster C ,Ionomaster,Dentista,Dentística e Estética,Ionômero de Vidro
Ionômero de Vidro Para Cimentação Maxxion C ,Maxxion,Dentista,Dentística e Estética,Ionômero de Vidro
Ionômero de Vidro Para Cimentação Meron ,Meron,Dentista,Dentística e Estética,Ionômero de Vidro
Ionômero de Vidro Para Cimentação Meron C ,Meron,Dentista,Dentística e Estética,Ionômero de Vidro
Ionômero de Vidro Para Cimentação Meron Plus ,Meron,Dentista,Dentística e Estética,Ionômero de Vidro
Ionômero de Vidro Para Cimentação Meron Plus QM ,Meron,Dentista,Dentística e Estética,Ionômero de Vidro
Ionômero de Vidro Para Cimentação Microglass C ,Microglass,Dentista,Dentística e Estética,Ionômero de Vidro
Ionômero de Vidro Para Cimentação Riva Luting ,Riva,Dentista,Dentística e Estética,Ionômero de Vidro
Ionômero de Vidro Para Cimentação Vidrion C Plus ,Vidrion,Dentista,Dentística e Estética,Ionômero de Vidro
Ionômero de Vidro Para Cimentação Vitro Cem ,Vitro Cem,Dentista,Dentística e Estética,Ionômero de Vidro
Híbrido de Vidro Restaurador Equia Forte Kit ,Equia Forte,Dentista,Dentística e Estética,Ionômero de Vidro
Cimento Compósito de Ionômero de Vidro Forrador Ionofast ,Ionofast,Dentista,Cimentos,Cimento para Forramento
Cimento Compósito de Ionômero de Vidro Forrador Ionofast ,Ionofast,Dentista,Cimentos,Cimento para Forramento
Ionômero de Vidro Forrador Bioglass ,Bioglass,Dentista,Dentística e Estética,Ionômero de Vidro
Ionômero de Vidro Forrador GC Fuji Lining LC ,Fuji,Dentista,Dentística e Estética,Ionômero de Vidro
Ionômero de Vidro Forrador Ionglass Photo ,Ionglass,Dentista,Dentística e Estética,Ionômero de Vidro
Ionômero de Vidro Forrador Ionoseal ,Ionoseal,Dentista,Dentística e Estética,Ionômero de Vidro
Ionômero de Vidro Forrador Ionoseal ,Ionoseal,Dentista,Dentística e Estética,Ionômero de Vidro
Ionômero de Vidro Forrador Microglass F ,Microglass,Dentista,Dentística e Estética,Ionômero de Vidro
Ionômero de Vidro Forrador Resiglass ,Resiglass,Dentista,Dentística e Estética,Ionômero de Vidro
Ionômero de Vidro Forrador Vidrion F Plus ,Vidrion,Dentista,Dentística e Estética,Ionômero de Vidro
Ionômero de Vidro R Riva Self Cure HV ,Riva,Dentista,Dentística e Estética,Ionômero de Vidro
Ionômero de Vidro Restaurador 3M™ Vitremer™ ,Vitremer,Dentista,Dentística e Estética,Ionômero de Vidro
Ionômero de Vidro Restaurador 3M™ Vitremer™ Glaze ,Vitremer,Dentista,Dentística e Estética,Ionômero de Vidro
Ionômero de Vidro Restaurador 3M™ Vitremer™ Líquido ,Vitremer,Dentista,Dentística e Estética,Ionômero de Vidro
Ionômero de Vidro Restaurador 3M™ Vitremer™ Pó ,Vitremer,Dentista,Dentística e Estética,Ionômero de Vidro
Ionômero de Vidro Restaurador 3M™ Vitremer™ Primer ,Vitremer,Dentista,Dentística e Estética,Ionômero de Vidro
Ionômero de Vidro Restaurador Bioglass ,Bioglass,Dentista,Dentística e Estética,Ionômero de Vidro
Ionômero de Vidro Restaurador GC Gold Label 2 LC R ,Gold Label,Dentista,Dentística e Estética,Ionômero de Vidro
Ionômero de Vidro Restaurador GC Gold Label 2 LC R ,Gold Label,Dentista,Dentística e Estética,Ionômero de Vidro
Ionômero de Vidro Restaurador GC Gold Label 9 R ,Gold Label,Dentista,Dentística e Estética,Ionômero de Vidro
Ionômero de Vidro Restaurador Ionglass R ,Ionglass,Dentista,Dentística e Estética,Ionômero de Vidro
Ionômero de Vidro Restaurador Ionofil Plus ,Ionofil,Dentista,Dentística e Estética,Ionômero de Vidro
Ionômero de Vidro Restaurador Ionofil Plus Líquido ,Ionofil,Dentista,Dentística e Estética,Ionômero de Vidro
Ionômero de Vidro Restaurador Ionofil Plus Pó ,Ionofil,Dentista,Dentística e Estética,Ionômero de Vidro
Ionômero de Vidro Restaurador Ionolux ,Ionolux,Dentista,Dentística e Estética,Ionômero de Vidro
Ionômero de Vidro Restaurador Maxxion R ,Maxxion,Dentista,Dentística e Estética,Ionômero de Vidro
Ionômero de Vidro Restaurador Maxxion R ,Maxxion,Dentista,Dentística e Estética,Ionômero de Vidro
Ionômero de Vidro Restaurador Maxxion R ,Maxxion,Dentista,Dentística e Estética,Ionômero de Vidro
Ionômero de Vidro Restaurador Microglass R ,Microglass,Dentista,Dentística e Estética,Ionômero de Vidro
Ionômero de Vidro Restaurador Resiglass ,Resiglass,Dentista,Dentística e Estética,Ionômero de Vidro
Ionômero de Vidro Restaurador Riva Light Cure ,Riva,Dentista,Dentística e Estética,Ionômero de Vidro
Ionômero de Vidro Restaurador Riva Light Cure ,Riva,Dentista,Dentística e Estética,Ionômero de Vidro
Ionômero de Vidro Restaurador Riva Self Cure ,Riva,Dentista,Dentística e Estética,Ionômero de Vidro
Ionômero de Vidro Restaurador Riva Self Cure ,Riva,Dentista,Dentística e Estética,Ionômero de Vidro
Ionômero de Vidro Restaurador Uniglass R ,Uniglass R,Dentista,Dentística e Estética,Ionômero de Vidro
Ionômero de Vidro Restaurador Vidrion R Plus ,Vidrion,Dentista,Dentística e Estética,Ionômero de Vidro
Ionômero de Vidro Restaurador Vidrion R Plus ,Vidrion,Dentista,Dentística e Estética,Ionômero de Vidro
Ionômero de Vidro Restaurador Vitro Fil LC R ,Vitro Fil LC R,Dentista,Dentística e Estética,Ionômero de Vidro
Ionômero de Vidro Restaurador Vitro Fil R ,Vitro Fil  R,Dentista,Dentística e Estética,Ionômero de Vidro
Ionômero De Vidro Restaurador Vitro Molar ,Vitro Molar,Dentista,Dentística e Estética,Ionômero de Vidro
Ionômero de Vidro Riva Silver ,Riva,Dentista,Dentística e Estética,Ionômero de Vidro
Kit Ionômero de Vidro Restaurador  3M™  Ketac™ Molar Easy Mix ,Ketack,Dentista,Dentística e Estética,Ionômero de Vidro
Kit Ionômero de Vidro Restaurador Maxxion R Radiopaco A3 ,Maxxion,Dentista,Dentística e Estética,Ionômero de Vidro
Jaleco Feminino Adele Capuccino ,,Dentista,Moda e Vestuário,Scrubs e Jalecos
Jaleco Feminino Aline Branco ,,Dentista,Moda e Vestuário,Scrubs e Jalecos
Jaleco Feminino Basic Branco ,,Dentista,Moda e Vestuário,Scrubs e Jalecos
Jaleco Feminino Basic Gabardine Azul Marinho ,,Dentista,Moda e Vestuário,Scrubs e Jalecos
Jaleco Feminino Chloe Pug ,,Dentista,Moda e Vestuário,Scrubs e Jalecos
Jaleco Feminino Classic Branco de Manga Curta ,,Dentista,Moda e Vestuário,Scrubs e Jalecos
Jaleco Feminino Diva Luxo Branco ,,Dentista,Moda e Vestuário,Scrubs e Jalecos
Jaleco Feminino Duda Azul Marinho ,,Dentista,Moda e Vestuário,Scrubs e Jalecos
Jaleco Feminino Duda Branco ,,Dentista,Moda e Vestuário,Scrubs e Jalecos
Jaleco Feminino Elegance Branco ,,Dentista,Moda e Vestuário,Scrubs e Jalecos
Jaleco Feminino Elegance Preto ,,Dentista,Moda e Vestuário,Scrubs e Jalecos
Jaleco Feminino Essential Azul Marinho ,,Dentista,Moda e Vestuário,Scrubs e Jalecos
Jaleco Feminino Estampado Tutti,,Dentista,Moda e Vestuário,Scrubs e Jalecos
Jaleco Feminino Francesca Branco ,,Dentista,Moda e Vestuário,Scrubs e Jalecos
Jaleco Feminino Francis Branco com Mangas em Renda ,,Dentista,Moda e Vestuário,Scrubs e Jalecos
Jaleco Feminino Funcolors Azul ,,Dentista,Moda e Vestuário,Scrubs e Jalecos
Jaleco Feminino Funcolors Laranja Neon ,,Dentista,Moda e Vestuário,Scrubs e Jalecos
Jaleco Feminino Funcolors Rosa ,,Dentista,Moda e Vestuário,Scrubs e Jalecos
Jaleco Feminino Funcolors Verde Neon ,,Dentista,Moda e Vestuário,Scrubs e Jalecos
Jaleco Feminino Funcolors Verde Tiffany ,,Dentista,Moda e Vestuário,Scrubs e Jalecos
Jaleco Feminino Hello Kitty 50Th Celebration ,,Dentista,Moda e Vestuário,Scrubs e Jalecos
Jaleco Feminino Hello Kitty Azul ,,Dentista,Moda e Vestuário,Scrubs e Jalecos
Jaleco Feminino Hello Kitty Jeans ,,Dentista,Moda e Vestuário,Scrubs e Jalecos
Jaleco Feminino Heloisa Azul Marinho ,,Dentista,Moda e Vestuário,Scrubs e Jalecos
Jaleco Feminino Heloisa Bege com Preto G ,,Dentista,Moda e Vestuário,Scrubs e Jalecos
Jaleco Feminino Heloisa Bege com Preto G1 Plus Size ,,Dentista,Moda e Vestuário,Scrubs e Jalecos
Jaleco Feminino Heloisa Bege com Preto Plus Size ,,Dentista,Moda e Vestuário,Scrubs e Jalecos
Jaleco Feminino Heloisa Bordô ,,Dentista,Moda e Vestuário,Scrubs e Jalecos
Jaleco Feminino Heloisa Branco ,,Dentista,Moda e Vestuário,Scrubs e Jalecos
Jaleco Feminino Heloisa Chumbo Plus Size ,,Dentista,Moda e Vestuário,Scrubs e Jalecos
Jaleco Feminino Heloisa Coral Plus Size ,,Dentista,Moda e Vestuário,Scrubs e Jalecos
Jaleco Feminino Heloisa Preto ,,Dentista,Moda e Vestuário,Scrubs e Jalecos
Jaleco Feminino Isabel Rosa Nude ,,Dentista,Moda e Vestuário,Scrubs e Jalecos
Jaleco Feminino Isabel Rosa Nude Plus Size ,,Dentista,Moda e Vestuário,Scrubs e Jalecos
Jaleco Feminino Isabella Branco ,,Dentista,Moda e Vestuário,Scrubs e Jalecos
Jaleco Feminino Isabella Nude ,,Dentista,Moda e Vestuário,Scrubs e Jalecos
Jaleco Feminino Isabella Preto ,,Dentista,Moda e Vestuário,Scrubs e Jalecos
Jaleco Feminino Juicy Azul Marinho ,,Dentista,Moda e Vestuário,Scrubs e Jalecos
Jaleco Feminino Juicy Branco ,,Dentista,Moda e Vestuário,Scrubs e Jalecos
Jaleco Feminino Juicy Preto ,,Dentista,Moda e Vestuário,Scrubs e Jalecos
Jaleco Feminino Juicy Rosê Outubro Rosa ,,Dentista,Moda e Vestuário,Scrubs e Jalecos
Jaleco Feminino Juliete Caramelo ,,Dentista,Moda e Vestuário,Scrubs e Jalecos
Jaleco Feminino Louis Rosê ,,Dentista,Moda e Vestuário,Scrubs e Jalecos
Jaleco Feminino Lux Gelo ,,Dentista,Moda e Vestuário,Scrubs e Jalecos
Jaleco Feminino Lux Preto ,,Dentista,Moda e Vestuário,Scrubs e Jalecos
Jaleco Feminino Manga Curta Leve Só o Que é Bom ,,Dentista,Moda e Vestuário,Scrubs e Jalecos
Jaleco Feminino Manuela Azul Marinho ,,Dentista,Moda e Vestuário,Scrubs e Jalecos
Jaleco Feminino Manuela Azul Marinho Plus Size ,,Dentista,Moda e Vestuário,Scrubs e Jalecos
Jaleco Feminino Manuela Branco ,,Dentista,Moda e Vestuário,Scrubs e Jalecos
Jaleco Feminino Manuela Branco Plus Size ,,Dentista,Moda e Vestuário,Scrubs e Jalecos
Jaleco Feminino Manuela Chumbo ,,Dentista,Moda e Vestuário,Scrubs e Jalecos
Jaleco Feminino Manuela Chumbo Plus Size ,,Dentista,Moda e Vestuário,Scrubs e Jalecos
Jaleco Feminino Move Branco ,,Dentista,Moda e Vestuário,Scrubs e Jalecos
Jaleco Feminino Move Preto ,,Dentista,Moda e Vestuário,Scrubs e Jalecos
Jaleco Feminino Move Rosê ,,Dentista,Moda e Vestuário,Scrubs e Jalecos
Jaleco Feminino Neo Branco ,,Dentista,Moda e Vestuário,Scrubs e Jalecos
Jaleco Feminino Norma Branco ,,Dentista,Moda e Vestuário,Scrubs e Jalecos
Jaleco Feminino Paola Branco com Croco ,,Dentista,Moda e Vestuário,Scrubs e Jalecos
Jaleco Feminino Plus Size Hello Kitty Pink Pop ,,Dentista,Moda e Vestuário,Scrubs e Jalecos
Jaleco Feminino PowerFlex Branco Antiviral ,,Dentista,Moda e Vestuário,Scrubs e Jalecos
Jaleco Feminino Powerflex Gelo ,,Dentista,Moda e Vestuário,Scrubs e Jalecos
Jaleco Feminino Rafa Azul Marinho ,,Dentista,Moda e Vestuário,Scrubs e Jalecos
Jaleco Feminino Rafa Branco ,,Dentista,Moda e Vestuário,Scrubs e Jalecos
Jaleco Feminino Rebecca Rosa Blush ,,Dentista,Moda e Vestuário,Scrubs e Jalecos
Jaleco Feminino Sereia ,,Dentista,Moda e Vestuário,Scrubs e Jalecos
Jaleco Feminino Smiley Duo Azul Aqua ,,Dentista,Moda e Vestuário,Scrubs e Jalecos
Jaleco Feminino Students Branco Plus Size ,,Dentista,Moda e Vestuário,Scrubs e Jalecos
Jaleco Feminino Unik Bordô ,,Dentista,Moda e Vestuário,Scrubs e Jalecos
Jaleco Feminino Unik Branco ,,Dentista,Moda e Vestuário,Scrubs e Jalecos
Jaleco Feminino Veneto Azul Marinho ,,Dentista,Moda e Vestuário,Scrubs e Jalecos
Jaleco Feminino Veneto Branco ,,Dentista,Moda e Vestuário,Scrubs e Jalecos
Jaleco Feminino Veneto Preto ,,Dentista,Moda e Vestuário,Scrubs e Jalecos
Jaleco Feminino Veneto Rosa Blush ,,Dentista,Moda e Vestuário,Scrubs e Jalecos
Jaleco Feminino Vision Branco ,,Dentista,Moda e Vestuário,Scrubs e Jalecos
Jaleco Feminino Vision Pink ,,Dentista,Moda e Vestuário,Scrubs e Jalecos
Jaleco Heloisa Feminino Plus Size Azul Marinho ,,Dentista,Moda e Vestuário,Scrubs e Jalecos
Jaleco Heloisa Feminino Plus Size Bordô ,,Dentista,Moda e Vestuário,Scrubs e Jalecos
Jaleco Heloisa Feminino Plus Size Verde Claro ,,Dentista,Moda e Vestuário,Scrubs e Jalecos
Jaleco Masculino Basic Branco ,,Dentista,Moda e Vestuário,Scrubs e Jalecos
Jaleco Masculino Basic Gabardine Azul Marinho ,,Dentista,Moda e Vestuário,Scrubs e Jalecos
Jaleco Masculino Blazer Branco ,,Dentista,Moda e Vestuário,Scrubs e Jalecos
Jaleco Masculino Classic Azul Marinho ,,Dentista,Moda e Vestuário,Scrubs e Jalecos
Jaleco Masculino Elegance Branco ,,Dentista,Moda e Vestuário,Scrubs e Jalecos
Jaleco Masculino Elegance Preto ,,Dentista,Moda e Vestuário,Scrubs e Jalecos
Jaleco Masculino Essential Azul Marinho ,,Dentista,Moda e Vestuário,Scrubs e Jalecos
Jaleco Masculino Gales Azul Marinho ,,Dentista,Moda e Vestuário,Scrubs e Jalecos
Jaleco Masculino Gales Cinza Claro ,,Dentista,Moda e Vestuário,Scrubs e Jalecos
Jaleco Masculino Leo Branco ,,Dentista,Moda e Vestuário,Scrubs e Jalecos
Jaleco Masculino Leo Verde ,,Dentista,Moda e Vestuário,Scrubs e Jalecos
Jaleco Masculino Manoel Branco ,,Dentista,Moda e Vestuário,Scrubs e Jalecos
Jaleco Masculino Manoel Branco Plus Size ,,Dentista,Moda e Vestuário,Scrubs e Jalecos
Jaleco Masculino Manoel Chumbo ,,Dentista,Moda e Vestuário,Scrubs e Jalecos
Jaleco Masculino Manoel Chumbo Plus Size ,,Dentista,Moda e Vestuário,Scrubs e Jalecos
Jaleco Masculino Manoel Preto ,,Dentista,Moda e Vestuário,Scrubs e Jalecos
Jaleco Masculino Move Branco ,,Dentista,Moda e Vestuário,Scrubs e Jalecos
Jaleco Masculino Move Preto ,,Dentista,Moda e Vestuário,Scrubs e Jalecos
Jaleco Masculino Neo Azul Marinho ,,Dentista,Moda e Vestuário,Scrubs e Jalecos
Jaleco Masculino Neo Branco ,,Dentista,Moda e Vestuário,Scrubs e Jalecos
Jaleco Masculino Newprene Azul Marinho ,,Dentista,Moda e Vestuário,Scrubs e Jalecos
Jaleco Masculino Oxford Branco Basic ,,Dentista,Moda e Vestuário,Scrubs e Jalecos
Jaleco Masculino Powerflex Branco ,,Dentista,Moda e Vestuário,Scrubs e Jalecos
Jaleco Masculino PowerFlex Branco Antiviral ,,Dentista,Moda e Vestuário,Scrubs e Jalecos
Jaleco Masculino Rafa Branco ,,Dentista,Moda e Vestuário,Scrubs e Jalecos
Jaleco Masculino Rafa Marinho ,,Dentista,Moda e Vestuário,Scrubs e Jalecos
Jaleco Masculino Royale Branco ,,Dentista,Moda e Vestuário,Scrubs e Jalecos
Jaleco Masculino Samuel Branco ,,Dentista,Moda e Vestuário,Scrubs e Jalecos
Jaleco Masculino Students Branco ,,Dentista,Moda e Vestuário,Scrubs e Jalecos
Jaleco Masculino Students Branco Plus Size ,,Dentista,Moda e Vestuário,Scrubs e Jalecos
Jaleco Masculino Unik Bordô ,,Dentista,Moda e Vestuário,Scrubs e Jalecos
Jaleco Masculino Unik Branco ,,Dentista,Moda e Vestuário,Scrubs e Jalecos
Jaleco Masculino Veneto Azul Marinho ,,Dentista,Moda e Vestuário,Scrubs e Jalecos
Jaleco Masculino Veneto Bordô ,,Dentista,Moda e Vestuário,Scrubs e Jalecos
Jaleco Masculino Veneto Branco ,,Dentista,Moda e Vestuário,Scrubs e Jalecos
Jaleco Masculino Veneto Preto ,,Dentista,Moda e Vestuário,Scrubs e Jalecos
Jaleco Masculino Versatile Areia ,,Dentista,Moda e Vestuário,Scrubs e Jalecos
Jaleco Masculino Versatile Branco ,,Dentista,Moda e Vestuário,Scrubs e Jalecos
Jaleco Masculino Vision Branco ,,Dentista,Moda e Vestuário,Scrubs e Jalecos
Jaleco Unissex Dinossauro ,,Dentista,Moda e Vestuário,Scrubs e Jalecos
AIRFLOW® Prophylaxis Master ,,Dentista,Equipamentos e Peças de Mão,Sistemas Ultrassônicos e Sônicos
Jato Air,,Dentista,Equipamentos e Peças de Mão,Sistemas Ultrassônicos e Sônicos
Jato de Bicarbonato e Ultrassom Jet Laxis Sonic BP II LED ,,Dentista,Equipamentos e Peças de Mão,Sistemas Ultrassônicos e Sônicos
Jato de Bicarbonato e Ultrassom Jet Laxis Sonic BP II LED ,,Dentista,Equipamentos e Peças de Mão,Sistemas Ultrassônicos e Sônicos
Jogo de Pinça Crane Kaplan ,,Dentista,Cirurgia e Periodontia,Instrumentais Cirúrgicos
Kit Simplificado para Preparo de Resinas Diretas Anteriores e Posteriores Dr. Rodrigo Reis e Dra. Michele Vivas ,,Dentista,Dentística e Estética,Acabamento e Polimento
"Kit Simplificado para Preparo Inlay, Onlay, Coroas e Facetas Dr Rodrigo Reis e Dra. Michele Vivas ",,Dentista,Dentística e Estética,Acabamento e Polimento
Kit Strip Estética ,,Dentista,Dentística e Estética,Acabamento e Polimento
Kit Strip Ortodontia ,,Dentista,Ortodontia,Acessórios Ortodônticos
Kit Strip Periodontia ,,Dentista,Cirurgia e Periodontia,Kits e Conjuntos Cirúrgicos
Kit Super Snap Mandril + Discos ,,Dentista,Dentística e Estética,Acabamento e Polimento
Kit Twist,,Dentista,Dentística e Estética,Acabamento e Polimento
Kit Twist Gloss e Vittra BL1 ,,Dentista,Dentística e Estética,Acabamento e Polimento
Kit Twist Gloss e Vittra BL2 ,,Dentista,Dentística e Estética,Acabamento e Polimento
Kit Ultra,,Dentista,Dentística e Estética,Acabamento e Polimento
Kit Ultra Gloss e Vittra BL1 ,,Dentista,Dentística e Estética,Acabamento e Polimento
Kit Acabamento e Polimento Clínico Ajuste e Polimento de Cerâmica Dr. Carlos Archangelo ,,Dentista,Dentística e Estética,Acabamento e Polimento
Kit Acabamento e Polimento Clínico Cirurgia Estéticas Giordani Ottoboni ,,Dentista,Dentística e Estética,Acabamento e Polimento
Kit Acabamento e Polimento Clínico Polimento de Preparos Dr. Tchelo Giordani ,,Dentista,Dentística e Estética,Acabamento e Polimento
Kit Acabamento e Polimento de Resina Completo Ultra,,Dentista,Dentística e Estética,Acabamento e Polimento
Kit Acabamento e Polimento Final Touch Dr. Rafael Decúrio ,,Dentista,Dentística e Estética,Acabamento e Polimento
Kit Acabamento e Polimento Jiffy Polisher Espiral ,,Dentista,Dentística e Estética,Acabamento e Polimento
Kit Acabamento e Polimento Pulido Viva La Resina Dr. Rafael Ballista Dra. Tininha Gomes ,,Dentista,Dentística e Estética,Acabamento e Polimento
Kit Acabamento Fino e Extrafino em Restaurações ,,Laboratório,Materiais para Acabamento e Polimento,Polidores
Kit de Acabamento e Textura Green State ,,Laboratório,Materiais para Acabamento e Polimento,Polidores
Kit Dr. Sidney Kina Pontas Diamantadas Invicta FG e CA ,,Dentista,Dentística e Estética,Acabamento e Polimento
Kit Invicta para Acabamento de Resina Anterior e Posterior Dr. Thiago Ottoboni ,,Dentista,Dentística e Estética,Acabamento e Polimento
Kit Polidores para Resina Composta Dr. Thiago Ottoboni ,,Dentista,Dentística e Estética,Acabamento e Polimento
Kit EVE de Acabamento e Polimento Rosetta SP ,,Laboratório,Materiais para Acabamento e Polimento,Polidores
Combo Kit Acadêmico Lite Azul ,,Dentista,Equipamentos e Peças de Mão,Equipamentos para Consultório
Combo Kit Acadêmico Lite Rosa ,,Dentista,Equipamentos e Peças de Mão,Equipamentos para Consultório
Kit Acadêmico ,,Dentista,Equipamentos e Peças de Mão,Equipamentos para Consultório
Kit Acadêmico 4 Peças + Escova Elétrica ,,Dentista,Equipamentos e Peças de Mão,Equipamentos para Consultório
Kit Acadêmico 4 Peças Prima PB ,,Dentista,Equipamentos e Peças de Mão,Equipamentos para Consultório
Kit Acadêmico Alegra LS Exco BC 3 Peças ,,Dentista,Equipamentos e Peças de Mão,Equipamentos para Consultório
Kit Acadêmico Astro Light com Led 4 Peças ,,Dentista,Equipamentos e Peças de Mão,Equipamentos para Consultório
Kit Acadêmico Astro Tech 4 Peças ,,Dentista,Equipamentos e Peças de Mão,Equipamentos para Consultório
Kit Acadêmico Intra Sigma Air Prime 3P B/T/CRI Nº 180 ,,Dentista,Equipamentos e Peças de Mão,Equipamentos para Consultório
Kit Acadêmico Intra Sigma Air Prime 4P PB B/T/CRI Nº 169 ,,Dentista,Equipamentos e Peças de Mão,Equipamentos para Consultório
Kit Acadêmico Intra Sigma Air Prime 4P PB B/T/CRI/CAPB Nº 170 ,,Dentista,Equipamentos e Peças de Mão,Equipamentos para Consultório
Kit Acadêmico Prime 4 Peças ,,Dentista,Equipamentos e Peças de Mão,Equipamentos para Consultório
Kit Acadêmico Pro PAP,,Dentista,Equipamentos e Peças de Mão,Equipamentos para Consultório
Kit Acadêmico Professional ,,Dentista,Equipamentos e Peças de Mão,Equipamentos para Consultório
Kit Acadêmico S3 Lite Classic ,,Dentista,Equipamentos e Peças de Mão,Equipamentos para Consultório
Kit Acadêmico S4 Classic Led ,,Dentista,Equipamentos e Peças de Mão,Equipamentos para Consultório
Kit Acadêmico S4 Lite Push ,,Dentista,Equipamentos e Peças de Mão,Equipamentos para Consultório
Kit Acadêmico S4 Push Led ,,Dentista,Equipamentos e Peças de Mão,Equipamentos para Consultório
Kit Adesivo Clearfil SE Bond + Primer ,Clearfil,Dentista,Dentística e Estética,Adesivos Odontológicos
Kit Adesivo FL,,Dentista,Dentística e Estética,Adesivos Odontológicos
Kit Adesivo Luxabond Total,,Dentista,Dentística e Estética,Adesivos Odontológicos
Kit Adesivo Palfique Bond ,Palfique,Dentista,Dentística e Estética,Adesivos Odontológicos
Kit Adesivo Single Bond 2 + Adesivo Single Bond Universal ,,Dentista,Dentística e Estética,Adesivos Odontológicos
Kit Adesivo Transbond XT + Adesivo Ortodôntico Transbond Plus Self Etching Primer ,,Dentista,Ortodontia,Acessórios para Colagem
Kit Combo Essential Optibond Fl Prime + Adesivo + Resinas ,,Dentista,Dentística e Estética,Adesivos Odontológicos
Kit Optibond FL Primer + Adesivo ,,Dentista,Dentística e Estética,Adesivos Odontológicos
Kit Promocioanal Adesivo Scotchbond Universal Plus 3ml com Casulo ,,Dentista,Dentística e Estética,Adesivos Odontológicos
Kit Ajuste e Polimento de Dissilicato by Dr. Oswaldo Scopin ,,Laboratório,Materiais para Acabamento e Polimento,Polidores
Alavanca Seldin Kit Millennium ,,Dentista,Cirurgia e Periodontia,Instrumentais Cirúrgicos
Kit Alavanca Seldin ,,Dentista,Cirurgia e Periodontia,Instrumentais Cirúrgicos
"Kit Alavanca Seldin (1L, 1R e Nº 2) ",,Dentista,Cirurgia e Periodontia,Instrumentais Cirúrgicos
Kit Alavanca Seldin 3 Unidades ,,Dentista,Cirurgia e Periodontia,Instrumentais Cirúrgicos
Kit Alicates para OFM Dhacar 7unid. ,,Dentista,Ortodontia,Instrumentos Ortodônticos
Kit Alicates Alinhadores 5unid. ,,Dentista,Ortodontia,Instrumentos Ortodônticos
Kit Promocional Arco de Aço SS Redondos + Retangulares 1000unid.,,Dentista,Ortodontia,Fios Ortodônticos
Kit Promocional Arco Flexy NiTi Superelástico Redondos + Retangulares 1000unid.,,Dentista,Ortodontia,Fios Ortodônticos
Kit Arco Microcut ,,Dentista,Dentística e Estética,Acabamento e Polimento
Kit Arco Microcut ,,Dentista,Dentística e Estética,Acabamento e Polimento
Kit Promocional Arco Termoativado Flexy NiTi 35° Redondos + Retangulares 1000unid.,,Dentista,Ortodontia,Fios Ortodônticos
Kit Arco Ultracut ,,Dentista,Dentística e Estética,Acabamento e Polimento
Kit Bandeja Auxiliar para Periféricos ,,Dentista,Consultorio Odontológico,Mobiliário Odontológico
Kit Bráquete Metálico Autoligado U,,Dentista,Ortodontia,Bráquetes
Kit Bráquete Metálico Capelozza 4x2 022 1 Caso ,,Dentista,Ortodontia,Bráquetes
Kit Bráquete Metálico Capelozza I 022 1 Caso com Gancho nos Caninos e Pré,,Dentista,Ortodontia,Bráquetes
Kit Bráquete Metálico Capelozza I II III Protrusiva Minus e Plus 022 Dente 14/15 com Gacho ,,Dentista,Ortodontia,Bráquetes
Kit Bráquete Metálico Capelozza I II III Protrusiva Minus e Plus 022 Dente 24/25 com Gacho ,,Dentista,Ortodontia,Bráquetes
Kit Bráquete Metálico Capelozza II 022 1 Caso com Gancho nos Caninos e Pré,,Dentista,Ortodontia,Bráquetes
Kit Bráquete Metálico Capelozza III 022 1 Caso com Gancho nos Caninos e Pré,,Dentista,Ortodontia,Bráquetes
Kit Bráquete Metálico Capelozza Protrusiva Minus 022 1 Caso com Gancho nos Caninos e Pré,,Dentista,Ortodontia,Bráquetes
Kit Bráquete Metálico Capelozza Protrusiva Plus 022 1 Caso com Gancho nos Caninos e Pré,,Dentista,Ortodontia,Bráquetes
Kit Bráquete Cerâmico Ceramic SLH Roth 022 9° Ângulo 1 Caso ,,Dentista,Ortodontia,Bráquetes
Kit Bráquete Cerâmico Ceramic SLP Roth 022 9° Ângulo 1 Caso ,,Dentista,Ortodontia,Bráquetes
Kit Bráquete Cerâmico Iceram,,Dentista,Ortodontia,Bráquetes
Kit Bráquete Cerâmico Iceram com Slot Metálico Roth 022 ,,Dentista,Ortodontia,Bráquetes
Kit Promocional Bráquete Metálico Advanced MBT 022 100 Casos + 120 Tubos ,,Dentista,Ortodontia,Bráquetes
Kit Calibrador e Aferidor de Articulador ,,Dentista,Prótese Clínica e Reabilitação Oral,Materiais para Caracterização
Kit Cariostático Riva Star Aqua 38% ,,Dentista,Dentística e Estética,Materiais para Controle de Cárie
Kit Cera Aquarela Aesthetic By Tininha Gomes ,,Dentista,Prótese Clínica e Reabilitação Oral,Materiais para Caracterização
Kit Cera Aquarela STG Wax Fixadent ,,Dentista,Prótese Clínica e Reabilitação Oral,Materiais para Caracterização
Kit Chave para Implante CM ,,Dentista,Implantodontia,Instrumentais para Implantodontia
Kit Chave para Implante HE ,,Dentista,Implantodontia,Instrumentais para Implantodontia
Kit Chaves para Implantes ,,Dentista,Implantodontia,Instrumentais para Implantodontia
Kit Cimentação de Pinos ,,Dentista,Cimentos,Cimentos para Cimentação Definitiva
Kit Cimento Endodôntico ,,Dentista,Cimentos,Cimentos Endodônticos
Kit Cimento Endodôntico AH Plus Biocerâmico Starter ,,Dentista,Cimentos,Cimentos Endodônticos
Kit Cimento Endodôntico Ciment,,Dentista,Cimentos,Cimentos Endodônticos
Kit Cimento Endodôntico N Rickert ,,Dentista,Cimentos,Cimentos Endodônticos
Kit Cimento Provisório Inter,,Dentista,Cimentos,Cimentos Provisórios
Kit Cimento Provisório Superprovi SE ,,Dentista,Cimentos,Cimentos Provisórios
Kit Cimento Resinoso Allcem Veneer ,,Dentista,Cimentos,Cimentos para Cimentação Definitiva
Kit Cimento Resinoso Dual Autoadesivo 3M™ Relyx™,Relyx,Dentista,Cimentos,Cimentos para Cimentação Definitiva
Kit Cimento Resinoso Dual Panavia V5 ,,Dentista,Cimentos,Cimentos para Cimentação Definitiva
Kit Cimento Resinoso Dual Panavia V5 Color ,,Dentista,Cimentos,Cimentos para Cimentação Definitiva
Kit Cimento Resinoso Dual Panavia V5 Introductory ,,Dentista,Cimentos,Cimentos para Cimentação Definitiva
Kit Cimento Resinoso Dual seT PP + Resina Luna 2 ,,Dentista,Cimentos,Cimentos para Cimentação Definitiva
Kit Cimento Resinoso Nx3 Bleach Dentes Clareados ,,Dentista,Cimentos,Cimentos para Cimentação Definitiva
Kit Cimento Resinoso Panavia F 2.0 ,,Dentista,Cimentos,Cimentos para Cimentação Definitiva
Kit Cimento Resinoso Truecore ,,Dentista,Cimentos,Cimentos para Cimentação Definitiva
Kit Cimento Riva Cem Automix ,,Dentista,Cimentos,Cimentos para Cimentação Definitiva
Kit Cimento Variolink Esthetic DC ,,Dentista,Cimentos,Cimentos para Cimentação Definitiva
Kit Elegance 3M™ Relyx™ Veneer ,,Dentista,Cimentos,Cimentos para Cimentação Definitiva
Kit Cirúrgico ,,Dentista,Implantodontia,Kits para Implantodontia
Kit Cirúrgico Especial ,,Dentista,Descartáveis,Barreiras de Proteção
Kit Cirúrgico Especial ,,Dentista,Descartáveis,Barreiras de Proteção
Kit Cirúrgico Estéril Implante ,,Dentista,Descartáveis,Barreiras de Proteção
Kit Cirúrgico Estéril Implante 40Gr Azul ,,Dentista,Descartáveis,Barreiras de Proteção
Kit Cirúrgico Estéril Implante Azul 40Gr ,,Dentista,Descartáveis,Barreiras de Proteção
Kit Cirúrgico Estéril Implante Branco 20Gr ,,Dentista,Descartáveis,Barreiras de Proteção
Kit Cirúrgico Estéril Implante Branco 30Gr ,,Dentista,Descartáveis,Barreiras de Proteção
Kit Cirúrgico Estéril Implante Branco 40Gr ,,Dentista,Descartáveis,Barreiras de Proteção
Kit Cirúrgico Estéril Implante Master ,,Dentista,Descartáveis,Barreiras de Proteção
Kit Cirúrgico Estéril Implante Master Rosa ,,Dentista,Descartáveis,Barreiras de Proteção
Kit Cirúrgico Estéril Implante Padrão Branco 30g ,,Dentista,Descartáveis,Barreiras de Proteção
Kit Cirúrgico Estéril N°1 ,,Dentista,Descartáveis,Barreiras de Proteção
Kit Cirúrgico Estéril N°2 ,,Dentista,Descartáveis,Barreiras de Proteção
Kit Cirúrgico Estéril N1 ,,Dentista,Descartáveis,Barreiras de Proteção
Kit Cirúrgico Estéril Nº 1 30Gr ,,Dentista,Descartáveis,Barreiras de Proteção
Kit Cirúrgico Estéril Nº 2 30Gr ,,Dentista,Descartáveis,Barreiras de Proteção
Kit Cirúrgico Estéril Nº 3 Branco 30g ,,Dentista,Descartáveis,Barreiras de Proteção
Kit Cirúrgico Estéril Nº 4 Branco 30g ,,Dentista,Descartáveis,Barreiras de Proteção
Kit Cirúrgico Estéril Nº 5 Branco 30gr ,,Dentista,Descartáveis,Barreiras de Proteção
Kit Cirúrgico Estéril Para Implante ,,Dentista,Descartáveis,Barreiras de Proteção
Kit Cirúrgico Estéril Para Implante ,,Dentista,Descartáveis,Barreiras de Proteção
Kit Cirúrgico Estéril Para Implante ,,Dentista,Descartáveis,Barreiras de Proteção
Kit Cirúrgico Estéril Para Implante ,,Dentista,Descartáveis,Barreiras de Proteção
Kit Cirúrgico Estéril Para Implante ,,Dentista,Descartáveis,Barreiras de Proteção
Kit Cirúrgico Estéril para Implante 30GR ,,Dentista,Descartáveis,Barreiras de Proteção
Kit Cirúrgico Estéril Para Periodontia ,,Dentista,Descartáveis,Barreiras de Proteção
Kit Cirúrgico Estéril Para Periodontia ,,Dentista,Descartáveis,Barreiras de Proteção
Kit Cirúrgico Estéril Para Periodontia ,,Dentista,Descartáveis,Barreiras de Proteção
Kit Cirúrgico Estéril Pério ,,Dentista,Descartáveis,Barreiras de Proteção
Kit Cirúrgico Estéril Pério 30GR ,,Dentista,Descartáveis,Barreiras de Proteção
Kit Cirúrgico Estéril Pério 30gr Branco (Oral Menor) ,,Dentista,Descartáveis,Barreiras de Proteção
Kit Cirúrgico Estéril Pério 40Gr Azul ,,Dentista,Descartáveis,Barreiras de Proteção
Kit Cirúrgico Estéril Pério Azul Claro 40Gr ,,Dentista,Descartáveis,Barreiras de Proteção
Kit Cirúrgico Estéril Pério Branco 20g ,,Dentista,Descartáveis,Barreiras de Proteção
Kit Cirúrgico Estéril Pério Branco 20Gr ,,Dentista,Descartáveis,Barreiras de Proteção
Kit Cirúrgico Estéril Pério Branco 30Gr ,,Dentista,Descartáveis,Barreiras de Proteção
Kit Cirúrgico Estéril Pério Branco 40Gr ,,Dentista,Descartáveis,Barreiras de Proteção
Kit Cirúrgico Estéril Perio Master ,,Dentista,Descartáveis,Barreiras de Proteção
Kit Cirúrgico Estéril Pério Master Rosa ,,Dentista,Descartáveis,Barreiras de Proteção
Kit Cirúrgico Estéril Perio Premium Padrão Branco 30g ,,Dentista,Descartáveis,Barreiras de Proteção
Kit Cirúrgico Estéril Pério Rosa 40g ,,Dentista,Descartáveis,Barreiras de Proteção
Kit Cirúrgico Estéril Periodontal ,,Dentista,Descartáveis,Barreiras de Proteção
Kit Cirúrgico Estéril Periodontal GR40 ,,Dentista,Descartáveis,Barreiras de Proteção
Kit Cirúrgico Implante 30gr Branco (Oral Maior) ,,Dentista,Descartáveis,Barreiras de Proteção
Kit Cirúrgico Implante Alto Padrão 20g ,,Dentista,Descartáveis,Barreiras de Proteção
Kit Cirúrgico Implante Alto Padrão 40GR ,,Dentista,Descartáveis,Barreiras de Proteção
Kit Cirúrgico Implante Alto Padrão Branco 30g ,,Dentista,Descartáveis,Barreiras de Proteção
Kit Cirúrgico Implante Masterdent Branco 20gr ,,Dentista,Descartáveis,Barreiras de Proteção
Kit Cirúrgico Implante Masterdent Branco 30gr ,,Dentista,Descartáveis,Barreiras de Proteção
Kit Cirúrgico Implante Masterdent Branco 40gr ,,Dentista,Descartáveis,Barreiras de Proteção
Kit Cirúrgico N2 Estéril ,,Dentista,Descartáveis,Barreiras de Proteção
Kit Cirúrgico para Implantes ,,Dentista,Descartáveis,Barreiras de Proteção
Kit Cirúrgico Paramentação Implante Padrão 30g ,,Dentista,Descartáveis,Barreiras de Proteção
Kit Cirúrgico Paramentação Periodontia Padrão Azul Claro 30GR ,,Dentista,Descartáveis,Barreiras de Proteção
Kit Cirúrgico Pério Masterdent Branco 20gr ,,Dentista,Descartáveis,Barreiras de Proteção
Kit Cirúrgico Pério Masterdent Branco 30gr ,,Dentista,Descartáveis,Barreiras de Proteção
Kit Cirúrgico Pério Masterdent Branco 40gr ,,Dentista,Descartáveis,Barreiras de Proteção
Kit Cirúrgico Periodontia Padrão ,,Dentista,Descartáveis,Barreiras de Proteção
Kit Cirúrgico Procedimento 30GR ,,Dentista,Descartáveis,Barreiras de Proteção
Kit Cirúrgico Smart Singular 19 Peças + Estojo ,,Dentista,Descartáveis,Barreiras de Proteção
Clareador Opalescence 10% Pf Regular 1 Seringa 3g ,,Dentista,Dentística e Estética,Clareadores Dentais
Kit Clareador ,,Dentista,Dentística e Estética,Clareadores Dentais
Kit Clareador 35% Automistura Plus ,,Dentista,Dentística e Estética,Clareadores Dentais
Kit Clareador Claridex Office 35% + Biodam ,,Dentista,Dentística e Estética,Clareadores Dentais
Kit Clareador Consultório Whiteness HP Blue 35% ,,Dentista,Dentística e Estética,Clareadores Dentais
Kit Clareador Dental Pro 35% ,,Dentista,Dentística e Estética,Clareadores Dentais
Kit Clareador Magic White Office 35% + 2 Ponteiras de Aplicação ,,Dentista,Dentística e Estética,Clareadores Dentais
Kit Clareador Pola Day ,,Dentista,Dentística e Estética,Clareadores Dentais
Kit Clareador Pola Night ,,Dentista,Dentística e Estética,Clareadores Dentais
Kit Clareador Pola Office + Pola Night 10% ,,Dentista,Dentística e Estética,Clareadores Dentais
Kit Clareador Pola Office Plus + Pola Night 10% ,,Dentista,Dentística e Estética,Clareadores Dentais
Kit Clareador Pola Office+ 35% Promoção Pague 1 Leve 2 ,,Dentista,Dentística e Estética,Clareadores Dentais
"Kit Clareador Pola Office+ 37,5% 3 Paciente Promoção Pague 1 Leve 2 ",,Dentista,Dentística e Estética,Clareadores Dentais
Kit Clareador Pro 38% SS + NanoProtect Multiuso + Resina Palfique LX5 Mini A2 Tokuyama ,,Dentista,Dentística e Estética,Clareadores Dentais
Kit Clareador White Care 15% ,,Dentista,Dentística e Estética,Clareadores Dentais
Kit Clareador Whiteness Automixx Plus 35% + Top Dam ,,Dentista,Dentística e Estética,Clareadores Dentais
Kit Clareador Whiteness HP 35% ,,Dentista,Dentística e Estética,Clareadores Dentais
Kit Clareador Whiteness HP Automixx 35% Técnica Associada ,,Dentista,Dentística e Estética,Clareadores Dentais
Kit Clareador Whiteness Hp Blue 35% + Whiteness Perfect 16% ,,Dentista,Dentística e Estética,Clareadores Dentais
Kit Clareador Whiteness Hp Blue 35% Ganhe Whiteness Perfect 16% 5 Seringas 3G ,,Dentista,Dentística e Estética,Clareadores Dentais
Kit Clareador Whiteness Perfect ,,Dentista,Dentística e Estética,Clareadores Dentais
Kit Clareador Whiteness Perfect 16% ,,Dentista,Dentística e Estética,Clareadores Dentais
Kit Clareador Whiteness Perfect 22% ,,Dentista,Dentística e Estética,Clareadores Dentais
Kit Clareador Whiteness Simple ,,Dentista,Dentística e Estética,Clareadores Dentais
Kit Clareador Whiteness Simple 16% ,,Dentista,Dentística e Estética,Clareadores Dentais
Kit de Clareamento com o Protocolo de Utilização Dr. Thiago Ottoboni Black Edition ,,Dentista,Dentística e Estética,Clareadores Dentais
Kit Starter Clareador Cavex In Office Bite & White ,,Dentista,Dentística e Estética,Clareadores Dentais
Mini Kit Clareador Whiteness Automixx Plus 35% + Top Dam ,,Dentista,Dentística e Estética,Clareadores Dentais
Kit Clínico ,,Dentista,Cirurgia e Periodontia,Kits e Conjuntos Cirúrgicos
Kit Clínico ,,Dentista,Cirurgia e Periodontia,Kits e Conjuntos Cirúrgicos
Kit Clínico ,,Dentista,Cirurgia e Periodontia,Kits e Conjuntos Cirúrgicos
Kit Clínico Colorido ,,Dentista,Cirurgia e Periodontia,Kits e Conjuntos Cirúrgicos
Kit Clínico Colors ,,Dentista,Cirurgia e Periodontia,Kits e Conjuntos Cirúrgicos
Kit Clínico Colors II ,,Dentista,Cirurgia e Periodontia,Kits e Conjuntos Cirúrgicos
Kit Clínico Colors Preto ,,Dentista,Cirurgia e Periodontia,Kits e Conjuntos Cirúrgicos
Kit Clínico Giovanna Borelli ,,Dentista,Dentística e Estética,Acabamento e Polimento
Kit Clínico II ,,Dentista,Cirurgia e Periodontia,Kits e Conjuntos Cirúrgicos
Kit Clínico III ,,Dentista,Cirurgia e Periodontia,Kits e Conjuntos Cirúrgicos
Kit Clinico Infantil Básico ,,Dentista,Cirurgia e Periodontia,Kits e Conjuntos Cirúrgicos
Kit Concha para Cera Inox Mais Cera 7 ,,Dentista,Prótese Clínica e Reabilitação Oral,Instrumentos para Prótese
Kit Condensador de Guta,,Dentista,Endodontia,Equipamentos para Endodontia
Kit Condensador Niti ,,Dentista,Endodontia,Limas Endodônticas
Kit Corretor de Classe II Iceram Clear Distalizer 23/25/27mm ,,Dentista,Ortodontia,Bandas e Tubos
Kit Cunha Anatômica Plástica Interproximal Ultrawedge Sortido ,,Dentista,Dentística e Estética,Sistemas de Matriz
Kit Cureta de Lucas Black Diamond nº 85 ,,Dentista,Cirurgia e Periodontia,Kits e Conjuntos Cirúrgicos
Kit Cureta para Raspagem de Implante Implacare ,,Dentista,Implantodontia,Instrumentais para Implantodontia
Kit Combo Polimento Perfeito ,,Laboratório,Materiais para Acabamento e Polimento,Polidores
Kit de Acabamento e Polimento de Facetas em Cerâmica ,,Dentista,Dentística e Estética,Acabamento e Polimento
Kit de Acabamento e Polimento Diamond Master ,,Dentista,Dentística e Estética,Acabamento e Polimento
Kit de Acabamento e Polimento Foto Kit ,,Dentista,Dentística e Estética,Acabamento e Polimento
Kit de Acabamento e Polimento Odontopediatria ,,Dentista,Dentística e Estética,Acabamento e Polimento
Kit de Acabamento e Polimento Poligloss ,,Dentista,Dentística e Estética,Acabamento e Polimento
Kit de Acabamento e Polimento Viking 8089 CA ,,Dentista,Dentística e Estética,Acabamento e Polimento
Kit de Acabamento e Polimento Viking 8090 CA ,,Laboratório,Materiais para Acabamento e Polimento,Polidores
Kit de Polimento Celtra Press ,,Laboratório,Materiais para Acabamento e Polimento,Polidores
Kit de Polimento Dr. Paulo Kano ,,Laboratório,Materiais para Acabamento e Polimento,Polidores
Kit de Pontas Diamantadas Black Extreme FG ,,Dentista,Prótese Clínica e Reabilitação Oral,Materiais para Ajuste e Acabamento
Kit de Pontas Diamantadas Coroa Total Ateliê Oral ,,Dentista,Prótese Clínica e Reabilitação Oral,Materiais para Ajuste e Acabamento
Kit de Pontas Diamantadas Coroa Total FG ,,Dentista,Prótese Clínica e Reabilitação Oral,Materiais para Ajuste e Acabamento
Kit de Pontas Diamantadas Faceta Ateliê Oral ,,Dentista,Dentística e Estética,Acabamento e Polimento
Kit de Pontas Diamantadas Grana Fina e Ultrafina 6007 FG ,,Dentista,Dentística e Estética,Acabamento e Polimento
Kit de Pontas Diamantadas Inlay/Onlay FG ,,Dentista,Prótese Clínica e Reabilitação Oral,Materiais para Ajuste e Acabamento
Kit de Pontas Diamantadas Multiuso 6005N FG ,,Dentista,Prótese Clínica e Reabilitação Oral,Materiais para Ajuste e Acabamento
Kit de Pontas Diamantadas Para Acabamento Fino ,,Dentista,Dentística e Estética,Acabamento e Polimento
Kit de Pontas Diamantadas Para Acabamento Fino e Ultrafino ,,Dentista,Dentística e Estética,Acabamento e Polimento
Kit de Pontas Diamantadas para Facetas FG ,,Dentista,Dentística e Estética,Acabamento e Polimento
Kit de Pontas Diamantadas para Periodont ,,Dentista,Cirurgia e Periodontia,Brocas e Pontas Cirúrgicas
Kit de Pontas Diamantadas para Protese Parcial Fixa 6727N FG ,,Dentista,Prótese Clínica e Reabilitação Oral,Materiais para Ajuste e Acabamento
Kit de Calibração para Scanner Intraoral TRIOS 4 ,,Laboratório,Solução Digital,Scanner
Kit de Compactador de Osso ,,Dentista,Implantodontia,Kits para Implantodontia
Kit de Expansor de Osso ,,Dentista,Implantodontia,Kits para Implantodontia
Kit de Expansor de Osso com Rosca ,,Dentista,Implantodontia,Kits para Implantodontia
Kit de Ferramentas Para Miniparafuso Ortodôntico ,,Dentista,Ortodontia,Instrumentos Ortodônticos
Kit de Finalização Form2 ,,Laboratório,Solução Digital,Impressão 3D
Kit De Finalização Form2 ,,Laboratório,Solução Digital,Impressão 3D
Kit de Finalização Phrozen Impressão 3D ,,Laboratório,Solução Digital,Impressão 3D
Kit de Irrigação ,,Dentista,Endodontia,Irrigação e Aspiração
Kit Cirúrgico Estéril Implante Padrão 40g ,,Dentista,Descartáveis,Barreiras de Proteção
Kit de Upgrade Ceramill TI,,Laboratório,Solução Digital,Sistemas CAD/CAM
Kit Discos de Lixa Ultraflex ,Ultraflex,Dentista,Dentística e Estética,Acabamento e Polimento
Kit Discos de Lixa Ultraflex ,Ultraflex,Dentista,Dentística e Estética,Acabamento e Polimento
Kit Intro Disco 3M™ Sof,,Dentista,Dentística e Estética,Acabamento e Polimento
Kit Endo Irrigação e Aspiração ,,Dentista,Endodontia,Irrigação e Aspiração
Kit Endodontia Allcem Core ,,Dentista,Cimentos,Cimentos para Cimentação Definitiva
Kit Endodontia Broca Carbide ,,Dentista,Endodontia,Brocas Endo
Kit Espátula e Calcador para Dentística ,,Dentista,Dentística e Estética,Acessórios para Dentística
Kit Espátula para Resina Optrasculpt ,,Dentista,Dentística e Estética,Acessórios para Dentística
Kit Estojo para Esterilização Plástico Sterilys ,,Dentista,Biossegurança,Caixas para Esterilização
Kit Estojo para Esterilização Plástico Sterilys Colorido com Glitter  ,,Dentista,Biossegurança,Caixas para Esterilização
Kit Estojo para Esterilização Sterilys Plus ,,Dentista,Biossegurança,Caixas para Esterilização
Kit Estojo para Esterilização Sterilys Plus com Glitter ,,Dentista,Biossegurança,Caixas para Esterilização
Kit Espelho para Fotografia Cristal ,,Radiologia,Imagem e Radiologia,Equipamentos para Fotografia
Kit Espelho para Fotografia Cristal ,,Radiologia,Imagem e Radiologia,Equipamentos para Fotografia
Kit Espelho para Fotografia JG Cristal ,,Radiologia,Imagem e Radiologia,Equipamentos para Fotografia
Kit Espelho para Fotografia Metálico ,,Radiologia,Imagem e Radiologia,Equipamentos para Fotografia
Kit Fotopolimerizador Radii,,Dentista,Equipamentos e Peças de Mão,Fotopolimerizadores
Kit Fotopolimerizador Radii Xpert Led Bivolt ,,Dentista,Equipamentos e Peças de Mão,Fotopolimerizadores
Kit Protético ,,Dentista,Implantodontia,Kits para Implantodontia
Kit Protético para Implantes ,,Dentista,Implantodontia,Kits para Implantodontia
Kit Inlay/Onlay Barrote Gradinar FG ,,Dentista,Prótese Clínica e Reabilitação Oral,Materiais para Ajuste e Acabamento
Restaurador Cyann Kit ART Duflex ,,Dentista,Prevenção e Profilaxia,Equipamentos para Profilaxia
Kit Foco Total Isolamento Absoluto,,Dentista,Endodontia,Materiais para Isolamento
Mini Kit Lentes Valo Grand ,,Dentista,Equipamentos e Peças de Mão,Fotopolimerizadores
Kit Lima R,,Dentista,Endodontia,Limas Endodônticas
Kit Lima Rotatória Rotate Basic Sequence 25mm ,,Dentista,Endodontia,Limas Endodônticas
Kit Lima Rotatória S2 ,,Dentista,Endodontia,Limas Endodônticas
Kit Lima Rotatória VDW Rotate Basic Sequence 21mm 3unid. ,,Dentista,Endodontia,Limas Endodônticas
Kit Lima Rotatória VDW Rotate Basic Sequence 31mm 3unid.,,Dentista,Endodontia,Limas Endodônticas
Kit Lima X,,Dentista,Endodontia,Limas Endodônticas
Kit Manequim Multidisciplinar Periodontia E Dentística ,,Dentista,Cirurgia e Periodontia,Kits e Conjuntos Cirúrgicos
Kit Máscara com Vitamina C Hidroplástica 500ml + 150g ,,Dentista,Harmonização Orofacial,Dermocosméticos
Kit de Matriz Composi,,Dentista,Dentística e Estética,Sistemas de Matriz
Mini Kit Matriz Seccionais Ultramatrix Clip 1.0 ,,Dentista,Dentística e Estética,Sistemas de Matriz
Mini Kit Matriz Seccionais Ultramatrix Clip 2.0 ,,Dentista,Dentística e Estética,Sistemas de Matriz
Mini Kit Matriz Seccionais Ultramatrix Forte ,,Dentista,Dentística e Estética,Sistemas de Matriz
Kit Intro Matriz 3M™ BT Bioclear ,,Dentista,Dentística e Estética,Sistemas de Matriz
Kit Matriz 3M™ BT Procedimento Bioclear ,,Dentista,Dentística e Estética,Sistemas de Matriz
Kit Matriz Aço Ultrasteel ,,Dentista,Dentística e Estética,Sistemas de Matriz
Kit Matriz MyQuickmat All round ,,Dentista,Dentística e Estética,Sistemas de Matriz
Kit Matriz Seccionais Ultramatrix Clip 1.0 ,,Dentista,Dentística e Estética,Sistemas de Matriz
Kit Matriz Seccionais Ultramatrix Clip 2.0 ,,Dentista,Dentística e Estética,Sistemas de Matriz
Kit Matriz Seccionais Ultramatrix Forte ,,Dentista,Dentística e Estética,Sistemas de Matriz
Kit Matriz Seccional myQuickmat Forte ,,Dentista,Dentística e Estética,Sistemas de Matriz
Kit Matriz Unimatrix Sortido ,,Dentista,Dentística e Estética,Sistemas de Matriz
Kit Matriz Unimatrix R ,,Dentista,Dentística e Estética,Sistemas de Matriz
Kit Matriz Unimatrix R ,,Dentista,Dentística e Estética,Sistemas de Matriz
Kit Micromotor Elétrico EM,,Dentista,Equipamentos e Peças de Mão,Micromotores e Contra-Ângulos
Kit Mir 1.0 Arco de Lixa ,,Dentista,Dentística e Estética,Acabamento e Polimento
Kit MIR 2.0 Arco de Lixa ,,Dentista,Dentística e Estética,Acabamento e Polimento
Kit Moldeira Total Perfurada 4 Tamanhos ,,Dentista,Prótese Clínica e Reabilitação Oral,Instrumentos para Prótese
Kit Motor Cirúrgico para Implante Avanti F,,Dentista,Equipamentos e Peças de Mão,Micromotores e Contra-Ângulos
Kit Motor Cirúrgico para Implante Avanti S LED + Contra Ângulo X20 S Led ,,Dentista,Equipamentos e Peças de Mão,Micromotores e Contra-Ângulos
Kit Odontopediatria ,,Dentista,Cirurgia e Periodontia,Kits e Conjuntos Cirúrgicos
Kit Odontopediatria ,,Dentista,Cirurgia e Periodontia,Kits e Conjuntos Cirúrgicos
Kit Odontopediatria Resina Aura Bulk Fill + Resina Aura DB ,,Dentista,Dentística e Estética,Resinas Compostas
Kit Odontopediatria Rosa ,,Dentista,Cirurgia e Periodontia,Kits e Conjuntos Cirúrgicos
Kit Mini Molde Bite Turbo ,,Dentista,Ortodontia,Bandas e Tubos
Kit Ortho,,Dentista,Ortodontia,Acessórios Ortodônticos
Kit Ortho,,Dentista,Ortodontia,Acessórios Ortodônticos
Kit Ortho,,Dentista,Ortodontia,Acessórios Ortodônticos
Kit Ortodôntico para Higiene Bucal ,,Dentista,Higiene Oral,Escovas Dentais
Kit Ortodôntico para Higiene Bucal ,,Dentista,Higiene Oral,Escovas Dentais
Kit Tubo Advanced Series Simples Colagem MBT 022 ,,Dentista,Ortodontia,Bandas e Tubos
Kit Tubo Simples para Colagem Advanced Roth 022 ,,Dentista,Ortodontia,Bandas e Tubos
Kit Especial Ortodontia ,,Dentista,Ortodontia,Acessórios Ortodônticos
Kit Introdutório Palodent 360 ,,Dentista,Dentística e Estética,Sistemas de Matriz
Kit Introdutório Palodent V3 ,,Dentista,Dentística e Estética,Sistemas de Matriz
Kit Acabamento e Polimento Descomplicado Dicas para Dentistas ,,Dentista,Dentística e Estética,Acabamento e Polimento
Kit EVE Diapol H8 para Acabamento e Polimento de Cerâmicas ,,Laboratório,Materiais para Acabamento e Polimento,Polidores
Kit Invicta de Pontas Diamantadas Acabamento Fino e Ultrafino em Restaurações ,,Dentista,Dentística e Estética,Acabamento e Polimento
Kit Invicta de Pontas Diamantadas e Multilaminadas Inlay e Onlay ,,Dentista,Prótese Clínica e Reabilitação Oral,Materiais para Ajuste e Acabamento
Kit Invicta de Pontas Diamantadas para Facetas Lâminadas ,,Dentista,Dentística e Estética,Acabamento e Polimento
Kit Invicta de Pontas Diamantadas para Práticas Diárias ,,Dentista,Dentística e Estética,Acabamento e Polimento
Kit Invicta de Pontas Diamantadas para Prótese Parcial Fixa ,,Dentista,Prótese Clínica e Reabilitação Oral,Materiais para Ajuste e Acabamento
Kit Invicta de Pontas Diamantadas para Restaurações Indiretas ,,Dentista,Dentística e Estética,Acabamento e Polimento
Kit Invicta® Dr. Paulo Kano ,,Dentista,Dentística e Estética,Acabamento e Polimento
Kit Laboratorial Paulo Kano 3D Magic MakeUp ,,Laboratório,Materiais para Acabamento e Polimento,Polidores
Kit Laminados Barrote ,,Dentista,Dentística e Estética,Acabamento e Polimento
Kit Mini de Polimento de Amálgama ,,Dentista,Dentística e Estética,Acabamento e Polimento
Kit Mini de Polimento de Resina ,,Dentista,Dentística e Estética,Acabamento e Polimento
Kit Mini de Polimento de Resina ,,Dentista,Dentística e Estética,Acabamento e Polimento
Kit Optimize + Cinta Profilática ,,Dentista,Dentística e Estética,Acabamento e Polimento
Kit para Acabamento e Polimento de Acrílico Ultra,,Laboratório,Materiais para Acabamento e Polimento,Polidores
Kit para Acabamento e Polimento de Cerâmica Basic PM ,,Laboratório,Materiais para Acabamento e Polimento,Polidores
Kit para Acabamento e Polimento Diamantado para Resinas Dura,,Dentista,Dentística e Estética,Acabamento e Polimento
Kit para Acabamento e Polimento Diamantado para Resinas Durapol ,,Dentista,Dentística e Estética,Acabamento e Polimento
Kit para Acabamento e Polimento Multiuso Dr. Cacá Godoy ,,Dentista,Dentística e Estética,Acabamento e Polimento
Kit para Acabamento e Polimento Universal ,,Laboratório,Materiais para Acabamento e Polimento,Polidores
Kit para Polimento de Alto Brilho em Resina by Dr. José Arbex ,,Laboratório,Materiais para Acabamento e Polimento,Polidores
Kit para Polimento Pedra de Arkansas American Stones ,,Laboratório,Materiais para Acabamento e Polimento,Polidores
Kit Polidores de Acrílico PM Ultra,,Dentista,Prótese Clínica e Reabilitação Oral,Materiais para Ajuste e Acabamento
Kit Polidores de Acrílico PM Ultra,,Dentista,Prótese Clínica e Reabilitação Oral,Materiais para Ajuste e Acabamento
Kit Polimento Amalgama ,,Dentista,Dentística e Estética,Acabamento e Polimento
Kit Premium Resinas e Polimento Smart ,,Dentista,Dentística e Estética,Acabamento e Polimento
Kit Preparo de Restaurações Cerâmicas by Dr. Oswaldo Scopin ,,Laboratório,Materiais para Acabamento e Polimento,Polidores
Kit Preparo de Restaurações Cerâmicas by Dr. Raphael Monte Alto ,,Dentista,Dentística e Estética,Acabamento e Polimento
Kit Preparo e Acabamento em Resina by Dr. José Arbex ,,Laboratório,Materiais para Acabamento e Polimento,Polidores
Kit Pro,,Dentista,Dentística e Estética,Acabamento e Polimento
Kit Prof. Dr.Raphael Monte Alto Advanced para Cerâmica ,,Dentista,Prótese Clínica e Reabilitação Oral,Materiais para Ajuste e Acabamento
Kit Prof. Dr.Raphael Monte Alto Standard para Resina e Cerâmica ,,Dentista,Prótese Clínica e Reabilitação Oral,Materiais para Ajuste e Acabamento
Kit Promocional para Acabamento e Polimento Master Resina ,,Dentista,Dentística e Estética,Acabamento e Polimento
Kit Rápido de Resina ,,Dentista,Dentística e Estética,Acabamento e Polimento
Kit Refinamento de Zircônia Pré,,Laboratório,Materiais para Acabamento e Polimento,Polidores
Kit Signature Cimentação de Cerâmica by Amilcar Freitas ,,Dentista,Dentística e Estética,Acabamento e Polimento
Kit Signature Clínico Placa PT e PPR by Amilcar Freitas ,,Dentista,Dentística e Estética,Acabamento e Polimento
Kit Signature de Polimento Perfeito by Dr. Pedro Neto ,,Dentista,Dentística e Estética,Acabamento e Polimento
Kit Signature Invicta para Preparo de Lentes e Facetas by Dr. Pedro Neto ,,Dentista,Dentística e Estética,Acabamento e Polimento
Kit Signature Invicta Preparos e Polimentos Dr. Ricardo Tanus ,,Dentista,Dentística e Estética,Acabamento e Polimento
Kit Signature Laboratorial Acabamento e Polimento de Placas Oclusais de Excelência Dr. Ricardo Tanus ,,Dentista,Dentística e Estética,Acabamento e Polimento
Kit Signature Para Preparo Universal Dr. Fabiano Marson FG e CA ,,Dentista,Prótese Clínica e Reabilitação Oral,Materiais para Ajuste e Acabamento
Kit Signature para Preparos Descomplicados Dicas para Dentistas ,,Dentista,Dentística e Estética,Acabamento e Polimento
Kit Signature Polimento de Resina By Amilcar Freitas ,,Dentista,Dentística e Estética,Acabamento e Polimento
Kit Signature Preparo de Restaurações Cerâmicas by Amilcar Freitas ,,Dentista,Dentística e Estética,Acabamento e Polimento
Kit para Enxerto ,,Dentista,Implantodontia,Kits para Implantodontia
Kit para Profilaxia Color,,Dentista,Prevenção e Profilaxia,Instrumentos para Profilaxia
Kit Pó Air Flow Powder Plus ,,Dentista,Prevenção e Profilaxia,Pastas e Géis Profiláticos
Kit Paro Pontas Ultrassônicas ,,Dentista,Equipamentos e Peças de Mão,Sistemas Ultrassônicos e Sônicos
Kit Pério 6 peças ,,Dentista,Cirurgia e Periodontia,Kits e Conjuntos Cirúrgicos
Kit Perio Millennium ,,Dentista,Cirurgia e Periodontia,Kits e Conjuntos Cirúrgicos
Kit Pigmento para Resina Foto Prizma 3D Makeup com Glaze ,,Laboratório,Solução Digital,Impressão 3D
Kit Pincel de Silicone Esthetic Plus ,,Dentista,Dentística e Estética,Acessórios para Dentística
Kit Pino de Fibra de Vidro Whitepost System DC,,Dentista,Prótese Clínica e Reabilitação Oral,Materiais para Ajuste e Acabamento
Kit Pino de Fibra de Vidro Whitepost System DC ,,Dentista,Prótese Clínica e Reabilitação Oral,Materiais para Ajuste e Acabamento
Polidor EVE Ecoceram Plus Kit ,,Dentista,Dentística e Estética,Acabamento e Polimento
Kit Ponta de Fibra de Vidro Fiberglass ,,Dentista,Prótese Clínica e Reabilitação Oral,Materiais para Ajuste e Acabamento
Kit Ponta Fibra de Vidro Fiberglass + Diamond Strip ,,Dentista,Prótese Clínica e Reabilitação Oral,Materiais para Ajuste e Acabamento
Kit Ponta Diamantada Coleção 1 Fina e Ultra Fina ,,Dentista,Prótese Clínica e Reabilitação Oral,Materiais para Ajuste e Acabamento
Kit Ponta Diamantada Coleção 2 Fina Dourada ,,Dentista,Prótese Clínica e Reabilitação Oral,Materiais para Ajuste e Acabamento
Kit Ponta Diamantada Coleção Ultra Fina ,,Dentista,Prótese Clínica e Reabilitação Oral,Materiais para Ajuste e Acabamento
Kit Ponta Diamantada Coroa Total ,,Dentista,Prótese Clínica e Reabilitação Oral,Materiais para Ajuste e Acabamento
Kit Ponta Diamantada FG Starter Dia 2 ,,Dentista,Prótese Clínica e Reabilitação Oral,Materiais para Ajuste e Acabamento
Kit Ponta Diamantada Invicta Coroa Inlay Onlay e Laminados Cerâmicos Dr. Carlos Archangelo FG ,,Dentista,Prótese Clínica e Reabilitação Oral,Materiais para Ajuste e Acabamento
Kit Ponta Diamantada Invicta Laminados Cerâmicos Dr. Carlos Archangelo FG ,,Dentista,Prótese Clínica e Reabilitação Oral,Materiais para Ajuste e Acabamento
Kit Ponta Diamantada Invicta Preparación Viva La Resina Dr. Rafael Ballista Dra. Tininha Gomes FG ,,Dentista,Dentística e Estética,Acabamento e Polimento
Kit Ponta Diamantada Invicta Preparo de Cerâmicas Dr. Tchelo Giordani FG ,,Dentista,Prótese Clínica e Reabilitação Oral,Materiais para Ajuste e Acabamento
Kit Ponta Diamantada Odontopediatria ,,Dentista,Dentística e Estética,Acabamento e Polimento
Kit Pontas Diamantadas Para Preparos de Indiretas Dr. Cacá Godoy FG e CA ,,Dentista,Dentística e Estética,Acabamento e Polimento
Kit Pontas Diamantadas para Remoção de Coroas e Facetas Cerâmicas 6unid. FG ,,Dentista,Prótese Clínica e Reabilitação Oral,Materiais para Ajuste e Acabamento
Kit Pontas Diamantadas Prótese Parcial Fixa + Broqueiro Plástico ,,Dentista,Prótese Clínica e Reabilitação Oral,Materiais para Ajuste e Acabamento
Kit Endo Pontas Ultrassônicas ,,Dentista,Equipamentos e Peças de Mão,Sistemas Ultrassônicos e Sônicos
Kit Especial Pontas Ultrassônicas ,,Dentista,Equipamentos e Peças de Mão,Sistemas Ultrassônicos e Sônicos
Kit Implante/Crestal A Pontas Ultrassônicas ,,Dentista,Equipamentos e Peças de Mão,Sistemas Ultrassônicos e Sônicos
Kit Implante/Crestal P Ponta Ultrassônica ,,Dentista,Equipamentos e Peças de Mão,Sistemas Ultrassônicos e Sônicos
Kit Promocional Resina Filtek Z350 XT Duopack + Adesivo Single Bond Universal ,,Dentista,Dentística e Estética,Adesivos Odontológicos
Kit Promocional Resina Z100 Tripack + Adesivo Adper Single Bond 2 ,,Dentista,Dentística e Estética,Adesivos Odontológicos
Kit Resina 3M™ Filtek™ Z350XT + Resina 3M™ Filtek™ One + 3M™ Scotchbond™ Universal + Porta Resina Exclusivo ,,Dentista,Dentística e Estética,Resinas Compostas
Kit Resina Atos Academic com 6 Cores,,Dentista,Dentística e Estética,Resinas Compostas
Kit Resina Aura Restaurador Universal ,,Dentista,Dentística e Estética,Resinas Compostas
Kit Resina Brilliant NG Intro ,,Dentista,Dentística e Estética,Resinas Compostas
Kit Resina Charisma Classic + Porta Resinas ,,Dentista,Dentística e Estética,Resinas Compostas
Kit Resina Charisma Diamond Bleach Duopack ,,Dentista,Dentística e Estética,Resinas Compostas
Kit Resina Charisma Diamond One By Dr. Vladja Torno ,,Dentista,Dentística e Estética,Resinas Compostas
Kit Resina Clearfil AP X ES 2 Introductory ,,Dentista,Dentística e Estética,Resinas Compostas
Kit Resina Elora APS Bleach ,,Dentista,Dentística e Estética,Resinas Compostas
Kit Resina Elóra APS Elegance ,,Dentista,Dentística e Estética,Resinas Compostas
Kit Resina Especial Filtek + Adesivo Scotchbond Universal Plus ,,Dentista,Dentística e Estética,Adesivos Odontológicos
Kit Resina Essentia Stater 7 Seringas ,,Dentista,Dentística e Estética,Resinas Compostas
Kit Resina Estelite Bianco ,,Dentista,Dentística e Estética,Resinas Compostas
Kit Resina Estelite Bianco Trial ,,Dentista,Dentística e Estética,Resinas Compostas
Kit Resina Everyday + Adesivo Ambar APS ,,Dentista,Dentística e Estética,Adesivos Odontológicos
Kit Resina Filtek Easy Match + Adesivo ,,Dentista,Dentística e Estética,Adesivos Odontológicos
Kit Resina Filtek™ Z250 XT + Adesivo Single Bond Universal ,,Dentista,Dentística e Estética,Adesivos Odontológicos
Kit Resina Forma ,Forma,Dentista,Dentística e Estética,Resinas Compostas
Kit Resina Forma Dentes Clareados ,,Dentista,Dentística e Estética,Resinas Compostas
Kit Resina Forma Dia a Dia ,,Dentista,Dentística e Estética,Resinas Compostas
Kit Resina Herculite Précis ,,Dentista,Dentística e Estética,Resinas Compostas
Kit Resina Innova Aesthetic ,,Dentista,Dentística e Estética,Resinas Compostas
Kit Resina Innova Aesthetic Flow ,,Dentista,Dentística e Estética,Resinas Compostas
Kit Resina Llis ,,Dentista,Dentística e Estética,Resinas Compostas
Kit Resina Match 3D Master com Escala de Cores Vita 3D Master ,,Dentista,Dentística e Estética,Resinas Compostas
Kit Resina Match Classic com Escala de Cores Vita Classical ,,Dentista,Dentística e Estética,Resinas Compostas
Kit Resina Neo Spectra ST HV Intro ,,Dentista,Dentística e Estética,Resinas Compostas
Kit Resina NT Premium Gengiva 5 Cores sem Escala de Cor ,,Dentista,Dentística e Estética,Resinas Compostas
Kit Resina Point 4 ,,Dentista,Dentística e Estética,Resinas Compostas
Kit Resina Technology + Adesivo Ambar Univesal APS ,,Dentista,Dentística e Estética,Adesivos Odontológicos
Kit Resina Twinky Star 40 Cápsulas ,,Dentista,Dentística e Estética,Resinas Compostas
Kit Resina Universal Filtek Z350 XT + Grátis Discos Abrasivos Sof,,Dentista,Dentística e Estética,Resinas Compostas
Kit Resina Vittra APS Bleach + Adesivo Ambar APS ,,Dentista,Dentística e Estética,Adesivos Odontológicos
Kit Resina Vittra APS com Ambar APS ,,Dentista,Dentística e Estética,Resinas Compostas
Kit Resinas Aura Bulk Fill + Resina Luna 2 ,,Dentista,Dentística e Estética,Resinas Compostas
Kit Resinas Luna 2 + 1 Aura Bulk Fill + 1 Adesivo Stae ,,Dentista,Dentística e Estética,Adesivos Odontológicos
Kit Universal Vittra Unique + Ambar Universal APS ,,Dentista,Dentística e Estética,Adesivos Odontológicos
Kit Vittra Unique ,,Dentista,Dentística e Estética,Resinas Compostas
Resina Harmonize + Adesivo Optibond S ,Harmonize,Dentista,Dentística e Estética,Adesivos Odontológicos
Resina Vittra Unique + Clareador Whiteness Perfect 16% ,Unique,Dentista,Dentística e Estética,Clareadores Dentais
Kit Intro Resina Composta Stela Automix ,,Dentista,Dentística e Estética,Resinas Compostas
Kit Intro Resina Composta Stela Cápsula ,,Dentista,Dentística e Estética,Resinas Compostas
Kit Resina Grandioso Heavy Flow ,Grandioso,Dentista,Dentística e Estética,Resinas Compostas
Kit Resina Master Flow ,Master Flow,Dentista,Dentística e Estética,Resinas Compostas
Kit Charisma Diamond by Dra. Vladja Torno ,,Dentista,Dentística e Estética,Resinas Compostas
Kit Completo para Resina ,,Dentista,Dentística e Estética,Acabamento e Polimento
Kit de Resina Rebilda DC QuickMix ,,Dentista,Dentística e Estética,Resinas Compostas
Kit de Resinas com o Protocolo de Utilização Dr. Thiago Ottoboni Black Edition ,,Dentista,Dentística e Estética,Resinas Compostas
Kit de Resinas com o Protocolo de Utilização Dr. Tiago Veras Black Edition ,,Dentista,Dentística e Estética,Resinas Compostas
Kit Basic Resinas e Adesivo Spectrum ,,Dentista,Dentística e Estética,Adesivos Odontológicos
Kit Restauração Classe II ,,Dentista,Dentística e Estética,Sistemas de Matriz
Kit Restaurador Cimento Clip F ,,Dentista,Cimentos,Cimentos para Restauração
Kit Restaurador Provisório Interim ,,Dentista,Cimentos,Cimentos Provisórios
Kit Wi Fi Remoto para Autoclave ,,Dentista,Equipamentos e Peças de Mão,Equipamentos para Consultório
Lamina Bisturi Carbono 24 ,,Dentista,Cirurgia e Periodontia,Instrumentais Cirúrgicos
Lâmina de Bisturi de Aço Carbono Estéril ,,Dentista,Cirurgia e Periodontia,Instrumentais Cirúrgicos
Lâmina de Bisturi de Aço Carbono Estéril ,,Dentista,Cirurgia e Periodontia,Instrumentais Cirúrgicos
Lâmina de Bisturi de Aço Carbono Estéril ,,Dentista,Cirurgia e Periodontia,Instrumentais Cirúrgicos
Lâmina de Bisturi de Aço Carbono Estéril ,,Dentista,Cirurgia e Periodontia,Instrumentais Cirúrgicos
Lâmina de Bisturi de Aço Carbono Estéril ,,Dentista,Cirurgia e Periodontia,Instrumentais Cirúrgicos
Lâmina de Bisturi de Aço Inox Estéril ,,Dentista,Cirurgia e Periodontia,Instrumentais Cirúrgicos
Lâmina de Bisturi de Aço Inox Estéril ,,Dentista,Cirurgia e Periodontia,Instrumentais Cirúrgicos
Lâmina de Bisturi de Aço Inox Estéril ,,Dentista,Cirurgia e Periodontia,Instrumentais Cirúrgicos
Lâmina de Bisturi de Aço Inox Estéril ,,Dentista,Cirurgia e Periodontia,Instrumentais Cirúrgicos
Lâmina de Bisturi de Aço Inox Estéril Fine SM ,,Dentista,Cirurgia e Periodontia,Instrumentais Cirúrgicos
Lâmina para Bisturi Descartável ,,Dentista,Cirurgia e Periodontia,Instrumentais Cirúrgicos
Lanceta Contact,,Dentista,Harmonização Orofacial,Acessórios para Harmonização Orofacial
Lápis Dermográfico Skin Pencil ,,Dentista,Harmonização Orofacial,Acessórios para Harmonização Orofacial
Laser e Led Vênus ,,Dentista,Harmonização Orofacial,Acessórios para Harmonização Orofacial
Lenço para Limpeza e Desinfecção com Dispenser Dry Wipe Profisept ,,Dentista,Biossegurança,Higienizadores e Antissépticos
Lenço Umedecido com Álcool Isopropílico 70% ,,Dentista,Biossegurança,Higienizadores e Antissépticos
Lenço Umedecido com Álcool Isopropílico 70% ,,Dentista,Biossegurança,Higienizadores e Antissépticos
Lençol Descartável Com Elástico Branco ,,Dentista,Descartáveis,Barreiras de Proteção
Lençol Descartável Ecológico ,,Dentista,Descartáveis,Barreiras de Proteção
Lençol Descartável Ecológico ,,Dentista,Descartáveis,Barreiras de Proteção
Lençol Descartável Premium ,,Dentista,Descartáveis,Barreiras de Proteção
Lençol Descartável Premium ,,Dentista,Descartáveis,Barreiras de Proteção
Lençol de Borracha ,,Dentista,Endodontia,Materiais para Isolamento
Lençol de Borracha ,,Dentista,Endodontia,Materiais para Isolamento
Lençol de Borracha ,,Dentista,Endodontia,Materiais para Isolamento
Lençol de Borracha ,,Dentista,Endodontia,Materiais para Isolamento
Lençol De Borracha Azul ,,Dentista,Endodontia,Materiais para Isolamento
Lençol de Borracha Defender ,,Dentista,Endodontia,Materiais para Isolamento
Lençol de Borracha Flexi Dam NON LATEX ,,Dentista,Endodontia,Materiais para Isolamento
Lençol de Borracha New Tone ,,Dentista,Endodontia,Materiais para Isolamento
Lençol de Borracha New Tone ,,Dentista,Endodontia,Materiais para Isolamento
Lençol de Borracha Optradam Plus Small ,,Dentista,Endodontia,Materiais para Isolamento
Lençol de Borracha Poliisopreno Prime ,,Dentista,Endodontia,Materiais para Isolamento
Lençol de Borracha Sanctuary ,,Dentista,Endodontia,Materiais para Isolamento
Lençol TNT Com Elástico ,,Dentista,Endodontia,Materiais para Isolamento
Compósito para Levante de Mordida Ortho Bite ,,Dentista,Ortodontia,Acessórios Ortodônticos
Lima C Pilot 1° Série ,,Dentista,Endodontia,Limas Endodônticas
Lima C+ Plus Maillefer ,,Dentista,Endodontia,Limas Endodônticas
Lima Flex 1ª Série ,,Dentista,Endodontia,Limas Endodônticas
Lima Flex 1ª Série ,,Dentista,Endodontia,Limas Endodônticas
Lima Flexile 1ª Série ,,Dentista,Endodontia,Limas Endodônticas
Lima Flexofile 1ª Série Maillefer ,,Dentista,Endodontia,Limas Endodônticas
Lima Flexofile Golden Medium Maillefer ,,Dentista,Endodontia,Limas Endodônticas
Lima H,,Dentista,Endodontia,Limas Endodônticas
Lima Hedstroem ,,Dentista,Endodontia,Limas Endodônticas
Lima Hedstroem 1ª Série ,,Dentista,Endodontia,Limas Endodônticas
Lima Hedstroem 1ª Série ,,Dentista,Endodontia,Limas Endodônticas
Lima Hedstroem 1ª Série ,,Dentista,Endodontia,Limas Endodônticas
Lima Hedstroem 1ª Série Maillefer ,,Dentista,Endodontia,Limas Endodônticas
Lima Hedstroem 1ª Série Maillefer Nº 15,,Dentista,Endodontia,Limas Endodônticas
Lima Hedstroem 2ª Série ,,Dentista,Endodontia,Limas Endodônticas
Lima Hedstroem 2ª Série ,,Dentista,Endodontia,Limas Endodônticas
Lima Hedstroem 2ª Série ,,Dentista,Endodontia,Limas Endodônticas
Lima Hedstroem 2ª Série Maillefer ,,Dentista,Endodontia,Limas Endodônticas
Lima Hedstroem Série Especial ,,Dentista,Endodontia,Limas Endodônticas
Lima Hedstroem Série Especial ,,Dentista,Endodontia,Limas Endodônticas
Lima Hedstroem Série Especial Maillefer ,,Dentista,Endodontia,Limas Endodônticas
Lima Hedstrom 2ª Série ,,Dentista,Endodontia,Limas Endodônticas
Lima K 1° Série ,,Dentista,Endodontia,Limas Endodônticas
Lima K 1° Série Nº 15,,Dentista,Endodontia,Limas Endodônticas
Lima K 1ª Série ,,Dentista,Endodontia,Limas Endodônticas
Lima K 1ª Série ,,Dentista,Endodontia,Limas Endodônticas
Lima K 1ª Série ,,Dentista,Endodontia,Limas Endodônticas
Lima K 1ª Série Maillefer ,,Dentista,Endodontia,Limas Endodônticas
Lima K 2ª Série ,,Dentista,Endodontia,Limas Endodônticas
Lima K 2ª Série ,,Dentista,Endodontia,Limas Endodônticas
Lima K 2ª Série ,,Dentista,Endodontia,Limas Endodônticas
Lima K 2ª Série ,,Dentista,Endodontia,Limas Endodônticas
Lima K 2ª Série Maillefer ,,Dentista,Endodontia,Limas Endodônticas
Lima K 3ª Série ,,Dentista,Endodontia,Limas Endodônticas
Lima K 3ª Série Maillefer ,,Dentista,Endodontia,Limas Endodônticas
Lima K Série Especial ,,Dentista,Endodontia,Limas Endodônticas
Lima K Série Especial CC CORD ,,Dentista,Endodontia,Limas Endodônticas
Lima K Série Especial Maillefer ,,Dentista,Endodontia,Limas Endodônticas
Lima K Série Especial Nº 8 21mm ,,Dentista,Endodontia,Limas Endodônticas
Lima Kendo K,,Dentista,Endodontia,Limas Endodônticas
Lima Kendo K,,Dentista,Endodontia,Limas Endodônticas
Lima Kendo K-File 2º Série,,Dentista,Endodontia,Limas Endodônticas
Lima Kendo K-File CC Cord ,,Dentista,Endodontia,Limas Endodônticas
Lima K-Flex 1ª Série,,Dentista,Endodontia,Limas Endodônticas
Lima NiTi Flex 1ª Série Maillefer ,,Dentista,Endodontia,Limas Endodônticas
Lima Miller Para Osso ,,Dentista,Cirurgia e Periodontia,Instrumentais Periodontais
Lima Protaper Ultimate Hand 25mm ,,Dentista,Endodontia,Limas Endodônticas
Lima Protaper Ultimate Hand Use Sequence ,,Dentista,Endodontia,Limas Endodônticas
Lima Protaper Ultimate Hand Use SX 19mm ,,Dentista,Endodontia,Limas Endodônticas
Lima R Pilot ,,Dentista,Endodontia,Limas Endodônticas
Lima R Endo Manual ,,Dentista,Endodontia,Limas Endodônticas
Kit Lima Reciprocante Wave One Gold Sequence Maillefer ,,Dentista,Endodontia,Limas Endodônticas
Lima Reciprocante Pro R ,,Dentista,Endodontia,Limas Endodônticas
Lima Reciprocante R Blue ,,Dentista,Endodontia,Limas Endodônticas
Lima Reciprocante R File ,,Dentista,Endodontia,Limas Endodônticas
Lima Reciprocante R File ,,Dentista,Endodontia,Limas Endodônticas
Lima Reciprocante Reciproc ,,Dentista,Endodontia,Limas Endodônticas
Lima Reciprocante Reciproc Blue ,,Dentista,Endodontia,Limas Endodônticas
Lima Reciprocante Reciproc Blue ,,Dentista,Endodontia,Limas Endodônticas
Lima Reciprocante W File ,,Dentista,Endodontia,Limas Endodônticas
Lima Reciprocante W+ File ,,Dentista,Endodontia,Limas Endodônticas
Lima Reciprocante W+ File Sortida ,,Dentista,Endodontia,Limas Endodônticas
Lima Reciprocante Wave One Gold Glider Maillefer ,,Dentista,Endodontia,Limas Endodônticas
Lima Reciprocante Wave One Gold Maillefer ,,Dentista,Endodontia,Limas Endodônticas
Lima Reciprocante Wave One Gold Maillefer ,,Dentista,Endodontia,Limas Endodônticas
Lima Rotatória Sequence ,,Dentista,Endodontia,Limas Endodônticas
Lima Rotatória TF ,,Dentista,Endodontia,Limas Endodônticas
Lima Rotatória TruNatomy Glider Maillefer ,,Dentista,Endodontia,Limas Endodônticas
Lima Rotatória TruNatomy Medium Maillefer ,,Dentista,Endodontia,Limas Endodônticas
Lima Rotatória Trunatomy Orifice Modifier Maillefer ,,Dentista,Endodontia,Limas Endodônticas
Lima Rotatória TruNatomy Prime Maillefer ,,Dentista,Endodontia,Limas Endodônticas
Lima Rotatória TruNatomy Sequence Maillefer ,,Dentista,Endodontia,Limas Endodônticas
Lima Rotatória TruNatomy Small Maillefer ,,Dentista,Endodontia,Limas Endodônticas
Lima Rotatória TruNatomy Sortida Maillefer ,,Dentista,Endodontia,Limas Endodônticas
Lima Rotatória U,,Dentista,Endodontia,Limas Endodônticas
Lima Rotatória U File ,,Dentista,Endodontia,Limas Endodônticas
Lima Rotatória U+ File 25mm SX/F3 ,,Dentista,Endodontia,Limas Endodônticas
Lima Rotatória VDW Rotate Basic Sequence ,,Dentista,Endodontia,Limas Endodônticas
Lima Rotatória VDW Rotate Basic Sequence ,,Dentista,Endodontia,Limas Endodônticas
Lima Rotatória VDW Rotate Basic Sequence ,,Dentista,Endodontia,Limas Endodônticas
Lima Rotatória VDW Rotate Basic Sequence 25mm Nº 20.05 ,,Dentista,Endodontia,Limas Endodônticas
Lima Rotatória VDW Rotate Glider ,,Dentista,Endodontia,Limas Endodônticas
Lima Rotatória VDW Rotate Glider 25mm Nº 15.04 ,,Dentista,Endodontia,Limas Endodônticas
Lima Rotatória VDW Rotate Large Sequence ,,Dentista,Endodontia,Limas Endodônticas
Lima Rotatória VDW Rotate Large Sequence ,,Dentista,Endodontia,Limas Endodônticas
Lima Rotatória Vdw Rotate Large Sequence 25mm Nº 60.04 ,,Dentista,Endodontia,Limas Endodônticas
Lima Rotatória VDW Rotate Retreat 21mm Nº 25.05 ,,Dentista,Endodontia,Limas Endodônticas
Lima Rotatória Wizard Navigator ,,Dentista,Endodontia,Limas Endodônticas
Lima Rotatória X,,Dentista,Endodontia,Limas Endodônticas
Lima Rotatória XP,,Dentista,Endodontia,Limas Endodônticas
Lima Rotatória Glide Path ,,Dentista,Endodontia,Limas Endodônticas
Lima Rotatória K3XF 1ª Série ,,Dentista,Endodontia,Limas Endodônticas
Lima Rotatória K3XF 2ª Série ,,Dentista,Endodontia,Limas Endodônticas
Lima Rotatória K3XF 2ª Série N° 60 6% ,,Dentista,Endodontia,Limas Endodônticas
Lima Rotatória O File para Retratamento D1,,Dentista,Endodontia,Limas Endodônticas
Lima Rotatória Orifice Shapper ,,Dentista,Endodontia,Limas Endodônticas
Lima Rotatória Profile 1ª Série Maillefer ,,Dentista,Endodontia,Limas Endodônticas
Lima Rotatória Profile Maillefer ,,Dentista,Endodontia,Limas Endodônticas
Lima Rotatória ProGlider Maillefer ,,Dentista,Endodontia,Limas Endodônticas
Lima Rotatória Protaper Gold Ass Maillefer ,,Dentista,Endodontia,Limas Endodônticas
Lima Rotatória Protaper Gold STER 19mm SX ,,Dentista,Endodontia,Limas Endodônticas
Lima Rotatória Protaper Gold STER 21mm ,,Dentista,Endodontia,Limas Endodônticas
Lima Rotatória Protaper Gold STER 25mm ,,Dentista,Endodontia,Limas Endodônticas
Lima Rotatória Protaper Gold STER 31mm ,,Dentista,Endodontia,Limas Endodônticas
Lima Rotatória Protaper Next ,,Dentista,Endodontia,Limas Endodônticas
Lima Rotatória Protaper Ultimate ,,Dentista,Endodontia,Limas Endodônticas
Lima Rotatória Protaper Ultimate ,,Dentista,Endodontia,Limas Endodônticas
Lima Rotatória Protaper Ultimate ,,Dentista,Endodontia,Limas Endodônticas
Lima Rotatória Protaper Ultimate 31mm ,,Dentista,Endodontia,Limas Endodônticas
Lima Rotatória Protaper Ultimate 31mm FX 6unid ,,Dentista,Endodontia,Limas Endodônticas
Lima Rotatória Protaper Ultimate Auxiliar ,,Dentista,Endodontia,Limas Endodônticas
Lima Rotatória Protaper Ultimate Sequence 25mm ,,Dentista,Endodontia,Limas Endodônticas
Lima Rotatória Protaper Ultimate SX 19mm ,,Dentista,Endodontia,Limas Endodônticas
Lima Rotatória Protaper Universal Retreatment Kit Maillefer ,,Dentista,Endodontia,Limas Endodônticas
Lima Rotatória/Reciprocante ProDesign Logic 25mm ,,Dentista,Endodontia,Limas Endodônticas
Lima Rotatória/Reciprocante ProDesign Logic 31mm ,,Dentista,Endodontia,Limas Endodônticas
Lima Rotatória/Reciprocante ProDesign S 1,,Dentista,Endodontia,Limas Endodônticas
Lima Rotatória/Reciprocante ProDesign S 1,,Dentista,Endodontia,Limas Endodônticas
Lima Rotatória/Reciprocante ProDesign S 1,,Dentista,Endodontia,Limas Endodônticas
Lima Target 5 ,,Dentista,Endodontia,Limas Endodônticas
Lima Target Easy 21mm ,,Dentista,Endodontia,Limas Endodônticas
Lima Target Easy 25mm ,,Dentista,Endodontia,Limas Endodônticas
Lima Target K ,,Dentista,Endodontia,Limas Endodônticas
Lima Triple,,Dentista,Endodontia,Limas Endodônticas
Lip Plumper Beaute,,Dentista,Harmonização Orofacial,Dermocosméticos
"Líquido de Dakin Hipoclorito de Sódio 0,5% 1L ",,Dentista,Endodontia,Irrigação e Aspiração
Líquido de Glaze EX,,Laboratório,Cerâmicas,Acessórios para Cerâmica
Líquido de Glaze Megaseal ,,Laboratório,Cerâmicas,Acessórios para Cerâmica
Líquido de Modelar Build,,Laboratório,Cerâmicas,Acessórios para Cerâmica
Líquido de Modelar Ceramco3 Modificador Opaco ,,Laboratório,Cerâmicas,Acessórios para Cerâmica
Líquido de Modelar Cerâmico 3 Modificador ,,Laboratório,Cerâmicas,Acessórios para Cerâmica
Líquido de Modelar Lisi Modelling ,,Laboratório,Cerâmicas,Acessórios para Cerâmica
Líquido de Modelar Lustre Pastes Diluting IQ ,,Laboratório,Cerâmicas,Acessórios para Cerâmica
Líquido de Modelar Lustre Pastes Refresh IQ ,,Laboratório,Cerâmicas,Acessórios para Cerâmica
Líquido de Modelar ML 250ml ,,Laboratório,Cerâmicas,Acessórios para Cerâmica
Líquido de Modelar ML 25ml ,,Laboratório,Cerâmicas,Acessórios para Cerâmica
Líquido de Modelar MLS 250ml ,,Laboratório,Cerâmicas,Acessórios para Cerâmica
Líquido de Modelar MLS 25ml ,,Laboratório,Cerâmicas,Acessórios para Cerâmica
Líquido de Modelar Modelling MC ,,Laboratório,Cerâmicas,Acessórios para Cerâmica
Líquido de Modelar Modelling MC ,,Laboratório,Cerâmicas,Acessórios para Cerâmica
Líquido de Modelar OL2 250ml ,,Laboratório,Cerâmicas,Acessórios para Cerâmica
Líquido de Modelar para VMK 95 Vita ,,Laboratório,Cerâmicas,Acessórios para Cerâmica
Líquido de Modelar Resimix ,,Laboratório,Cerâmicas,Acessórios para Cerâmica
Líquido de Modelar Shoulder MC ,,Laboratório,Cerâmicas,Acessórios para Cerâmica
Líquido de Modelar Shoulder MC ,,Laboratório,Cerâmicas,Acessórios para Cerâmica
Líquido de Modelar Signum ,,Laboratório,Cerâmicas,Acessórios para Cerâmica
Líquido de Modelar SM 25ml ,,Laboratório,Cerâmicas,Acessórios para Cerâmica
Líquido de Modelar Vision Classic ,,Laboratório,Cerâmicas,Acessórios para Cerâmica
Líquido de Opaco Vision Classic ,,Laboratório,Cerâmicas,Acessórios para Cerâmica
Líquido Opaque MC ,,Laboratório,Cerâmicas,Acessórios para Cerâmica
Líquido Opaque MC ,,Laboratório,Cerâmicas,Acessórios para Cerâmica
Liquido Glaze InSync ,,Laboratório,Cerâmicas,Acessórios para Cerâmica
Líquido para Glaze E Stain Ceramco3 ,,Laboratório,Cerâmicas,Acessórios para Cerâmica
Líquido Isolante Insulation F 10ml ,,Laboratório,Cerâmicas,Acessórios para Cerâmica
Lite Art Clear Líquido ,,Laboratório,Cerâmicas,Acessórios para Cerâmica
Líquido Opaque VMK Master ,,Laboratório,Cerâmicas,Acessórios para Cerâmica
Líquido para Opaco em Pó EX 3 ,,Laboratório,Cerâmicas,Acessórios para Cerâmica
Líquido para Opaco Pasta EX 3 ,,Laboratório,Cerâmicas,Acessórios para Cerâmica
Líquido Paste Opaque Thinner MC ,,Laboratório,Cerâmicas,Acessórios para Cerâmica
Líquido Paste Opaquer POL 1ml ,,Laboratório,Cerâmicas,Acessórios para Cerâmica
Líquido Stain MF 20ml ,,Laboratório,Cerâmicas,Acessórios para Cerâmica
Líquido Stain SLU 20ml ,,Laboratório,Cerâmicas,Acessórios para Cerâmica
Líquido Stain SLU 2ml ,,Laboratório,Cerâmicas,Acessórios para Cerâmica
Líquido Yamamoto Vintage Art Universal ,,Laboratório,Cerâmicas,Acessórios para Cerâmica
Localizador Apical Raypex 6 ,,Dentista,Equipamentos e Peças de Mão,Localizadores Apicais
Agente de limpeza Cleaning MC,,Dentista,Consultorio Odontológico,Manutenção e Peças de Reposição
Lubrificante dental Oil Baixa E Alta Rotação 100Ml ,,Dentista,Consultorio Odontológico,Manutenção e Peças de Reposição
Lubrificante Dental Oil Baixa e Alta Rotação 200ml ,,Dentista,Consultorio Odontológico,Manutenção e Peças de Reposição
Lubrificante para Instrumentais Flexlub AR/ FG ,,Dentista,Consultorio Odontológico,Manutenção e Peças de Reposição
Lubrificante para Instrumentos AR/FG ,,Dentista,Consultorio Odontológico,Manutenção e Peças de Reposição
Lubrificante para Instrumentos Asper ,,Dentista,Consultorio Odontológico,Manutenção e Peças de Reposição
Lubrificante para Instrumentos Asper Mentol,,Dentista,Consultorio Odontológico,Manutenção e Peças de Reposição
Lubrificante para Instrumentos Maqspray FG/AR ,,Dentista,Consultorio Odontológico,Manutenção e Peças de Reposição
Lubrificante para Instrumentos Power Spray ,,Dentista,Consultorio Odontológico,Manutenção e Peças de Reposição
Lubrificante para Instrumentos Proform AR/ FG ,,Dentista,Consultorio Odontológico,Manutenção e Peças de Reposição
Lubrificante para Instrumentos Unispray AR e FG ,,Dentista,Consultorio Odontológico,Manutenção e Peças de Reposição
Lubrificante Para Peças de Mão Maqspray ,,Dentista,Consultorio Odontológico,Manutenção e Peças de Reposição
Lubrificante Profilub ,,Dentista,Consultorio Odontológico,Manutenção e Peças de Reposição
Lubrificante Profisept Lub Spray ,,Dentista,Consultorio Odontológico,Manutenção e Peças de Reposição
Lubrificante Profisept RTU para Instrumentais Odontológicos Autoclaváveis ,,Dentista,Consultorio Odontológico,Manutenção e Peças de Reposição
Lubrificante Spray AR e FG ,,Dentista,Consultorio Odontológico,Manutenção e Peças de Reposição
Óleo Lubrificante MD 500 F1 ,,Dentista,Consultorio Odontológico,Manutenção e Peças de Reposição
Óleo Lubrificante Odontolub para Instrumentos AR FG ,,Dentista,Consultorio Odontológico,Manutenção e Peças de Reposição
Luva Cirúrgica Estéril de Látex com Pó ,,Dentista,Biossegurança,Equipamentos de Proteção Individual (EPIs)
Luva Cirúrgica Estéril de Látex com Pó Pouch Plástico ,,Dentista,Biossegurança,Equipamentos de Proteção Individual (EPIs)
Luva de Procedimento com Pó ,,Dentista,Biossegurança,Equipamentos de Proteção Individual (EPIs)
Luva de Procedimento de Látex com Pó ,,Dentista,Biossegurança,Equipamentos de Proteção Individual (EPIs)
Luva para Procedimento Latex sem Pó ,,Dentista,Biossegurança,Equipamentos de Proteção Individual (EPIs)
Luva de Vinil Com Pó ,,Dentista,Biossegurança,Equipamentos de Proteção Individual (EPIs)
Luva para Procedimento Vinil Saude sem Pó ,,Dentista,Biossegurança,Equipamentos de Proteção Individual (EPIs)
Luva de Procedimento de Nitrilo Preta Sem Pó ,,Dentista,Biossegurança,Equipamentos de Proteção Individual (EPIs)
Luva para Procedimento Nitrilo Nitraflex Medical Azul Cobalto Sem Pó ,,Dentista,Biossegurança,Equipamentos de Proteção Individual (EPIs)
Luva para Procedimento Nitrílo Sem Pó Azul ,,Dentista,Biossegurança,Equipamentos de Proteção Individual (EPIs)
Luva para Procedimento Nitrílo Sem Pó Preta ,,Dentista,Biossegurança,Equipamentos de Proteção Individual (EPIs)
Luva para Procedimento Nitrilo Sem Pó Rosa,,Dentista,Biossegurança,Equipamentos de Proteção Individual (EPIs)
Luva para Carpule ,,Dentista,Biossegurança,Equipamentos de Proteção Individual (EPIs)
Luva Plástica Descartável Não Estéril ,,Dentista,Biossegurança,Equipamentos de Proteção Individual (EPIs)
Luva Verniz Silver Amarela ,,Dentista,Biossegurança,Equipamentos de Proteção Individual (EPIs)
Macacão Feminino Luisa Azul Marinho ,,Dentista,Moda e Vestuário,Scrubs e Jalecos
Macacão Feminino Luisa Off White ,,Dentista,Moda e Vestuário,Scrubs e Jalecos
Maleta para Medicamentos ,,Dentista,Material de Escritório,Escritório
Maleta para Medicamentos Grande com Bandeja ,,Dentista,Material de Escritório,Escritório
Maleta para Medicamentos Mega Luxo ,,Dentista,Material de Escritório,Escritório
Mandril CA Adaptador FG 13mm,,Dentista,Equipamentos e Peças de Mão,Micromotores e Contra-Ângulos
Mandril Ca para Contra Ângulo ,,Dentista,Equipamentos e Peças de Mão,Micromotores e Contra-Ângulos
Mandril Ca Pop On ,,Dentista,Equipamentos e Peças de Mão,Micromotores e Contra-Ângulos
Mandril Denteado Super Snap CA ,,Dentista,Equipamentos e Peças de Mão,Micromotores e Contra-Ângulos
Mandril para Contra-Ângulo Discos Snap,,Dentista,Equipamentos e Peças de Mão,Micromotores e Contra-Ângulos
Mandril para Disco de Lixa OptiDisc CA ,,Dentista,Equipamentos e Peças de Mão,Micromotores e Contra-Ângulos
Mandril Pm para Tira de Lixa ,,Dentista,Equipamentos e Peças de Mão,Micromotores e Contra-Ângulos
Mandril PM Peça de Mão ,,Dentista,Equipamentos e Peças de Mão,Micromotores e Contra-Ângulos
Mandril Pm Peça de Mão Reforçado ,,Dentista,Equipamentos e Peças de Mão,Micromotores e Contra-Ângulos
Mandril Praxis CA ,,Dentista,Equipamentos e Peças de Mão,Micromotores e Contra-Ângulos
Boca Transparente para Treinamento de Preenchimento Labial ,,Dentista,Harmonização Orofacial,Acessórios para Harmonização Orofacial
Jogo de Dente ,,Laboratório,Dentes Artificiais,Dentes de Resina Acrílica
Jogo de Dente Materiais Dentários ,,Laboratório,Dentes Artificiais,Dentes de Resina Acrílica
Face Nude para Treinamento Harmonização Orofacial ,,Dentista,Harmonização Orofacial,Acessórios para Harmonização Orofacial
Face Realista Nude para Treinamento Harmonização Orofacial ,,Dentista,Harmonização Orofacial,Acessórios para Harmonização Orofacial
Face Transparente para Treinamento Harmonização Orofacial ,,Dentista,Harmonização Orofacial,Acessórios para Harmonização Orofacial
Manequim Pediatria Plp ,,Laboratório,Dentes Artificiais,Dentes de Resina Acrílica
Manequim Periodontia ,,Laboratório,Dentes Artificiais,Dentes de Resina Acrílica
Manipulo Análogo Digital ,,Dentista,Implantodontia,Componentes Protéticos
Manta Invólucro Para Esterilização ProtClean , 50x50cm.,Dentista,Biossegurança,Embalagem para Esterilização
Marcador de Instrumento Redondo com Estojo ,,Dentista,Cirurgia e Periodontia,Instrumentais Cirúrgicos
Marcador de Instrumento Sextavado ,,Dentista,Cirurgia e Periodontia,Instrumentais Cirúrgicos
Marcador de Instrumento Sextavado ,,Dentista,Cirurgia e Periodontia,Instrumentais Cirúrgicos
Marcador de Instrumento Sextavado ,,Dentista,Cirurgia e Periodontia,Instrumentais Cirúrgicos
Marcador de Instrumento Sextavado ,,Dentista,Cirurgia e Periodontia,Instrumentais Cirúrgicos
Martelo Cirurgico 150 Grs ,,Dentista,Cirurgia e Periodontia,Instrumentais Cirúrgicos
Martelo De Mead ,,Dentista,Cirurgia e Periodontia,Instrumentais Cirúrgicos
Martelo Mead ,,Dentista,Cirurgia e Periodontia,Instrumentais Cirúrgicos
Máscara Cirúrgica Descartável ,,Dentista,Biossegurança,Equipamentos de Proteção Individual (EPIs)
Máscara Cirúrgica Descartável Com Elástico ,,Dentista,Biossegurança,Equipamentos de Proteção Individual (EPIs)
Máscara Cirúrgica Descartável Com Tiras ,,Dentista,Biossegurança,Equipamentos de Proteção Individual (EPIs)
Máscara Cirúrgica Descartável Tripla ,,Dentista,Biossegurança,Equipamentos de Proteção Individual (EPIs)
Máscara Cirúrgica Fashion Descartável Tripla ,,Dentista,Biossegurança,Equipamentos de Proteção Individual (EPIs)
Máscara de Tecido Branco com Elástico ,,Dentista,Biossegurança,Equipamentos de Proteção Individual (EPIs)
Máscara Descartável Antiviral Tripla Verde ,,Dentista,Biossegurança,Equipamentos de Proteção Individual (EPIs)
Máscara Descartável Tripla com Clipe Nasal ,,Dentista,Biossegurança,Equipamentos de Proteção Individual (EPIs)
Máscara Descartável Tripla com Clipe Nasal Branca ,,Dentista,Biossegurança,Equipamentos de Proteção Individual (EPIs)
Máscara Descartável Tripla com Elástico Amarela ,,Dentista,Biossegurança,Equipamentos de Proteção Individual (EPIs)
Máscara Descartável Tripla com Elástico Branca,,Dentista,Biossegurança,Equipamentos de Proteção Individual (EPIs)
Máscara Descartável Tripla com Elástico Branca ,,Dentista,Biossegurança,Equipamentos de Proteção Individual (EPIs)
Máscara Descartável Tripla com Elástico Color ,,Dentista,Biossegurança,Equipamentos de Proteção Individual (EPIs)
Máscara Descartável Tripla com Elástico Preta ,,Dentista,Biossegurança,Equipamentos de Proteção Individual (EPIs)
Máscara Descartável Tripla Proteção com Tiras Verde ,,Dentista,Biossegurança,Equipamentos de Proteção Individual (EPIs)
Máscara Hospitalar 3 Painéis 3M™ Aura™ 9360H ,,Dentista,Biossegurança,Equipamentos de Proteção Individual (EPIs)
Máscara Tripla Descartável com Tiras ,,Dentista,Biossegurança,Equipamentos de Proteção Individual (EPIs)
Máscara de Gel Hotcold ,,Dentista,Harmonização Orofacial,Acessórios para Harmonização Orofacial
Máscara Fototerapia Led Facial Soldador Para Fluence Maxx ,,Dentista,Harmonização Orofacial,Acessórios para Harmonização Orofacial
Máscara Iluminadora Peel Off Gel 200ml ,,Dentista,Harmonização Orofacial,Dermocosméticos
Massageador Automático Sport ,,Dentista,Harmonização Orofacial,Acessórios para Harmonização Orofacial
Massageador Vibra ,,Dentista,Harmonização Orofacial,Acessórios para Harmonização Orofacial
Skin Vibra Massageador Por Vibração ,,Dentista,Harmonização Orofacial,Acessórios para Harmonização Orofacial
Palodent 360 + Kit Palodent V3 ,,Dentista,Dentística e Estética,Sistemas de Matriz
Matriz Anteriores Unica Minideep ,,Dentista,Dentística e Estética,Sistemas de Matriz
Matriz Anteriores Unica Minideep ,,Dentista,Dentística e Estética,Sistemas de Matriz
Matriz Cervical ,,Dentista,Dentística e Estética,Sistemas de Matriz
Matriz Cervical ,,Dentista,Dentística e Estética,Sistemas de Matriz
Matriz Aço Ultrasteel,,Dentista,Dentística e Estética,Sistemas de Matriz
Matriz de Aço ,,Dentista,Dentística e Estética,Sistemas de Matriz
Matriz de Poliéster ,,Dentista,Dentística e Estética,Sistemas de Matriz
Matriz de Silicone Provy Easy ,,Dentista,Dentística e Estética,Sistemas de Matriz
Matriz Omni Matrix ,,Dentista,Dentística e Estética,Sistemas de Matriz
Matriz Omni Matrix Winged ,,Dentista,Dentística e Estética,Sistemas de Matriz
Matriz para Anteriores ,,Dentista,Dentística e Estética,Sistemas de Matriz
"Matriz Seccionais Ultramatrix Anterior 0,03mm ",,Dentista,Dentística e Estética,Sistemas de Matriz
"Matriz Seccionais Ultramatrix Anterior 0,03mm ",,Dentista,Dentística e Estética,Sistemas de Matriz
Matriz Seccionais Ultramatrix Posterior ,,Dentista,Dentística e Estética,Sistemas de Matriz
Matriz Seccional LumiContrast ,,Dentista,Dentística e Estética,Sistemas de Matriz
Matriz Seccional LumiContrast ,,Dentista,Dentística e Estética,Sistemas de Matriz
Matriz Seccional LumiContrast Molar 0.04mm 6.4mm 35unid ,,Dentista,Dentística e Estética,Sistemas de Matriz
Matriz Seccional LumiContrast Pré Molar 0.04mm 5mm 35unid ,,Dentista,Dentística e Estética,Sistemas de Matriz
"Matriz Seccional Molar com Extenção Cervical QuickmatFlex 0,3mm 50 Unid. ",,Dentista,Dentística e Estética,Sistemas de Matriz
Matriz Seccional Molar Quickmat All round ,,Dentista,Dentística e Estética,Sistemas de Matriz
Matriz Seccional Molar Quickmat Flex ,,Dentista,Dentística e Estética,Sistemas de Matriz
Matriz Seccional Molar Quickmat Flex 0.04mm 6.4mm ,,Dentista,Dentística e Estética,Sistemas de Matriz
Matriz Seccional myQuickmat Forte ,,Dentista,Dentística e Estética,Sistemas de Matriz
Matriz Seccional Pré Contornada Palodent 360 ,,Dentista,Dentística e Estética,Sistemas de Matriz
Matriz Seccional Pré Contornada Palodent V3 ,,Dentista,Dentística e Estética,Sistemas de Matriz
"Matriz Seccional Pré Contornada Palodent V3 5,5mm ",,Dentista,Dentística e Estética,Sistemas de Matriz
Matriz Seccional Pré Molar Quickmat All,,Dentista,Dentística e Estética,Sistemas de Matriz
Matriz Seccional Pré Molar Quickmat Flex ,,Dentista,Dentística e Estética,Sistemas de Matriz
Matriz Seccional Pré Molar Quickmat Flex 0.04mm 5mm ,,Dentista,Dentística e Estética,Sistemas de Matriz
"Matriz Seccional Pré Molar QuickmatFlex 0,3mm 100 Unid ",,Dentista,Dentística e Estética,Sistemas de Matriz
Matriz Seccional Quickmat ,,Dentista,Dentística e Estética,Sistemas de Matriz
Matriz Seccional Quickmat com Extensão ,,Dentista,Dentística e Estética,Sistemas de Matriz
Matriz Seccional Quickmat com Extensão Cervical 0.04mm 6.4mm ,,Dentista,Dentística e Estética,Sistemas de Matriz
Matriz Unimatrix Refil ,,Dentista,Dentística e Estética,Sistemas de Matriz
Matriz Universal Pro Matrix ,,Dentista,Dentística e Estética,Sistemas de Matriz
Matriz Universal Kit ,,Dentista,Dentística e Estética,Sistemas de Matriz
Matriz Universal Mini Kit ,,Dentista,Dentística e Estética,Sistemas de Matriz
Conjunto Medidor De Jeltrate ,,Laboratório,Equipamentos para Laboratório, Equipamentos para Moldagem e Modelos
Conjunto Medidor Para Alginato ,,Laboratório,Equipamentos para Laboratório, Equipamentos para Moldagem e Modelos
Conjunto Medidor Para Alginato Hydrogum 5 ,,Laboratório,Equipamentos para Laboratório, Equipamentos para Moldagem e Modelos
Kit Medidor para Alginato ,,Laboratório,Equipamentos para Laboratório, Equipamentos para Moldagem e Modelos
Medidor Proporcionalidade Chu ,,Dentista,Prótese Clínica e Reabilitação Oral,Instrumentos para Prótese
Membrana Allumina Standard ,,Dentista,Implantodontia,Biomateriais e Regeneração Óssea
Membrana Biológica Bovina GenDerm ,,Dentista,Implantodontia,Biomateriais e Regeneração Óssea
Membrana Biológica Bovina GenDerm ,,Dentista,Implantodontia,Biomateriais e Regeneração Óssea
Membrana Biológica Bovina Genderm Flex ,,Dentista,Implantodontia,Biomateriais e Regeneração Óssea
Membrana Biológica Bovina Lumina Coat ,,Dentista,Implantodontia,Biomateriais e Regeneração Óssea
Membrana Biológica Bovina Lumina Coat 1x10x20mm ,,Dentista,Implantodontia,Biomateriais e Regeneração Óssea
Membrana Biológica Bovina Lumina Coat Double Time ,,Dentista,Implantodontia,Biomateriais e Regeneração Óssea
Membrana Biológica Bovina Techgraf 20x30mm ,,Dentista,Implantodontia,Biomateriais e Regeneração Óssea
Membrana Biológica Bovina Techgraft ,,Dentista,Implantodontia,Biomateriais e Regeneração Óssea
Membrana Biológica Lumina Dermal 10x20mm ,,Dentista,Implantodontia,Biomateriais e Regeneração Óssea
Membrana Biológica Lumina Dermal 20x30mm ,,Dentista,Implantodontia,Biomateriais e Regeneração Óssea
Membrana Biológica Sintética Absorvível Pratix 15x25mm ,,Dentista,Implantodontia,Biomateriais e Regeneração Óssea
Membrana Biológica Sintética Absorvível Pratix 30x40mm ,,Dentista,Implantodontia,Biomateriais e Regeneração Óssea
Membrana Biológica Suína Ossix Plus ,,Dentista,Implantodontia,Biomateriais e Regeneração Óssea
Membrana Biológica Suína Ossix Plus ,,Dentista,Implantodontia,Biomateriais e Regeneração Óssea
Membrana Biológica Suína Ossix Plus ,,Dentista,Implantodontia,Biomateriais e Regeneração Óssea
Membrana Biológica Suína Ossix Volumax Scaffold ,,Dentista,Implantodontia,Biomateriais e Regeneração Óssea
Membrana Biológica Suína Ossix Volumax Scaffold ,,Dentista,Implantodontia,Biomateriais e Regeneração Óssea
Membrana Biológica Suína Ossix Volumax Scaffold ,,Dentista,Implantodontia,Biomateriais e Regeneração Óssea
Membrana Biológica Suína Ossix Volumax Scaffold ,,Dentista,Implantodontia,Biomateriais e Regeneração Óssea
Membrana Colágeno Bovina Lumina,,Dentista,Implantodontia,Biomateriais e Regeneração Óssea
Membrana Colágeno Bovina Surgitime ,,Dentista,Implantodontia,Biomateriais e Regeneração Óssea
Membrana Colágeno Bovina Surgitime ,,Dentista,Implantodontia,Biomateriais e Regeneração Óssea
Membrana de Colágeno Geistlich Bio Gide 13x25mm ,,Dentista,Implantodontia,Biomateriais e Regeneração Óssea
Membrana de Colágeno Geistlich Bio Gide 25x25mm ,,Dentista,Implantodontia,Biomateriais e Regeneração Óssea
Membrana de Colágeno Geistlich Bio Gide Compressed 20x30mm ,,Dentista,Implantodontia,Biomateriais e Regeneração Óssea
Membrana Regenerativa de Prolipropileno ,,Dentista,Implantodontia,Biomateriais e Regeneração Óssea
Membrana Sintética de Titânio Surgitime ,,Dentista,Implantodontia,Biomateriais e Regeneração Óssea
Membrana Sintética Duosynt 300UM ,,Dentista,Implantodontia,Biomateriais e Regeneração Óssea
Membrana Sintética Duosynt 300UM ,,Dentista,Implantodontia,Biomateriais e Regeneração Óssea
"Membrana Sintética Plenum Guide 0,25x15x20mm ",,Dentista,Implantodontia,Biomateriais e Regeneração Óssea
"Membrana Sintética Plenum Guide 0,25x25x25mm ",,Dentista,Implantodontia,Biomateriais e Regeneração Óssea
"Membrana Sintética Plenum Guide 0,25x30x40mm ",,Dentista,Implantodontia,Biomateriais e Regeneração Óssea
"Membrana Sintética Plenum Guide 0,50x15x20mm ",,Dentista,Implantodontia,Biomateriais e Regeneração Óssea
"Membrana Sintética Plenum Guide 0,50x25x25mm ",,Dentista,Implantodontia,Biomateriais e Regeneração Óssea
"Membrana Sintética Plenum Guide 0,50x30x40mm ",,Dentista,Implantodontia,Biomateriais e Regeneração Óssea
Membrana Sintética Polipropileno ,,Dentista,Implantodontia,Biomateriais e Regeneração Óssea
Membrana Sintética PTFE Surgitime ,,Dentista,Implantodontia,Biomateriais e Regeneração Óssea
Membrana Sintética Titânio Lumina Grid ,,Dentista,Implantodontia,Biomateriais e Regeneração Óssea
Membrana Surgitime Titânio Seal ,,Dentista,Implantodontia,Biomateriais e Regeneração Óssea
Mesa Auxiliar ,,Dentista,Consultorio Odontológico,Mobiliário Odontológico
Mesa Auxiliar Premium ,,Dentista,Consultorio Odontológico,Mobiliário Odontológico
Micro Pilar CM ,,Dentista,Implantodontia,Componente Protético
Micro Pontas Alongadoras 3M™ RyleX™ Universal ,,Dentista,Prótese Clínica e Reabilitação Oral,Instrumentos para Prótese
Micro Pontas Misturadoras 3M™ RyleX™ Mixing Universal ,,Dentista,Prótese Clínica e Reabilitação Oral,Instrumentos para Prótese
Microagulha 40mm 25g ,,Dentista,Harmonização Orofacial,Instrumentais para HOF
Microagulha 40mm 27g ,,Dentista,Harmonização Orofacial,Instrumentais para HOF
Microagulha 4mm 32g ,,Dentista,Harmonização Orofacial,Instrumentais para HOF
Microagulha 70mm 18g ,,Dentista,Harmonização Orofacial,Instrumentais para HOF
"Microagulhamento Infusion 1,50mm ",,Dentista,Harmonização Orofacial,Instrumentais para HOF
Microagulhas 34G X 4mm ,,Dentista,Harmonização Orofacial,Instrumentais para HOF
Microagulhas 34G X 8mm ,,Dentista,Harmonização Orofacial,Instrumentais para HOF
Microcânula 50mm 22g ,,Dentista,Harmonização Orofacial,Instrumentais para HOF
Microcânula 50mm 25g ,,Dentista,Harmonização Orofacial,Instrumentais para HOF
Microcânula com Agulha 21G 22gx70mm ,,Dentista,Harmonização Orofacial,Instrumentais para HOF
Microcânula com Agulha Auxiliar ,,Dentista,Harmonização Orofacial,Instrumentais para HOF
Microcânula com Agulha Auxiliar ,,Dentista,Harmonização Orofacial,Instrumentais para HOF
Microcânula para Preenchimento ,,Dentista,Harmonização Orofacial,Instrumentais para HOF
Microcânula para Preenchimento 21g com Agulha 21g x 70mm 24unid ,,Dentista,Harmonização Orofacial,Instrumentais para HOF
Microcânula para Preenchimento 50mm ,,Dentista,Harmonização Orofacial,Instrumentais para HOF
Microcânula para Preenchimento 50mm 22G ,,Dentista,Harmonização Orofacial,Instrumentais para HOF
Microcânula para Preenchimento 50mm 25G ,,Dentista,Harmonização Orofacial,Instrumentais para HOF
Microcânula para Subcisão 20G ,,Dentista,Harmonização Orofacial,Instrumentais para HOF
Microcânula Preenchedor Facial 10SC ,,Dentista,Harmonização Orofacial,Instrumentais para HOF
Microcânula Profill MCR ,,Dentista,Harmonização Orofacial,Instrumentais para HOF
Microcânula Slim ,,Dentista,Harmonização Orofacial,Instrumentais para HOF
Micromotor ,,Dentista,Equipamentos e Peças de Mão,Micromotores e Contra-Ângulos
Micromotor a Ar Externo Intra NL235,,Dentista,Equipamentos e Peças de Mão,Micromotores e Contra-Ângulos
Micromotor Astro Turbo ,,Dentista,Equipamentos e Peças de Mão,Micromotores e Contra-Ângulos
Micromotor C,,Dentista,Equipamentos e Peças de Mão,Micromotores e Contra-Ângulos
Micromotor de Ar Irrigação Externa AM,,Dentista,Equipamentos e Peças de Mão,Micromotores e Contra-Ângulos
Micromotor de Bancada 35K ,,Laboratório,Equipamentos Laboratório,Equipamentos para Polimento e Acabamento
Micromotor de Bancada Handy 702 ,,Laboratório,Equipamentos Laboratório,Equipamentos para Polimento e Acabamento
Micromotor de Bancada LB100 ,,Laboratório,Equipamentos Laboratório,Equipamentos para Polimento e Acabamento
Micromotor de Bancada LB2000 ,,Laboratório,Equipamentos Laboratório,Equipamentos para Polimento e Acabamento
Micromotor de Bancada LB3000 ,,Laboratório,Equipamentos Laboratório,Equipamentos para Polimento e Acabamento
Micromotor de Bancada Multi 600 ,,Laboratório,Equipamentos Laboratório,Equipamentos para Polimento e Acabamento
Micromotor de Bancada S1 ,,Laboratório,Equipamentos Laboratório,Equipamentos para Polimento e Acabamento
Micromotor de Bancada S1 E,,Laboratório,Equipamentos Laboratório,Equipamentos para Polimento e Acabamento
Micromotor de Bancada S2 ,,Laboratório,Equipamentos Laboratório,Equipamentos para Polimento e Acabamento
Micromotor de Bancada S3 ,,Laboratório,Equipamentos Laboratório,Equipamentos para Polimento e Acabamento
Micromotor Elétrico Champion Eletronic Marathon ,,Laboratório,Equipamentos Laboratório,Equipamentos para Polimento e Acabamento
Micromotor Elétrico Champion Eletronic Marathon E,,Laboratório,Equipamentos Laboratório,Equipamentos para Polimento e Acabamento
Micromotor Elétrico Clínico E,,Dentista,Equipamentos e Peças de Mão,Micromotores e Contra-Ângulos
Micromotor Elétrico Portátil MME,,Dentista,Equipamentos e Peças de Mão,Micromotores e Contra-Ângulos
Micromotor Elétrico S1 Pro Bivolt ,,Laboratório,Equipamentos Laboratório,Equipamentos para Polimento e Acabamento
Micromotor Elétrico S4 Bivolt ,,Laboratório,Equipamentos Laboratório,Equipamentos para Polimento e Acabamento
Micromotor Intra MI 01 ,,Dentista,Equipamentos e Peças de Mão,Micromotores e Contra-Ângulos
Micromotor Intra MI 01 Prime RE ,,Dentista,Equipamentos e Peças de Mão,Micromotores e Contra-Ângulos
Micromotor Intra MI 01 Prime RI ,,Dentista,Equipamentos e Peças de Mão,Micromotores e Contra-Ângulos
Micromotor Marathon 3 Champion Branco E,,Laboratório,Equipamentos Laboratório,Equipamentos para Polimento e Acabamento
Micromotor Portátil Prime,,Laboratório,Equipamentos Laboratório,Equipamentos para Polimento e Acabamento
Micromotor X10 ,,Dentista,Equipamentos e Peças de Mão,Micromotores e Contra-Ângulos
Modulo Automático ,,Laboratório,Equipamentos Laboratório,Equipamentos para Polimento e Acabamento
Mini Kit Matriz Unimatrix R ,,Dentista,Dentística e Estética,Sistemas de Matriz
Mini Kit Matriz Unimatrix R ,,Dentista,Dentística e Estética,Sistemas de Matriz
Mini Pilar Angulado 17 Graus HE ,,Dentista,Implantodontia,Componente Protético
"Mini Pilar Angulado 17 Graus HE 3,4x3mm ",,Dentista,Implantodontia,Componente Protético
"Mini Pilar Angulado 17 Graus HE 5,0x2mm ",,Dentista,Implantodontia,Componente Protético
"Mini Pilar Angulado 17 Graus HE 5,0x3mm ",,Dentista,Implantodontia,Componente Protético
"Mini Pilar Angulado 17 Graus HE 5,0x4mm ",,Dentista,Implantodontia,Componente Protético
Mini Pilar Angulado 30 Graus HE ,,Dentista,Implantodontia,Componente Protético
Mini Pilar Angulado CM ,,Dentista,Implantodontia,Componente Protético
Mini Pilar Angulado CM ,,Dentista,Implantodontia,Componente Protético
Mini Pilar Angulado HE ,,Dentista,Implantodontia,Componente Protético
Mini Pilar CM NE ,,Dentista,Implantodontia,Componente Protético
Mini Pilar de Retenção do O,,Dentista,Implantodontia,Componente Protético
Mini Pilar HE ,,Dentista,Implantodontia,Componente Protético
"Mini Pilar HE 3,4 3mm ",,Dentista,Implantodontia,Componente Protético
"Mini Pilar HE 5,0 2mm ",,Dentista,Implantodontia,Componente Protético
Mini Pilar Padrão CM ,,Dentista,Implantodontia,Componente Protético
Mini Pilar Padrão HE ,,Dentista,Implantodontia,Componente Protético
Parafuso Mini Pilar 3D ,,Dentista,Implantodontia,Componente Protético
Mini Tubo Cerâmico Iceram para Colagem ,,Dentista,Ortodontia,Bandas e Tubos
"Mini Tubo para Colagem MBT 0,022"" Simples Mjanson 2º Molar",,Dentista,Ortodontia,Bandas e Tubos
"Mini Tubo para Colagem MBT Universal 0,022"" MJanson Simples 1º e 2º Pré",,Dentista,Ortodontia,Bandas e Tubos
Mini Tubo Simples Cola Roth 018 ,,Dentista,Ortodontia,Bandas e Tubos
Mini Tubo Simples Cola Roth 022 ,,Dentista,Ortodontia,Bandas e Tubos
Miniparafuso Ortodôntico de Bráquete Anti,,Dentista,Ortodontia,Instrumentos Ortodônticos
Miniparafuso Ortodôntico de Bráquete Horário ,,Dentista,Ortodontia,Instrumentos Ortodônticos
Miniparafuso Ortodôntico Extrarradicular de Aço ,,Dentista,Ortodontia,Instrumentos Ortodônticos
Miniparafuso Ortodôntico Para Ancoragem Absoluta ,,Dentista,Ortodontia,Instrumentos Ortodônticos
Miniparafuso Ortodôntico Para Ancoragem Extrarradicular ,,Dentista,Ortodontia,Instrumentos Ortodônticos
Mola Aberta Ortodôntica de CrNi Para Compressão ,,Dentista,Ortodontia,Acessórios Ortodônticos
Mola Fechada Flexy NiTi Para Miniparafuso ,,Dentista,Ortodontia,Acessórios Ortodônticos
Mola Fechada NiTi Para Tração ,,Dentista,Ortodontia,Acessórios Ortodônticos
Mola Fechada Ortodôntica de CrNi Para Tração ,,Dentista,Ortodontia,Acessórios Ortodônticos
Mola Aberta NiTi Flexy – Orthometric,,Dentista,Ortodontia,Acessórios Ortodônticos
Mola de NiTi Fechada Para Miniparafuso ,,Dentista,Ortodontia,Acessórios Ortodônticos
Mola de NiTi Flexy Para Tração ,,Dentista,Ortodontia,Acessórios Ortodônticos
Mola NiTi Aberta ,,Dentista,Ortodontia,Acessórios Ortodônticos
Mola NiTi Aberta ,,Dentista,Ortodontia,Acessórios Ortodônticos
Mola NiTi Fechada para Retração ,,Dentista,Ortodontia,Acessórios Ortodônticos
Mola Niti para Distalização ,,Dentista,Ortodontia,Acessórios Ortodônticos
Mola Ortodôntica de NiTi Para Compressão ,,Dentista,Ortodontia,Acessórios Ortodônticos
Moldeira para Clareamento Superior Inferior ,,Dentista,Dentística e Estética,Clareadores Dentais
Moldeira Termomoldável ,,Dentista,Dentística e Estética,Clareadores Dentais
Moldeira Termomoldável para Clareamento ,,Dentista,Dentística e Estética,Clareadores Dentais
Moldeira de Cera com Espuma para Flúor ,,Dentista,Prevenção e Profilaxia,Equipamentos para Profilaxia
Moldeira de Cera com Espuma para Flúor Sortida ,,Dentista,Prevenção e Profilaxia,Equipamentos para Profilaxia
Moldeira Descartável Dupla para Flúor ,,Dentista,Prevenção e Profilaxia,Equipamentos para Profilaxia
Moldeira Dupla para Flúor ,,Dentista,Prevenção e Profilaxia,Equipamentos para Profilaxia
Moldeira Dupla para Flúor ,,Dentista,Prevenção e Profilaxia,Equipamentos para Profilaxia
Moldeira Dupla para Flúor Mista ,,Dentista,Prevenção e Profilaxia,Equipamentos para Profilaxia
Kit Moldeira Perfurada Total Autoclavável ,,Dentista,Prótese Clínica e Reabilitação Oral,Instrumentos para Prótese
Moldeira Parcial Giratória Perfurada Alumínio ,,Dentista,Prótese Clínica e Reabilitação Oral,Instrumentos para Prótese
Moldeira Parcial Perfurada Adulto Alumínio ,,Dentista,Prótese Clínica e Reabilitação Oral,Instrumentos para Prótese
Moldeira Parcial Perfurada Adulto Inox ,,Dentista,Prótese Clínica e Reabilitação Oral,Instrumentos para Prótese
Moldeira Perfurada Adulto Inox Dentado ,,Dentista,Prótese Clínica e Reabilitação Oral,Instrumentos para Prótese
Moldeira Perfurada Adulto Inox Dentado ,,Dentista,Prótese Clínica e Reabilitação Oral,Instrumentos para Prótese
Moldeira Perfurada Adulto Inox Desdentado ,,Dentista,Prótese Clínica e Reabilitação Oral,Instrumentos para Prótese
Moldeira Perfurada Adulto Plástico ,,Dentista,Prótese Clínica e Reabilitação Oral,Instrumentos para Prótese
Moldeira Perfurada Infantil Alumínio ,,Dentista,Prótese Clínica e Reabilitação Oral,Instrumentos para Prótese
Moldeira Perfurada Parcial Autoclavável ,,Dentista,Prótese Clínica e Reabilitação Oral,Instrumentos para Prótese
Moldeira Total Lisa Adulto em Inox ,,Dentista,Prótese Clínica e Reabilitação Oral,Instrumentos para Prótese
Moldeira Total Lisa Adulto em Inox ,,Dentista,Prótese Clínica e Reabilitação Oral,Instrumentos para Prótese
Moldeira Total Lisa Adulto Inox ,,Dentista,Prótese Clínica e Reabilitação Oral,Instrumentos para Prótese
Moldeira Total Lisa Adulto Inox ,,Dentista,Prótese Clínica e Reabilitação Oral,Instrumentos para Prótese
Moldeira Total Lisa Adulto Inox Desdentado ,,Dentista,Prótese Clínica e Reabilitação Oral,Instrumentos para Prótese
Moldeira Total Lisa Infantil em Inox ,,Dentista,Prótese Clínica e Reabilitação Oral,Instrumentos para Prótese
Moldeira Total Perfurada Adulta em Plástico ,,Dentista,Prótese Clínica e Reabilitação Oral,Instrumentos para Prótese
Moldeira Total Perfurada Adulto Alumínio ,,Dentista,Prótese Clínica e Reabilitação Oral,Instrumentos para Prótese
Moldeira Total Perfurada Adulto Alumínio Dentado ,,Dentista,Prótese Clínica e Reabilitação Oral,Instrumentos para Prótese
Moldeira Total Perfurada Adulto em Alumínio ,,Dentista,Prótese Clínica e Reabilitação Oral,Instrumentos para Prótese
Moldeira Total Perfurada Adulto em Alumínio ,,Dentista,Prótese Clínica e Reabilitação Oral,Instrumentos para Prótese
Moldeira Total Perfurada Adulto em Inox ,,Dentista,Prótese Clínica e Reabilitação Oral,Instrumentos para Prótese
Moldeira Total Perfurada Adulto em Inox ,,Dentista,Prótese Clínica e Reabilitação Oral,Instrumentos para Prótese
Moldeira Total Perfurada Adulto em Inox ,,Dentista,Prótese Clínica e Reabilitação Oral,Instrumentos para Prótese
Moldeira Total Perfurada Adulto Inox ,,Dentista,Prótese Clínica e Reabilitação Oral,Instrumentos para Prótese
Moldeira Total Perfurada Adulto Inox ,,Dentista,Prótese Clínica e Reabilitação Oral,Instrumentos para Prótese
Moldeira Total Perfurada Adulto Inox Desdentado ,,Dentista,Prótese Clínica e Reabilitação Oral,Instrumentos para Prótese
Moldeira Total Perfurada Adulto Plástico ,,Dentista,Prótese Clínica e Reabilitação Oral,Instrumentos para Prótese
Moldeira Total Perfurada de Plástico ,,Dentista,Prótese Clínica e Reabilitação Oral,Instrumentos para Prótese
Moldeira Total Perfurada de Plástico ,,Dentista,Prótese Clínica e Reabilitação Oral,Instrumentos para Prótese
Moldeira Total Perfurada N03 ,,Dentista,Prótese Clínica e Reabilitação Oral,Instrumentos para Prótese
Moldeira Total Perfurada N04 ,,Dentista,Prótese Clínica e Reabilitação Oral,Instrumentos para Prótese
Moldeira Total Perfurada N05 ,,Dentista,Prótese Clínica e Reabilitação Oral,Instrumentos para Prótese
Moldeira Total Perfurada N06 ,,Dentista,Prótese Clínica e Reabilitação Oral,Instrumentos para Prótese
Moldeira Total Perfurada Nylon ,,Dentista,Prótese Clínica e Reabilitação Oral,Instrumentos para Prótese
Montador Mini Pilar Padrão Angulado ,,Dentista,Implantodontia,Componente Protético
Mordedor para Alinhadores OrhtoChewie ,,Dentista,Ortodontia,Acessórios Ortodônticos
Mordedor para Alinhadores OrthoChewie ,,Dentista,Ortodontia,Acessórios Ortodônticos
Mostruário de Cores Elástico Antimicrobiano ,,Dentista,Ortodontia,Acessórios Ortodônticos
Conjunto de Clips de Cabo ,,Dentista,Equipamentos e Peças de Mão,Micromotores e Contra-Ângulos
Módulo para Cirurgia Piezoelétrica Piezomed Plus SA,,Dentista,Equipamentos e Peças de Mão,Sistemas Ultrassônicos e Sônicos
Motor Cirúrgico Implante BLM350 ,,Dentista,Equipamentos e Peças de Mão,Motores Elétricos e Pneumáticos
Motor Cirúrgico Implante/Endo Master ,,Dentista,Equipamentos e Peças de Mão,Motores Elétricos e Pneumáticos
Motor Cirúrgico Para Implante 600 Baby Brushless Led ,,Dentista,Equipamentos e Peças de Mão,Motores Elétricos e Pneumáticos
Motor de Implante Avanti ,,Dentista,Equipamentos e Peças de Mão,Motores Elétricos e Pneumáticos
Motor de Implante e Cirúrgico Implantmed Plus SI,,Dentista,Equipamentos e Peças de Mão,Motores Elétricos e Pneumáticos
Motor de Implante e Cirúrgico Implantmed Plus SI,,Dentista,Equipamentos e Peças de Mão,Motores Elétricos e Pneumáticos
Motor de Implante e Cirúrgico Implantmed SI,,Dentista,Equipamentos e Peças de Mão,Motores Elétricos e Pneumáticos
Motor de Implante e Cirúrgico Implantmed SI,,Dentista,Equipamentos e Peças de Mão,Motores Elétricos e Pneumáticos
Motor Endo A Class ,,Dentista,Equipamentos e Peças de Mão,Motores Elétricos e Pneumáticos
Motor Endodôntico com Contra Ângulo e Localizador Apical E,,Dentista,Equipamentos e Peças de Mão,Micromotores e Contra-Ângulos
Motor Endodôntico com Localizador Apical Gold Reciproc ,,Dentista,Equipamentos e Peças de Mão,Motores Elétricos e Pneumáticos
Motor Endodôntico com Localizador Apical Sensory ,,Dentista,Equipamentos e Peças de Mão,Motores Elétricos e Pneumáticos
Motor Endodôntico Endus Duo R ,,Dentista,Equipamentos e Peças de Mão,Motores Elétricos e Pneumáticos
Motor Endodôntico Sensory Pro,,Dentista,Equipamentos e Peças de Mão,Motores Elétricos e Pneumáticos
Motor Endodôntico Silver Reciproc ,,Dentista,Equipamentos e Peças de Mão,Motores Elétricos e Pneumáticos
Motor Endodôntico X,,Dentista,Equipamentos e Peças de Mão,Motores Elétricos e Pneumáticos
NDP Solução Endodôntica ,,Dentista,Endodontia,Irrigação e Aspiração
Óleo de Girassol 100ml ,,Dentista,Harmonização Orofacial,Dermocosméticos
Óleo de Girassol 200ml ,,Dentista,Harmonização Orofacial,Dermocosméticos
Opacificador Opak ,,Dentista,Prótese Clínica e Reabilitação Oral,Materiais para Caracterização
Resina IPS Empress Direct Opacificador ,,Dentista,Prótese Clínica e Reabilitação Oral,Materiais para Caracterização
Óxido de Zinco ,,Dentista,Cimentos,Cimentos para Cimentação Definitiva
Óxido de Zinco ,,Dentista,Cimentos,Cimentos para Cimentação Definitiva
Óxido de Zinco ,,Dentista,Cimentos,Cimentos para Cimentação Definitiva
Papel Crepado para Esterilização 100x100cm ,,Dentista,Biossegurança,Embalagem para Esterilização
Papel Crepado para Esterilização 120x120cm ,,Dentista,Biossegurança,Embalagem para Esterilização
Papel Crepado para Esterilização 20x20cm ,,Dentista,Biossegurança,Embalagem para Esterilização
Papel Crepado para Esterilização 30x30cm ,,Dentista,Biossegurança,Embalagem para Esterilização
Papel Crepado para Esterilização 30x30cm ,,Dentista,Biossegurança,Embalagem para Esterilização
Papel Crepado para Esterilização 40x40cm ,,Dentista,Biossegurança,Embalagem para Esterilização
Papel Crepado para Esterilização 40x40cm ,,Dentista,Biossegurança,Embalagem para Esterilização
Papel Crepado para Esterilização 50x50cm ,,Dentista,Biossegurança,Embalagem para Esterilização
Papel Crepado para Esterilização 50x50cm ,,Dentista,Biossegurança,Embalagem para Esterilização
Papel Crepado para Esterilização 60x60cm ,,Dentista,Biossegurança,Embalagem para Esterilização
Papel Crepado para Esterilização 75x75cm ,,Dentista,Biossegurança,Embalagem para Esterilização
Papel Crepado para Esterilização 80x80cm ,,Dentista,Biossegurança,Embalagem para Esterilização
Papel Crepado para Esterilização 90x90cm ,,Dentista,Biossegurança,Embalagem para Esterilização
Papel Crepado para Esterilização 90x90cm ,,Dentista,Biossegurança,Embalagem para Esterilização
Parafuso Fixação no Implante CM 1.6mm ,,Dentista,Implantodontia,Componente Protético
Parafuso Fixação no Implante HE 2.0mm ,,Dentista,Implantodontia,Componente Protético
Parafuso Fixação no Mini Pilar 1.4mm ,,Dentista,Implantodontia,Componente Protético
Parafuso Fixação no Pilar Multi,,Dentista,Implantodontia,Componente Protético
Parafuso Mini Pilar ,,Dentista,Implantodontia,Componente Protético
Parafuso Mini Pilar Angulado HE 2.0mm ,,Dentista,Implantodontia,Componente Protético
Parafuso Mini Pilar Padrão CM ,,Dentista,Implantodontia,Componente Protético
Parafuso para Enxerto e Fixação ,,Dentista,Implantodontia,Biomateriais e Regeneração Óssea
Parafuso Pilar de Retenção O,,Dentista,Implantodontia,Componente Protético
Parafuso Pilar Multi Unit CM 1.6mm ,,Dentista,Implantodontia,Componente Protético
Parafuso Pilar TG ,,Dentista,Implantodontia,Componente Protético
Parafuso Saca Pilar para Componentes Cone Morse ,,Dentista,Implantodontia,Componente Protético
Parafuso Quadrado HE ,,Dentista,Implantodontia,Componente Protético
"Parafuso Quadrado He 5,0 ",,Dentista,Implantodontia,Componente Protético
Parafuso Sextavado HE ,,Dentista,Implantodontia,Componente Protético
Parafuso Transferente Moldeira Aberta Mini Pilar 1.4mm ,,Dentista,Implantodontia,Componente Protético
Parafuso Transferente Moldeira CM e LZ ,,Dentista,Implantodontia,Componente Protético
Parafuso Transferente Moldeira HE ,,Dentista,Implantodontia,Componente Protético
Paramonoclorofenol ,,Dentista,Endodontia,Medicamentos Endodônticos
Paramonoclorofenol Canforado ,,Dentista,Endodontia,Medicamentos Endodônticos
Paramonoclorofenol Canforado ,,Dentista,Endodontia,Medicamentos Endodônticos
Paramonoclorofenol com Furacin ,,Dentista,Endodontia,Medicamentos Endodônticos
Passa Fio ,,Dentista,Higiene Oral,Fios e Fitas Dentais
Passa Fio Dental Powerline ,,Dentista,Higiene Oral,Fios e Fitas Dentais
Passa Fio Gum Eez,,Dentista,Higiene Oral,Fios e Fitas Dentais
Passa Fio Soft Needle ,,Dentista,Higiene Oral,Fios e Fitas Dentais
Passador de Fio Dental ,,Dentista,Higiene Oral,Fios e Fitas Dentais
Passador de Fio Dental Blister ,,Dentista,Higiene Oral,Fios e Fitas Dentais
Pasta Zinco,,Dentista,Prótese Clínica e Reabilitação Oral,Materiais para Moldagem
Pasta Endo PTC ,,Dentista,Endodontia,Acessórios para Endodontia
Pasta Endo PTC ,,Dentista,Endodontia,Acessórios para Endodontia
Pasta Endo PTC ,,Dentista,Endodontia,Acessórios para Endodontia
Pasta Endo PTC Gel ,,Dentista,Endodontia,Acessórios para Endodontia
Pasta Endo PTC Gel ,,Dentista,Endodontia,Acessórios para Endodontia
Pasta Endo PTC Gel Leve ,,Dentista,Endodontia,Acessórios para Endodontia
Pasta de Polimento ,,Dentista,Dentística e Estética,Acabamento e Polimento
Pasta de Polimento 1 Seringa ,,Dentista,Dentística e Estética,Acabamento e Polimento
Pasta de Polimento Diamantada ,,Dentista,Dentística e Estética,Acabamento e Polimento
Pasta de Polimento Diamantada ,,Dentista,Dentística e Estética,Acabamento e Polimento
Pasta de Polimento Diamantada Diamond Pro 3G ,,Dentista,Dentística e Estética,Acabamento e Polimento
Pasta de Polimento Diamantada Potenza Specchi PRO ,,Dentista,Dentística e Estética,Acabamento e Polimento
Pasta de Polimento Diamond AC I e AC II ,,Dentista,Dentística e Estética,Acabamento e Polimento
Pasta de Polimento Diamond Clin ,,Dentista,Dentística e Estética,Acabamento e Polimento
Pasta de Polimento Diamond Excel ,,Dentista,Dentística e Estética,Acabamento e Polimento
Pasta de Polimento Diamond Gloss ,,Dentista,Dentística e Estética,Acabamento e Polimento
Pasta de Polimento Diamond Paste ,,Dentista,Dentística e Estética,Acabamento e Polimento
Pasta de Polimento Diamond R ,,Dentista,Dentística e Estética,Acabamento e Polimento
Pasta de Polimento Diamond Universal ,,Dentista,Dentística e Estética,Acabamento e Polimento
Pasta de Polimento Illumina 3g ,,Dentista,Prótese Clínica e Reabilitação Oral,Pastas e Géis Profiláticos
Pasta de Polimento Lysdiamond ,,Dentista,Dentística e Estética,Acabamento e Polimento
Pasta de Polimento Poligloss ,,Dentista,Dentística e Estética,Acabamento e Polimento
Pasta de Polimento Potenza Specchi AL ,,Dentista,Dentística e Estética,Acabamento e Polimento
Pasta de Polimento Potenza Specchi Argilla PRO ,,Dentista,Dentística e Estética,Acabamento e Polimento
"Pasta de Polimento Potenza Specchi Pro 0,5 a 1,5 Microns ",,Dentista,Dentística e Estética,Acabamento e Polimento
Pasta de Polimento Potenza Specchi Pro 5 a 10 Microns ,,Dentista,Dentística e Estética,Acabamento e Polimento
Pasta de Polimento Potenza Specchi UNO&DUE ,,Dentista,Dentística e Estética,Acabamento e Polimento
Pasta de Polimento Prisma Gloss ,,Dentista,Dentística e Estética,Acabamento e Polimento
Pasta de Polimento Ultrafina Diamond Excel ,,Dentista,Dentística e Estética,Acabamento e Polimento
Pasta de Polimento Universal ,,Dentista,Dentística e Estética,Acabamento e Polimento
Pasta de Polimento Universal ,,Dentista,Dentística e Estética,Acabamento e Polimento
Pasta Nanodiamantada para Polimento Eagle Diamond ,,Dentista,Dentística e Estética,Acabamento e Polimento
Pasta Para Micro,,Dentista,Dentística e Estética,Acabamento e Polimento
Pasta para Microabrasão Potenza Abrasione ,,Dentista,Dentística e Estética,Acabamento e Polimento
Pasta para Polimento de Resina Composta Diamond Polish ,,Dentista,Dentística e Estética,Acabamento e Polimento
Pasta Para Solda de Prata ,,Dentista,Ortodontia,Acessórios Ortodônticos
Pasta Profilática ,,Dentista,Prevenção e Profilaxia,Pastas e Géis Profiláticos
Pasta Profilática ,,Dentista,Prevenção e Profilaxia,Pastas e Géis Profiláticos
Pasta Profilática Cleanjoy ,,Dentista,Prevenção e Profilaxia,Pastas e Géis Profiláticos
Pasta Profilática Dessensibilizante Pró,,Dentista,Prevenção e Profilaxia,Pastas e Géis Profiláticos
Pasta Profilática Herjos ,,Dentista,Prevenção e Profilaxia,Pastas e Géis Profiláticos
Pasta Profilática Hortelã 90G ,,Dentista,Prevenção e Profilaxia,Pastas e Géis Profiláticos
Pasta Profilática Odahcam ,,Dentista,Prevenção e Profilaxia,Pastas e Géis Profiláticos
Pasta Profilática Past. Pro ,,Dentista,Prevenção e Profilaxia,Pastas e Géis Profiláticos
Pasta Profilática Past. X 23G ,,Dentista,Prevenção e Profilaxia,Pastas e Géis Profiláticos
Pasta Profilática Pert X ,,Dentista,Prevenção e Profilaxia,Pastas e Géis Profiláticos
Pasta Profilatica Profilys Bisn ,,Dentista,Prevenção e Profilaxia,Pastas e Géis Profiláticos
Pasta Profilática ProphyCare ,,Dentista,Prevenção e Profilaxia,Pastas e Géis Profiláticos
Pasta Profilática Shine ,,Dentista,Prevenção e Profilaxia,Pastas e Géis Profiláticos
Peça Ângulada SXA 1:1 ,,Dentista,Equipamentos e Peças de Mão,Peças Retas
Peça de Mão de Alta Rotação Z10T ,,Dentista,Equipamentos e Peças de Mão,Canetas de Alta Rotação
Peça de Mão do Fotopolimerizador Demi Plus ,,Dentista,Equipamentos e Peças de Mão,Fotopolimerizadores
Peça de Mão Airflow Max ,,Dentista,Equipamentos e Peças de Mão,Sistemas Ultrassônicos e Sônicos
Peça de Mão AIRFLOW® ,,Dentista,Equipamentos e Peças de Mão,Sistemas Ultrassônicos e Sônicos
Peça de Mão Para Ultrassom Piezon 150 e 250 ,,Dentista,Equipamentos e Peças de Mão,Sistemas Ultrassônicos e Sônicos
Peça de Mão PERIOFLOW® ,,Dentista,Equipamentos e Peças de Mão,Sistemas Ultrassônicos e Sônicos
Peça de Mão PERIOFLOW® ,,Dentista,Equipamentos e Peças de Mão,Sistemas Ultrassônicos e Sônicos
Peça de Mão Ultrassom Piezon Handpiece Set Led 150 e 250 ,,Dentista,Equipamentos e Peças de Mão,Sistemas Ultrassônicos e Sônicos
Peça Reta 1:1 ,,Dentista,Equipamentos e Peças de Mão,Peças Retas
Peça Reta Alegra HE 43 T ,,Dentista,Equipamentos e Peças de Mão,Peças Retas
Peça Reta Intra PR 01 Prime ,,Dentista,Equipamentos e Peças de Mão,Peças Retas
Peça Reta P10 1:1 ,,Dentista,Equipamentos e Peças de Mão,Peças Retas
Peça Reta Pr1 Led 1:1 ,,Dentista,Equipamentos e Peças de Mão,Peças Retas
Peça Reta S 11 1:1 ,,Dentista,Equipamentos e Peças de Mão,Peças Retas
Peça Reta S 11L Led 1:1 ,,Dentista,Equipamentos e Peças de Mão,Peças Retas
Peça Reta Synea HG,,Dentista,Equipamentos e Peças de Mão,Peças Retas
Pedal para Micromotor C,,Dentista,Equipamentos e Peças de Mão,Micromotores e Contra-Ângulos
Pedal Wireless Boost ,,Dentista,Consultorio Odontológico,Acessórios para Equipamentos
Pedal Wireless Boost ,,Dentista,Equipamentos e Peças de Mão,Sistemas Ultrassônicos e Sônicos
Pedra Arkansas Esférica ,,Dentista,Cirurgia e Periodontia,Instrumentais Periodontais
Pedra Arkansas FG ,,Dentista,Cirurgia e Periodontia,Instrumentais Periodontais
Pedra Pomes ,,Dentista,Prevenção e Profilaxia,Pastas e Géis Profiláticos
Pedra Pomes ,,Dentista,Prevenção e Profilaxia,Pastas e Géis Profiláticos
Pedra Pomes ,,Dentista,Prevenção e Profilaxia,Pastas e Géis Profiláticos
Pedra Pomes ,,Dentista,Prevenção e Profilaxia,Pastas e Géis Profiláticos
Pedra Pomes ,,Dentista,Prevenção e Profilaxia,Pastas e Géis Profiláticos
Pedra Pomes ,,Dentista,Prevenção e Profilaxia,Pastas e Géis Profiláticos
Pedra Pomes ,,Dentista,Prevenção e Profilaxia,Pastas e Géis Profiláticos
Pedra Pomes 100G ,,Dentista,Prevenção e Profilaxia,Pastas e Géis Profiláticos
Pedra Pomes 1Kg ,,Dentista,Prevenção e Profilaxia,Pastas e Géis Profiláticos
Pedra Pomes Extra Fina ,,Dentista,Prevenção e Profilaxia,Pastas e Géis Profiláticos
Pedra Pomes Extra Fina ,,Dentista,Prevenção e Profilaxia,Pastas e Géis Profiláticos
Pedra Pomes Extra Fina ,,Dentista,Prevenção e Profilaxia,Pastas e Géis Profiláticos
Pegador Ultratip Grande ,,Dentista,Dentística e Estética,Sistemas de Matriz
Película Protetora Spray Rioderm Protection 30ml ,,Dentista,Harmonização Orofacial,Dermocosméticos
"Peeling Combinado 3+ AHA, BHA e PHA 50ml ",,Dentista,Harmonização Orofacial,Dermocosméticos
Peeling Iluminador Max com Máxima Concentração Ácido Mandélico 50ml ,,Dentista,Harmonização Orofacial,Dermocosméticos
Opaco Pasta EX 3 BA ,,Laboratório,Cerâmicas,Acessórios para Cerâmica
Blusa Scrub Feminina Chococat ,,Dentista,Moda e Vestuário,Scrubs e Jalecos
Blusa Scrub Masculina Manga Longa Unik Branco ,,Dentista,Moda e Vestuário,Scrubs e Jalecos
Blusa Scrub Unissex Estampada Tio Paulo ,,Dentista,Moda e Vestuário,Scrubs e Jalecos
Blusa Scrub Unissex Keroppi ,,Dentista,Moda e Vestuário,Scrubs e Jalecos
Pijama Cirúrgico Feminino Funcolors Azul ,,Dentista,Moda e Vestuário,Scrubs e Jalecos
Pijama Cirúrgico Feminino Funcolors Rosa ,,Dentista,Moda e Vestuário,Scrubs e Jalecos
Pijama Cirúrgico Feminino Funcolors Verde Tifanny ,,Dentista,Moda e Vestuário,Scrubs e Jalecos
Pijama Cirúrgico Feminino Glamour Off White ,,Dentista,Moda e Vestuário,Scrubs e Jalecos
Pijama Cirúrgico Feminino Glamour Off White Plus Size ,,Dentista,Moda e Vestuário,Scrubs e Jalecos
Pijama Cirúrgico Feminino Glamour Preto Plus size ,,Dentista,Moda e Vestuário,Scrubs e Jalecos
Pijama Cirúrgico Feminino Hello Kitty Jelly ,,Dentista,Moda e Vestuário,Scrubs e Jalecos
Pijama Cirúrgico Feminino Leve só o Que é Bom ,,Dentista,Moda e Vestuário,Scrubs e Jalecos
Pijama Cirúrgico Feminino Ohana Preto ,,Dentista,Moda e Vestuário,Scrubs e Jalecos
Pijama Cirúrgico Feminino Plus Size Branco ,,Dentista,Moda e Vestuário,Scrubs e Jalecos
Pijama Cirúrgico Feminino Powerflex Cinza ,,Dentista,Moda e Vestuário,Scrubs e Jalecos
Pijama Cirúrgico Feminino Preto ,,Dentista,Moda e Vestuário,Scrubs e Jalecos
Pijama Cirúrgico Feminino Verde Claro ,,Dentista,Moda e Vestuário,Scrubs e Jalecos
Pijama Cirúrgico Masculino Chumbo ,,Dentista,Moda e Vestuário,Scrubs e Jalecos
Pijama Cirúrgico Masculino Newprene Azul Marinho ,,Dentista,Moda e Vestuário,Scrubs e Jalecos
Pijama Cirúrgico Masculino Newprene Preto ,,Dentista,Moda e Vestuário,Scrubs e Jalecos
Pijama Cirúrgico Masculino Plus Size Branco ,,Dentista,Moda e Vestuário,Scrubs e Jalecos
Pijama Cirúrgico Masculino Plus Size Preto ,,Dentista,Moda e Vestuário,Scrubs e Jalecos
Pijama Scrub Cirúrgico Feminino Ohana Azul Marinho ,,Dentista,Moda e Vestuário,Scrubs e Jalecos
Pijama Scrub Feminino Dupla Face Abelhinhas Bee Cool ,,Dentista,Moda e Vestuário,Scrubs e Jalecos
Pijama Scrub Feminino Easy Azul ,,Dentista,Moda e Vestuário,Scrubs e Jalecos
Pijama Scrub Feminino Easy Cinza Chumbo ,,Dentista,Moda e Vestuário,Scrubs e Jalecos
Pijama Scrub Feminino Easy Verde ,,Dentista,Moda e Vestuário,Scrubs e Jalecos
Pijama Scrub Feminino Students Bordô ,,Dentista,Moda e Vestuário,Scrubs e Jalecos
Pijama Scrub Feminino Students Bordô Plus Size ,,Dentista,Moda e Vestuário,Scrubs e Jalecos
Pijama Scrub Feminino StudentsVerde Água Plus Size ,,Dentista,Moda e Vestuário,Scrubs e Jalecos
Pijama Scrub Masculino Coach Branco ,,Dentista,Moda e Vestuário,Scrubs e Jalecos
Pijama Scrub Masculino Easy Azul ,,Dentista,Moda e Vestuário,Scrubs e Jalecos
Pijama Scrub Masculino Easy Cinza Chumbo ,,Dentista,Moda e Vestuário,Scrubs e Jalecos
Pijama Scrub Masculino Easy Verde ,,Dentista,Moda e Vestuário,Scrubs e Jalecos
Pijama Scrub Masculino Joint Azul Claro ,,Dentista,Moda e Vestuário,Scrubs e Jalecos
Pijama Scrub Masculino Joint Azul Marinho ,,Dentista,Moda e Vestuário,Scrubs e Jalecos
Pijama Scrub Masculino Joint Cinza ,,Dentista,Moda e Vestuário,Scrubs e Jalecos
Pijama Scrub Masculino Students Bordô ,,Dentista,Moda e Vestuário,Scrubs e Jalecos
Pijama Scrub Masculino Students Bordô Plus Size ,,Dentista,Moda e Vestuário,Scrubs e Jalecos
Pijama Scrub Masculino Students Verde Água Plus Size ,,Dentista,Moda e Vestuário,Scrubs e Jalecos
Pilar Angulado 20º CM ,,Dentista,Implantodontia,Componente Protético
Pilar Angulado 20º HE ,,Dentista,Implantodontia,Componente Protético
Pilar Universal Angulado 17 Graus CM ,,Dentista,Implantodontia,Componente Protético
Pilar Universal Angulado 30 Graus CM ,,Dentista,Implantodontia,Componente Protético
Pilar de Retenção O Ring HE ,,Dentista,Implantodontia,Componente Protético
Pilar Estético 4.5mm CM ,,Dentista,Implantodontia,Componente Protético
Pilar Estético HE ,,Dentista,Implantodontia,Componente Protético
Pilar Regular 3.5mm CM ,,Dentista,Implantodontia,Componente Protético
Pilar Regular HE ,,Dentista,Implantodontia,Componente Protético
Pilar Regular LZ ,,Dentista,Implantodontia,Componente Protético
Pinça Adson com Dente ,,Dentista,Cirurgia e Periodontia,Instrumentais Cirúrgicos
Pinça Diethrich Dissecção ,,Dentista,Cirurgia e Periodontia,Instrumentais Cirúrgicos
Pinça Adson ,,Dentista,Cirurgia e Periodontia,Instrumentais Cirúrgicos
Pinça Adson 12cm ,,Dentista,Cirurgia e Periodontia,Instrumentais Cirúrgicos
Pinça Adson 1x2 12cm ,,Dentista,Cirurgia e Periodontia,Instrumentais Cirúrgicos
Pinça Adson Brown ,,Dentista,Cirurgia e Periodontia,Instrumentais Cirúrgicos
Pinça Adson com Serrilha ,,Dentista,Cirurgia e Periodontia,Instrumentais Cirúrgicos
Pinça Allis 15cm ,,Dentista,Cirurgia e Periodontia,Instrumentais Cirúrgicos
Pinça Allis 5x6 Dentes ,,Dentista,Cirurgia e Periodontia,Instrumentais Cirúrgicos
Pinça Anatômica ,,Dentista,Cirurgia e Periodontia,Instrumentais Cirúrgicos
Pinça Anatômica Dente de Rato ,,Dentista,Cirurgia e Periodontia,Instrumentais Cirúrgicos
Pinça Anatômica Dente de Rato 16cm ,,Dentista,Cirurgia e Periodontia,Instrumentais Cirúrgicos
Pinça Anatômica Dissecção ,,Dentista,Cirurgia e Periodontia,Instrumentais Cirúrgicos
Pinça Anatômica Dissecção ,,Dentista,Cirurgia e Periodontia,Instrumentais Cirúrgicos
Pinça Anatômica Dissecção ,,Dentista,Cirurgia e Periodontia,Instrumentais Cirúrgicos
Pinça Anatômica Dissecção 14cm ,,Dentista,Cirurgia e Periodontia,Instrumentais Cirúrgicos
Pinça Aplicadora de MTA ,,Dentista,Endodontia,Acessórios para Endodontia
Pinça Auxiliar Para Sutura ,,Dentista,Cirurgia e Periodontia,Instrumentais Cirúrgicos
Pinça Auxiliar Sutura Black Diamond ,,Dentista,Cirurgia e Periodontia,Instrumentais Cirúrgicos
Pinça Backaus ,,Dentista,Cirurgia e Periodontia,Instrumentais Cirúrgicos
Pinça Backaus 13cm ,,Dentista,Cirurgia e Periodontia,Instrumentais Cirúrgicos
Pinça Backhaus ,,Dentista,Cirurgia e Periodontia,Instrumentais Cirúrgicos
Pinça Clínica ,,Dentista,Endodontia,Instrumentais Endodônticos
Pinça Clinica 317 ,,Dentista,Endodontia,Instrumentais Endodônticos
Pinça Clínica 317 Black Diamond ,,Dentista,Endodontia,Instrumentais Endodônticos
Pinça Clínica 318 ,,Dentista,Endodontia,Instrumentais Endodônticos
Pinça Clínica Delgado para algodão Black Diamond ,,Dentista,Endodontia,Instrumentais Endodônticos
Pinça Clinica N° 317 Serrilhada Air Collection ,,Dentista,Endodontia,Instrumentais Endodônticos
Pinça Clinica N° 318 Air Collection ,,Dentista,Endodontia,Instrumentais Endodônticos
Pinça Clinica Odontopediatria ,,Dentista,Endodontia,Instrumentais Endodônticos
Pinça Clínica Odontopediatria ,,Dentista,Endodontia,Instrumentais Endodônticos
Pinça Clínica Para Algodão ,,Dentista,Endodontia,Instrumentais Endodônticos
Pinça Clínica Para Algodão ,,Dentista,Endodontia,Instrumentais Endodônticos
Pinça Clínica Para Algodão ,,Dentista,Endodontia,Instrumentais Endodônticos
Pinça Clinica Serrilhada com Trava Air Collection ,,Dentista,Endodontia,Instrumentais Endodônticos
Pinça Clinica Universal ,,Dentista,Endodontia,Instrumentais Endodônticos
Pinça Clínica Universal 317 Duflex ,,Dentista,Endodontia,Instrumentais Endodônticos
Pinça Clínica Universal Lisa Duflex ,,Dentista,Endodontia,Instrumentais Endodônticos
Pinça Clinica Universal Para Algodão ,,Dentista,Endodontia,Instrumentais Endodônticos
Pinça Collin ,,Dentista,Cirurgia e Periodontia,Instrumentais Cirúrgicos
Pinça Collin Coração ,,Dentista,Cirurgia e Periodontia,Instrumentais Cirúrgicos
Pinça Hemostática Crile ,,Dentista,Cirurgia e Periodontia,Instrumentais Cirúrgicos
Pinça Crille ,,Dentista,Cirurgia e Periodontia,Instrumentais Cirúrgicos
Pinça Curva para Casquetes ,,Dentista,Cirurgia e Periodontia,Instrumentais Cirúrgicos
Pinça Dente de Rato ,,Dentista,Cirurgia e Periodontia,Instrumentais Cirúrgicos
Pinça Dente de Rato ,,Dentista,Cirurgia e Periodontia,Instrumentais Cirúrgicos
Pinça Dente de Rato ,,Dentista,Cirurgia e Periodontia,Instrumentais Cirúrgicos
Pinça Dente de Rato ,,Dentista,Cirurgia e Periodontia,Instrumentais Cirúrgicos
Pinça Diamantada para Protocolo ,,Dentista,Cirurgia e Periodontia,Instrumentais Cirúrgicos
Pinça Dietrich ,,Dentista,Cirurgia e Periodontia,Instrumentais Cirúrgicos
Pinça Dietrich ,,Dentista,Cirurgia e Periodontia,Instrumentais Cirúrgicos
Pinça Dietrich 20cm ,,Dentista,Cirurgia e Periodontia,Instrumentais Cirúrgicos
Pinça Dietrich Black Diamond ,,Dentista,Cirurgia e Periodontia,Instrumentais Cirúrgicos
Pinça Dietrich Dissecção ,,Dentista,Cirurgia e Periodontia,Instrumentais Cirúrgicos
Pinça Dietrich Dissecção ,,Dentista,Cirurgia e Periodontia,Instrumentais Cirúrgicos
Pinça Dissecção ,,Dentista,Cirurgia e Periodontia,Instrumentais Cirúrgicos
Pinça Endodôntica com Trava ,,Dentista,Endodontia,Instrumentais Endodônticos
Pinça Endodôntica sem Trava ,,Dentista,Endodontia,Instrumentais Endodônticos
Pinça Hemostática Forerster ,,Dentista,Cirurgia e Periodontia,Instrumentais Cirúrgicos
Pinça Guia Fio de Sutura ,,Dentista,Cirurgia e Periodontia,Instrumentais Cirúrgicos
Pinça Halstead Mosquito ,,Dentista,Cirurgia e Periodontia,Instrumentais Cirúrgicos
Pinça Halstead Mosquito ,,Dentista,Cirurgia e Periodontia,Instrumentais Cirúrgicos
Pinça Halstead Mosquito ,,Dentista,Cirurgia e Periodontia,Instrumentais Cirúrgicos
Pinça Hemostática Kelly ,,Dentista,Cirurgia e Periodontia,Instrumentais Cirúrgicos
Pinça Hemostática Kelly 14cm ,,Dentista,Cirurgia e Periodontia,Instrumentais Cirúrgicos
Pinça Kelly Curva ,,Dentista,Cirurgia e Periodontia,Instrumentais Cirúrgicos
Pinça Kelly Reta ,,Dentista,Cirurgia e Periodontia,Instrumentais Cirúrgicos
Pinça Lite 317 Duflex ,,Dentista,Cirurgia e Periodontia,Instrumentais Cirúrgicos
Pinça Micro Anatômica Dente de Rato ,,Dentista,Cirurgia e Periodontia,Instrumentais Cirúrgicos
Pinça Mosquito ,,Dentista,Cirurgia e Periodontia,Instrumentais Cirúrgicos
Pinça Mosquito ,,Dentista,Cirurgia e Periodontia,Instrumentais Cirúrgicos
Pinça Muller Dupla Black Diamond ,,Dentista,Cirurgia e Periodontia,Instrumentais Cirúrgicos
Pinça Ortodôntica Curta Posicionadora de Bráquetes ,,Dentista,Ortodontia,Instrumentos Ortodônticos
Pinça Ortodôntica Para Bráquetes ,,Dentista,Ortodontia,Instrumentos Ortodônticos
Pinça Ortodôntica Para Bráquetes ,,Dentista,Ortodontia,Instrumentos Ortodônticos
Pinça Ortodôntica Para Bráquetes ,,Dentista,Ortodontia,Instrumentos Ortodônticos
Pinça Ortodôntica Para Tubos ,,Dentista,Ortodontia,Instrumentos Ortodônticos
Pinça para Bráquetes Y3034 ,,Dentista,Ortodontia,Instrumentos Ortodônticos
Pinça Para Carbono Tipo Muller ,,Dentista,Prótese Clínica e Reabilitação Oral,Instrumentos para Prótese
Pinça para Carbono Tipo Muller ,,Dentista,Prótese Clínica e Reabilitação Oral,Instrumentos para Prótese
Pinça Para Carbono Tipo Muller ,,Dentista,Prótese Clínica e Reabilitação Oral,Instrumentos para Prótese
Pinça para Carbono Tipo Muller ,,Dentista,Prótese Clínica e Reabilitação Oral,Instrumentos para Prótese
Pinça para Colagem Bráquete Black Diamond ,,Dentista,Ortodontia,Instrumentos Ortodônticos
Pinça para Colagem de Bráquetes ,,Dentista,Ortodontia,Instrumentos Ortodônticos
Pinça para Colagem de Tubos Black Diamond ,,Dentista,Ortodontia,Instrumentos Ortodônticos
Pinça para Colagem/Porta Bráquete ,,Dentista,Ortodontia,Instrumentos Ortodônticos
Pinça para Êmbolo e Anel ,,Dentista,Cirurgia e Periodontia,Instrumentais Cirúrgicos
Pinça para Endo com Trava ,,Dentista,Endodontia,Instrumentais Endodônticos
Pinça para Enxerto Fenestrada ,,Dentista,Cirurgia e Periodontia,Instrumentais Cirúrgicos
Pinça para Tubo ,,Dentista,Ortodontia,Instrumentos Ortodônticos
Pinça para Tubo ,,Dentista,Ortodontia,Instrumentos Ortodônticos
Pinça Hemostática Pean 14cm ,,Dentista,Cirurgia e Periodontia,Instrumentais Cirúrgicos
Pinça Pean ,,Dentista,Cirurgia e Periodontia,Instrumentais Cirúrgicos
Pinça Pean ,,Dentista,Cirurgia e Periodontia,Instrumentais Cirúrgicos
Pinça Perry Com Canaleta ,,Dentista,Endodontia,Instrumentais Endodônticos
Pinça Perry com Canaleta ,,Dentista,Endodontia,Instrumentais Endodônticos
Pinça Porta Bráquete Brackter Millennium Orto ,,Dentista,Ortodontia,Instrumentos Ortodônticos
Pinça Porta Enxerto Black Diamond ,,Dentista,Cirurgia e Periodontia,Instrumentais Cirúrgicos
Pinça Porta Grampo ,,Dentista,Endodontia,Materiais para Isolamento
Pinça Porta Grampo Brewer ,,Dentista,Endodontia,Materiais para Isolamento
Pinça Porta Grampo Palmer ,,Dentista,Endodontia,Materiais para Isolamento
Pinça Porta Grampo Palmer ,,Dentista,Endodontia,Materiais para Isolamento
Pinça Porta Grampo Palmer ,,Dentista,Endodontia,Materiais para Isolamento
Pinça Porta Grampo Palmer ,,Dentista,Endodontia,Materiais para Isolamento
Pinça Porta Grampo Palmer Com Serrilha ,,Dentista,Endodontia,Materiais para Isolamento
Pinça Porta Grampo Palmer Serrilhada ,,Dentista,Endodontia,Materiais para Isolamento
Pinça Porta Grampo Serrilhada Duflex ,,Dentista,Endodontia,Materiais para Isolamento
Pinça Posicionadora de Amarrilho ,,Dentista,Ortodontia,Instrumentos Ortodônticos
Pinça Stieglitz ,,Dentista,Endodontia,Instrumentais Endodônticos
"Pino de Fibra de Vidro Cônico Duplo Nº 0,5 ",,Dentista,Prótese Clínica e Reabilitação Oral,Materiais para Ajuste e Acabamento
Pino de Fibra de Vidro Cônico Duplo Nº 1 ,,Dentista,Prótese Clínica e Reabilitação Oral,Materiais para Ajuste e Acabamento
Pino de Fibra de Vidro Durevole ,,Dentista,Prótese Clínica e Reabilitação Oral,Materiais para Ajuste e Acabamento
Pino de Fibra de Vidro Exacto ,,Dentista,Prótese Clínica e Reabilitação Oral,Materiais para Ajuste e Acabamento
Pino de Fibra de Vidro Exacto ,,Dentista,Prótese Clínica e Reabilitação Oral,Materiais para Ajuste e Acabamento
Pino de Fibra de Vidro Exacto ,,Dentista,Prótese Clínica e Reabilitação Oral,Materiais para Ajuste e Acabamento
Pino de Fibra de Vidro Exacto ,,Dentista,Prótese Clínica e Reabilitação Oral,Materiais para Ajuste e Acabamento
Pino de Fibra de Vidro Fiber Post ,,Dentista,Prótese Clínica e Reabilitação Oral,Materiais para Ajuste e Acabamento
Pino de Fibra de Vidro Lyspost ,,Dentista,Prótese Clínica e Reabilitação Oral,Materiais para Ajuste e Acabamento
Pino de Fibra de Vidro Rebilda Post ,,Dentista,Prótese Clínica e Reabilitação Oral,Materiais para Ajuste e Acabamento
Pino de Fibra de Vidro Rebilda Post System ,,Dentista,Prótese Clínica e Reabilitação Oral,Materiais para Ajuste e Acabamento
Pino de Fibra de Vidro Reforpin ,,Dentista,Prótese Clínica e Reabilitação Oral,Materiais para Ajuste e Acabamento
Pino de Fibra de Vidro Reforpost ,,Dentista,Prótese Clínica e Reabilitação Oral,Materiais para Ajuste e Acabamento
Pino de Fibra de Vidro Reforpost ,,Dentista,Prótese Clínica e Reabilitação Oral,Materiais para Ajuste e Acabamento
Pino de Fibra de Vidro Sort Translúcido 5Unid. ,,Dentista,Prótese Clínica e Reabilitação Oral,Materiais para Ajuste e Acabamento
Pino de Fibra de Vidro Splendor Universal ,,Dentista,Prótese Clínica e Reabilitação Oral,Materiais para Ajuste e Acabamento
Pino de Fibra de Vidro Superpost+ Estriado ,,Dentista,Prótese Clínica e Reabilitação Oral,Materiais para Ajuste e Acabamento
Pino de Fibra de Vidro Superpost+ Estriado ,,Dentista,Prótese Clínica e Reabilitação Oral,Materiais para Ajuste e Acabamento
Pino de Fibra de Vidro Superpost+ Liso ,,Dentista,Prótese Clínica e Reabilitação Oral,Materiais para Ajuste e Acabamento
Pino de Fibra de Vidro Superpost+ Liso ,,Dentista,Prótese Clínica e Reabilitação Oral,Materiais para Ajuste e Acabamento
Pino de Fibra de Vidro Superpost+ RT Max Refil ,,Dentista,Prótese Clínica e Reabilitação Oral,Materiais para Ajuste e Acabamento
Pino de Fibra de Vidro Superpost+ RT Max Refil ,,Dentista,Prótese Clínica e Reabilitação Oral,Materiais para Ajuste e Acabamento
Pino de Fibra de Vidro Support Glass Dupla Conicidade ,,Dentista,Prótese Clínica e Reabilitação Oral,Materiais para Ajuste e Acabamento
Pino de Fibra de Vidro Support Glass Retentivo ,,Dentista,Prótese Clínica e Reabilitação Oral,Materiais para Ajuste e Acabamento
Pino de Fibra de Vidro System Whitepost DC Refil ,,Dentista,Prótese Clínica e Reabilitação Oral,Materiais para Ajuste e Acabamento
"Pino de Fibra de Vidro Translúcido 0,5 + Broca Nº 0,5 ",,Dentista,Prótese Clínica e Reabilitação Oral,Materiais para Ajuste e Acabamento
"Pino de Fibra de Vidro Translúcido 0,5 5Unid. ",,Dentista,Prótese Clínica e Reabilitação Oral,Materiais para Ajuste e Acabamento
Pino de Fibra de Vidro Translúcido 1 + Broca Nº 1 ,,Dentista,Prótese Clínica e Reabilitação Oral,Materiais para Ajuste e Acabamento
Pino de Fibra de Vidro Translúcido 1 5Unid. ,,Dentista,Prótese Clínica e Reabilitação Oral,Materiais para Ajuste e Acabamento
Pino de Fibra de Vidro Translúcido 2 + Broca Nº 2 ,,Dentista,Prótese Clínica e Reabilitação Oral,Materiais para Ajuste e Acabamento
Pino de Fibra de Vidro Translúcido 2 5Unid. ,,Dentista,Prótese Clínica e Reabilitação Oral,Materiais para Ajuste e Acabamento
Pino de Fibra de Vidro Translúcido 3 + Broca Nº 3 ,,Dentista,Prótese Clínica e Reabilitação Oral,Materiais para Ajuste e Acabamento
Pino de Fibra de Vidro Translúcido 3 5Unid. ,,Dentista,Prótese Clínica e Reabilitação Oral,Materiais para Ajuste e Acabamento
Pino de Fibra de Vidro Whitepost System DC E ,,Dentista,Prótese Clínica e Reabilitação Oral,Materiais para Ajuste e Acabamento
Pino de Fibra de Vidro Whitepost System DC E Intro 1 ,,Dentista,Prótese Clínica e Reabilitação Oral,Materiais para Ajuste e Acabamento
"Pino de Fibra de Vidro Whitepost System DC E Intro Nº 0,5 5unid. + Broca ",,Dentista,Prótese Clínica e Reabilitação Oral,Materiais para Ajuste e Acabamento
Pino de Fibra de Vidro Whitepost System DC E Intro Nº 2 5unid. + Broca ,,Dentista,Prótese Clínica e Reabilitação Oral,Materiais para Ajuste e Acabamento
Pino de Fibra de Vidro Whitepost System DC E Refil 1 ,,Dentista,Prótese Clínica e Reabilitação Oral,Materiais para Ajuste e Acabamento
Pino de Fibra de Vidro Whitepost System DC E Refil 2 ,,Dentista,Prótese Clínica e Reabilitação Oral,Materiais para Ajuste e Acabamento
Pino de Fibra de Vidro Whitepost System DC Intro 2 ,,Dentista,Prótese Clínica e Reabilitação Oral,Materiais para Ajuste e Acabamento
Pino de Fibra de Vidro Whitepost System DC Intro Nº 3 5unid. + Broca ,,Dentista,Prótese Clínica e Reabilitação Oral,Materiais para Ajuste e Acabamento
"Pino de Fibra de Vidro Whitepost System DC Refil 0,5/1 ",,Dentista,Prótese Clínica e Reabilitação Oral,Materiais para Ajuste e Acabamento
Pino de Fibra de Vidro Whitepost System DC Refil 2 ,,Dentista,Prótese Clínica e Reabilitação Oral,Materiais para Ajuste e Acabamento
Pino de Fibra de Vidro Whitepost System DC Refil 3 ,,Dentista,Prótese Clínica e Reabilitação Oral,Materiais para Ajuste e Acabamento
Pino Fibra de Vidro Quality Post ,,Dentista,Prótese Clínica e Reabilitação Oral,Materiais para Ajuste e Acabamento
Pino Fibra de Vidro Superpost Opaque Refil ,,Dentista,Prótese Clínica e Reabilitação Oral,Materiais para Ajuste e Acabamento
Pino Fibra de Vidro Superpost Opaque Refil ,,Dentista,Prótese Clínica e Reabilitação Oral,Materiais para Ajuste e Acabamento
Pino Fibra Vidro System Whitepost Intro ,,Dentista,Prótese Clínica e Reabilitação Oral,Materiais para Ajuste e Acabamento
Pino Fixação de Guia Cirúrgico Guide ,,Dentista,Implantodontia,Instrumentais para Implantodontia
Pino Metálico de Pivô Dourado ,,Dentista,Prótese Clínica e Reabilitação Oral,Materiais para Ajuste e Acabamento
Pino Metálico Intra Radicular Reforpost I ,,Dentista,Prótese Clínica e Reabilitação Oral,Materiais para Ajuste e Acabamento
Pino Metálico Provisório Metalpin ,,Dentista,Prótese Clínica e Reabilitação Oral,Materiais para Ajuste e Acabamento
Pino Para Moldagem ,,Dentista,Prótese Clínica e Reabilitação Oral,Materiais para Ajuste e Acabamento
Pino para Moldagem Lysjet ,,Dentista,Prótese Clínica e Reabilitação Oral,Materiais para Ajuste e Acabamento
Pino Para Moldagem Pinjet ,,Dentista,Prótese Clínica e Reabilitação Oral,Materiais para Ajuste e Acabamento
Pino para Núcleo Nucleojet ,,Dentista,Prótese Clínica e Reabilitação Oral,Materiais para Ajuste e Acabamento
Aplicador Precision ,,Dentista,Dentística e Estética,Acessórios para Dentística
Kit 1 Pistola Sistema Speed Autoclavável + 30 Pontas Sortidas ,,Dentista,Dentística e Estética,Acessórios para Dentística
Placa de Calibração Kit ,,Laboratório,Equipamentos Laboratório,Equipamentos para Prótese Removível
Placa de Fósforo N°3 ,,Laboratório,Solução Digital,Scanner
Placa de Montagem Magnética ,,Laboratório,Equipamentos Laboratório,Equipamentos para Prótese Removível
Placa de Vidro Lisa 10mm ,,Dentista,Descartáveis,Descartáveis para Laboratório
Placa Lábio Ativa Com Gancho ,,Dentista,Ortodontia,Acessórios Ortodônticos
Placa Lábio Ativa Sem Gancho ,,Dentista,Ortodontia,Acessórios Ortodônticos
Placa Eva Soft 1mm ,,Dentista,Dentística e Estética,Clareadores Dentais
Placa Eva Soft 2mm ,,Dentista,Dentística e Estética,Clareadores Dentais
Placa Eva Soft 3mm Quadrada ,,Dentista,Dentística e Estética,Clareadores Dentais
Placa Moldeira Whitedent 1mm ,,Dentista,Dentística e Estética,Clareadores Dentais
Placa Moldeira Whitedent 1mm ,,Dentista,Dentística e Estética,Clareadores Dentais
Placa Moldeira Whitedent 2mm ,,Dentista,Dentística e Estética,Clareadores Dentais
Placa Moldeira Whitedent 3mm ,,Dentista,Dentística e Estética,Clareadores Dentais
Placa para Moldeira ,,Dentista,Dentística e Estética,Clareadores Dentais
Placa para Moldeira ,,Dentista,Dentística e Estética,Clareadores Dentais
Placa para Moldeira ,,Dentista,Dentística e Estética,Clareadores Dentais
Placa para Moldeira ,,Dentista,Dentística e Estética,Clareadores Dentais
Placa para Moldeira ,,Dentista,Dentística e Estética,Clareadores Dentais
Placa para Moldeira (Pet,,Dentista,Dentística e Estética,Clareadores Dentais
Placa para Moldeira Cristal ,,Dentista,Dentística e Estética,Clareadores Dentais
Placa para Moldeira Cristal ,,Dentista,Dentística e Estética,Clareadores Dentais
Placa para Moldeira Cristal ,,Dentista,Dentística e Estética,Clareadores Dentais
Placa para Moldeira Cristal 2mm ,,Dentista,Dentística e Estética,Clareadores Dentais
Placa para Moldeira Cristal Redonda 1mm ,,Dentista,Dentística e Estética,Clareadores Dentais
Placa para Moldeira de Bruxismo Cristal (Pet,,Dentista,Dentística e Estética,Clareadores Dentais
Placa para Moldeira de Clareamento Clàriant Tray ,,Dentista,Dentística e Estética,Clareadores Dentais
Placa para Moldeira de Clareamento Cristal (PVC) ,,Dentista,Dentística e Estética,Clareadores Dentais
Placa para Moldeira de Clareamento Whiteness ,,Dentista,Dentística e Estética,Clareadores Dentais
Placa para Moldeira de Clareamento Whiteness ,,Dentista,Dentística e Estética,Clareadores Dentais
Placa para Moldeira de Clareamento Whiteness 2mm ,,Dentista,Dentística e Estética,Clareadores Dentais
Placa para Moldeira EVA ,,Dentista,Dentística e Estética,Clareadores Dentais
Placa para Moldeira EVA ,,Dentista,Dentística e Estética,Clareadores Dentais
Placa para Moldeira EVA 1mm ,,Dentista,Dentística e Estética,Clareadores Dentais
Placa para Moldeira EVA 2mm ,,Dentista,Dentística e Estética,Clareadores Dentais
Placa para Moldeira EVA 3mm ,,Dentista,Dentística e Estética,Clareadores Dentais
Placa para Moldeira EVA Soft ,,Dentista,Dentística e Estética,Clareadores Dentais
Placa para Moldeira EVA Soft 2mm ,,Dentista,Dentística e Estética,Clareadores Dentais
Placa para Moldeira Pet,,Dentista,Dentística e Estética,Clareadores Dentais
Placa para Moldeira Pet,,Dentista,Dentística e Estética,Clareadores Dentais
Placa para Moldeira Potenza Stampo de EVA ,,Dentista,Dentística e Estética,Clareadores Dentais
Placa para Moldeira Potenza Stampo de EVA ,,Dentista,Dentística e Estética,Clareadores Dentais
Placa para Moldeira Potenza Stampo de EVA ,,Dentista,Dentística e Estética,Clareadores Dentais
Placa para Moldeira Power Plac ,,Dentista,Dentística e Estética,Clareadores Dentais
Placa para Moldeira Power Plac Quadrada ,,Dentista,Dentística e Estética,Clareadores Dentais
Placa para Moldeira Power Plac Redonda ,,Dentista,Dentística e Estética,Clareadores Dentais
Placa para Moldeira Redonda Pet,,Dentista,Ortodontia,Acessórios Ortodônticos
Placa para Moldeira Soft ,,Dentista,Ortodontia,Acessórios Ortodônticos
Placa para Moldeira Soft ,,Dentista,Ortodontia,Acessórios Ortodônticos
Placa para Moldeira Soft 3mm Redonda ,,Dentista,Dentística e Estética,Clareadores Dentais
"Placa Pet G Cristal Rígida 0,75mm ",,Dentista,Dentística e Estética,Clareadores Dentais
"Placa Pet G Cristal Rígida 1,0mm ",,Dentista,Dentística e Estética,Clareadores Dentais
"Placa Pet G Cristal Rígida 1,5mm ",,Dentista,Dentística e Estética,Clareadores Dentais
"Placa Pet G Cristal Rígida 2,0mm ",,Dentista,Dentística e Estética,Clareadores Dentais
Placa Termomoldável Pet,,Dentista,Ortodontia,Acessórios Ortodônticos
Placa Termoplástica Para Alinhadores Proaligner X ,,Dentista,Ortodontia,Acessórios Ortodônticos
Placa Termoplástica para Alinhadores Proaligner X ,,Dentista,Ortodontia,Acessórios Ortodônticos
Placa Termoplástica para Alinhadores Proaligner X ,,Dentista,Ortodontia,Acessórios Ortodônticos
Placa Termoplástica Para Alinhadores Proaligner X ,,Dentista,Ortodontia,Acessórios Ortodônticos
Plano de Camper ,,Laboratório,Equipamentos Laboratório,Equipamentos para Prótese Removível
Plano de Camper em Polímero ,,Laboratório,Equipamentos Laboratório,Equipamentos para Prótese Removível
Plástico ACE 035 Essix Clear Aligner ,Essix,Dentista,Ortodontia,Acessórios Ortodônticos
Plástico ACE 035 Essix Clear Aligner ,Essix,Dentista,Ortodontia,Acessórios Ortodônticos
Plástico C+ Essix Clear Aligner ,,Dentista,Ortodontia,Acessórios Ortodônticos
Pó Air,,Dentista,Prevenção e Profilaxia,Pastas e Géis Profiláticos
Pó para Profilaxia 3M™ Clinpro™ Prophy Powder ,,Dentista,Prevenção e Profilaxia,Pastas e Géis Profiláticos
Pó Para Profilaxia AIRFLOW® Classic Comfort ,,Dentista,Prevenção e Profilaxia,Pastas e Géis Profiláticos
Polidor de Amálgama Brownie UM ,,Dentista,Dentística e Estética,Acabamento e Polimento
Polidor de Amálgama Greenie UM ,,Dentista,Dentística e Estética,Acabamento e Polimento
Polidor de Amálgama Ultra Alloy Kit CA ,,Dentista,Dentística e Estética,Acabamento e Polimento
Polidor de Amálgama Ultra Alloy Kit CA ,,Dentista,Dentística e Estética,Acabamento e Polimento
Polidor de Cerâmica All Ceramis Diamont CA ,,Laboratório,Materiais para Acabamento e Polimento,Polidores
Polidor de Cerâmica Diamantado Diaceram ,,Laboratório,Materiais para Acabamento e Polimento,Polidores
Polidor de Cerâmica Eve Ecoceram ,,Laboratório,Materiais para Acabamento e Polimento,Polidores
Polidor de Cerâmica Exa Cerapol AR ,,Laboratório,Materiais para Acabamento e Polimento,Polidores
Polidor de Cerâmica Exa Cerapol UM ,,Laboratório,Materiais para Acabamento e Polimento,Polidores
Polidor de Cerâmica Kit 1395 CA ,,Laboratório,Materiais para Acabamento e Polimento,Polidores
Polidor de Cerâmica Montado ,,Laboratório,Materiais para Acabamento e Polimento,Polidores
Polidor de Cerâmica Montado Kit PM ,,Laboratório,Materiais para Acabamento e Polimento,Polidores
Polidor de Cerâmica Ultra,,Laboratório,Materiais para Acabamento e Polimento,Polidores
Polidor de Cerâmica Ultra Cerapol Roda ,,Laboratório,Materiais para Acabamento e Polimento,Polidores
Polidor de Metal Roda de Borracha Especial ,,Laboratório,Materiais para Acabamento e Polimento,Polidores
Polidor de Metal Ultra,,Laboratório,Materiais para Acabamento e Polimento,Polidores
Polidor de Metal Ultra,,Laboratório,Materiais para Acabamento e Polimento,Polidores
Polidor de Metal Ultra Metal Ogiva PM ,,Laboratório,Materiais para Acabamento e Polimento,Polidores
Polidor de Metal Ultra Metal Roda PM ,,Laboratório,Materiais para Acabamento e Polimento,Polidores
Polidor de Metal Roda de Borracha Comum ,,Laboratório,Materiais para Acabamento e Polimento,Polidores
Polidor Kit Clínico para Provisórios 1840 PM ,,Laboratório,Materiais para Acabamento e Polimento,Polidores
Polidor de Resina Espiral Swivel ,,Laboratório,Materiais para Acabamento e Polimento,Polidores
Polidor de Resina Exa,,Laboratório,Materiais para Acabamento e Polimento,Polidores
Polidor de Resina Kit 1899 CA ,,Laboratório,Materiais para Acabamento e Polimento,Polidores
Polidor de Resina Occlupol CA ,,Laboratório,Materiais para Acabamento e Polimento,Polidores
Polidor de Resina Opak Roda CA ,,Laboratório,Materiais para Acabamento e Polimento,Polidores
Polidor de Resina Opti 1 Step Polisher ,,Dentista,Dentística e Estética,Acabamento e Polimento
Polidor de Resina Ultra,,Dentista,Dentística e Estética,Acabamento e Polimento
Polidor de Resina Ultra,,Dentista,Dentística e Estética,Acabamento e Polimento
Polidor de Resina Ultra,,Dentista,Dentística e Estética,Acabamento e Polimento
Polidor de Resina Ultra,,Laboratório,Materiais para Acabamento e Polimento,Polidores
Polidor de Resina Ultra,,Laboratório,Materiais para Acabamento e Polimento,Polidores
Polidor de Resina Composta C.G.I CA ,,Laboratório,Materiais para Acabamento e Polimento,Polidores
Polidor de Resina Composta CA ,,Laboratório,Materiais para Acabamento e Polimento,Polidores
Polidor Diamantado EVE Diapol ,,Laboratório,Materiais para Acabamento e Polimento,Polidores
Polidor Diamantado EVE Diapol ,,Laboratório,Materiais para Acabamento e Polimento,Polidores
Polidor Diamantado EVE Diapol ,,Laboratório,Materiais para Acabamento e Polimento,Polidores
Polidor Diamantado EVE Diapol Espiral ,,Laboratório,Materiais para Acabamento e Polimento,Polidores
Poliéter 3M™ Impregum™ Soft ,Impregum,Dentista,Prótese Clínica e Reabilitação Oral,Materiais para Moldagem
Ponta de Acabamento Dura White FG ,,Dentista,Dentística e Estética,Acabamento e Polimento
Ponta de Aplicação Precision ,,Dentista,Dentística e Estética,Acessórios para Dentística
Ponta de Aplicação Precision Nº 2 Fluidez Alta ,,Dentista,Dentística e Estética,Acessórios para Dentística
Ponta de Aplicação Sistema Speed ,,Dentista,Dentística e Estética,Acessórios para Dentística
Ponta de Aspiração ,,Dentista,Endodontia,Irrigação e Aspiração
Ponta de Aspiração ,,Dentista,Endodontia,Irrigação e Aspiração
Ponta de Aspiração Capillary Tips ,,Dentista,Endodontia,Irrigação e Aspiração
Ponta de Aspiração Curva ,,Dentista,Endodontia,Irrigação e Aspiração
"Ponta de Aspiração Endo Tips 0,014 ",,Dentista,Endodontia,Irrigação e Aspiração
"Ponta de Aspiração Endo Tips 0,06 ",,Dentista,Endodontia,Irrigação e Aspiração
Ponta de Fibra de Vidro Fiberglass ,,Dentista,Prótese Clínica e Reabilitação Oral,Materiais para Ajuste e Acabamento
Ponta de Irrigação Navitip 29GA ,,Dentista,Endodontia,Irrigação e Aspiração
Ponta de Irrigação sem Bisel ,,Dentista,Endodontia,Irrigação e Aspiração
Ponta de Papel Absorvente ,,Dentista,Endodontia,Materiais Obturadores
Ponta de Papel Absorvente ,,Dentista,Endodontia,Materiais Obturadores
Ponta de Papel Absorvente Bulks ,,Dentista,Endodontia,Materiais Obturadores
Ponta de Papel Absorvente Cell Pack Maillefer ,,Dentista,Endodontia,Materiais Obturadores
Ponta de Papel Absorvente Cell Pack Microtipped ,,Dentista,Endodontia,Materiais Obturadores
Ponta de Papel Absorvente Cell Pack Pro Universal ,,Dentista,Endodontia,Materiais Obturadores
Ponta de Papel Absorvente Cell Pack Pro Universal F1 ,,Dentista,Endodontia,Materiais Obturadores
Ponta de Papel Absorvente Cell Pack Recipro ,,Dentista,Endodontia,Materiais Obturadores
Ponta de Papel Absorvente Cellpack ,,Dentista,Endodontia,Materiais Obturadores
Ponta de Papel Absorvente Cellpack ,,Dentista,Endodontia,Materiais Obturadores
Ponta de Papel Absorvente Cellpack ,,Dentista,Endodontia,Materiais Obturadores
Ponta de Papel Absorvente Cellpack Protaper Maillefer ,,Dentista,Endodontia,Materiais Obturadores
Ponta de Papel Absorvente Maillefer ,,Dentista,Endodontia,Materiais Obturadores
Ponta de Papel Absorvente Pro R ,,Dentista,Endodontia,Materiais Obturadores
Ponta de Papel Absorvente ProT ,,Dentista,Endodontia,Materiais Obturadores
Ponta de Papel Absorvente ProTaper Ultimate ,,Dentista,Endodontia,Materiais Obturadores
Ponta de Papel Absorvente TruNatomy Maillefer ,,Dentista,Endodontia,Materiais Obturadores
Ponta de Papel Absorvente Vials ,,Dentista,Endodontia,Materiais Obturadores
Ponta de Polimento Abrasiva de Silicone Optimize ,,Dentista,Dentística e Estética,Acabamento e Polimento
Ponta de Polimento Abrasiva de Silicone Optimize Refil ,,Dentista,Dentística e Estética,Acabamento e Polimento
Ponta de Polimento Charisma EasyShine ,,Dentista,Dentística e Estética,Acabamento e Polimento
Ponta de Seringa Tríplice Triple Tips ,,Dentista,Descartáveis,Barreiras de Proteção
Ponta de Silicone Esthetic Plus Hard ,,Dentista,Dentística e Estética,Acabamento e Polimento
Ponta de Silicone Esthetic Plus Soft ,,Dentista,Dentística e Estética,Acabamento e Polimento
Ponta de Silicone OneGloss ,,Dentista,Dentística e Estética,Acabamento e Polimento
Ponta Descartável PERIOFLOW® Marked Nozzles ,,Dentista,Equipamentos e Peças de Mão,Sistemas Ultrassônicos e Sônicos
Ponta Descartável de Polimento ,,Dentista,Ortodontia,Acessórios Ortodônticos
Broca Carbide N° 1172 CA ,,Laboratório,Dentística e Estética,Acabamento e Polimento
Ponta Diamantada ,,Dentista,Dentística e Estética,Acabamento e Polimento
Ponta Diamantada Chama FG ,,Dentista,Dentística e Estética,Acabamento e Polimento
Ponta Diamantada Chama FG ,,Dentista,Dentística e Estética,Acabamento e Polimento
Ponta Diamantada Chama FG ,,Laboratório,Dentística e Estética,Acabamento e Polimento
Ponta Diamantada Chama FG ,,Laboratório,Dentística e Estética,Acabamento e Polimento
Ponta Diamantada Chama FG ,,Laboratório,Dentística e Estética,Acabamento e Polimento
Ponta Diamantada Cilíndrica Extremidade Chama FG ,,Dentista,Dentística e Estética,Acabamento e Polimento
Ponta Diamantada Cilíndrica Extremidade Ogival FG ,,Dentista,Dentística e Estética,Acabamento e Polimento
Ponta Diamantada Cilíndrica N° 1141 FG ,,Laboratório,Dentística e Estética,Acabamento e Polimento
Ponta Diamantada Cilíndrica N° 2173 FG ,,Laboratório,Dentística e Estética,Acabamento e Polimento
Ponta Diamantada Cilíndrica Torpedo FG ,,Laboratório,Dentística e Estética,Acabamento e Polimento
Ponta Diamantada Cônica Extremidade Arredondada FG ,,Laboratório,Dentística e Estética,Acabamento e Polimento
Ponta Diamantada Cônica Extremidade Arredondada FG ,,Dentista,Dentística e Estética,Acabamento e Polimento
Ponta Diamantada Cônica Extremidade Chama FG ,,Dentista,Dentística e Estética,Acabamento e Polimento
Ponta Diamantada Cônica Extremidade Chama FG ,,Dentista,Dentística e Estética,Acabamento e Polimento
Ponta Diamantada Cônica Extremidade Chama FG ,,Dentista,Dentística e Estética,Acabamento e Polimento
Ponta Diamantada Cônica Extremidade Chama FG ,,Dentista,Dentística e Estética,Acabamento e Polimento
Ponta Diamantada Cônica Extremidade Chama FG ,,Dentista,Dentística e Estética,Acabamento e Polimento
Ponta Diamantada Cônica Extremidade Ogival FG ,,Dentista,Dentística e Estética,Acabamento e Polimento
Ponta Diamantada Cônica Extremidade Plana FG ,,Dentista,Dentística e Estética,Acabamento e Polimento
Ponta Diamantada Cônica FG ,,Dentista,Dentística e Estética,Acabamento e Polimento
Ponta Diamantada Cônica Invertida FG ,,Dentista,Dentística e Estética,Acabamento e Polimento
Ponta Diamantada Cônica Topo Chama FG ,,Dentista,Dentística e Estética,Acabamento e Polimento
Ponta Diamantada Cônica Torpedo Natural FG ,,Dentista,Dentística e Estética,Acabamento e Polimento
Ponta Diamantada Esférica CA,,Dentista,Dentística e Estética,Acabamento e Polimento
Ponta Diamantada Esférica FG ,,Dentista,Dentística e Estética,Acabamento e Polimento
Ponta Diamantada Esférica FG ,,Dentista,Dentística e Estética,Acabamento e Polimento
Ponta Diamantada Esférica FG ,,Dentista,Dentística e Estética,Acabamento e Polimento
Ponta Diamantada Esférica FG ,,Dentista,Dentística e Estética,Acabamento e Polimento
Ponta Diamantada Esférica FG ,,Dentista,Dentística e Estética,Acabamento e Polimento
Ponta Diamantada Esférica FG ,,Dentista,Dentística e Estética,Acabamento e Polimento
Ponta Diamantada Esférica FG ,,Dentista,Dentística e Estética,Acabamento e Polimento
Ponta Diamantada Esférica Longa Natural FG ,,Dentista,Dentística e Estética,Acabamento e Polimento
Ponta Diamantada Esférica NeoDiamond FG ,,Dentista,Dentística e Estética,Acabamento e Polimento
Ponta Diamantada Esférica Nº 1012FS FG ,,Dentista,Dentística e Estética,Acabamento e Polimento
Ponta Diamantada Kit Dent FG ,,Dentista,Dentística e Estética,Acabamento e Polimento
Ponta Diamantada Nº 1016HL FG ,,Dentista,Dentística e Estética,Acabamento e Polimento
Ponta Diamantada PM,,Dentista,Dentística e Estética,Acabamento e Polimento
Ponta Diamantada Roda/Faceta FG ,,Dentista,Dentística e Estética,Acabamento e Polimento
Ponta Enhance ,,Dentista,Dentística e Estética,Acabamento e Polimento
Ponta Lança Para Miniparafuso ,,Dentista,Ortodontia,Acessórios Ortodônticos
Kit Ponta Resina Primma Art Cartucho ,,Dentista,Prótese Clínica e Reabilitação Oral,Instrumentos para Prótese
Kit Ponta Resina Primma Art Cartucho ,,Dentista,Prótese Clínica e Reabilitação Oral,Instrumentos para Prótese
Kit Ponta Resina Primma Art Refil ,,Dentista,Prótese Clínica e Reabilitação Oral,Instrumentos para Prótese
Ponta Misturadora ,,Dentista,Prótese Clínica e Reabilitação Oral,Instrumentos para Prótese
Ponta Misturadora ,,Dentista,Prótese Clínica e Reabilitação Oral,Instrumentos para Prótese
Ponta Misturadora 1:1/2:1 ,,Dentista,Prótese Clínica e Reabilitação Oral,Instrumentos para Prótese
Ponta Misturadora 3D Safemix ,,Dentista,Prótese Clínica e Reabilitação Oral,Instrumentos para Prótese
Ponta Misturadora 3M™ Express™ ,,Dentista,Prótese Clínica e Reabilitação Oral,Instrumentos para Prótese
Ponta Misturadora 3M™ Protemp™ 4 ,,Dentista,Prótese Clínica e Reabilitação Oral,Instrumentos para Prótese
Ponta Misturadora 4:1/10:1 ,,Dentista,Prótese Clínica e Reabilitação Oral,Instrumentos para Prótese
Ponta Misturadora Allcem ,,Dentista,Prótese Clínica e Reabilitação Oral,Instrumentos para Prótese
Ponta Misturadora Allcem Core ,,Dentista,Prótese Clínica e Reabilitação Oral,Instrumentos para Prótese
Ponta Misturadora Amarela ,,Dentista,Prótese Clínica e Reabilitação Oral,Instrumentos para Prótese
Ponta Misturadora Amarela 1:1 ,,Dentista,Prótese Clínica e Reabilitação Oral,Instrumentos para Prótese
Ponta Misturadora Colibri Plus Breakable para Silicone de Adição ,,Dentista,Prótese Clínica e Reabilitação Oral,Instrumentos para Prótese
Ponta Misturadora com Intraoral ,,Dentista,Prótese Clínica e Reabilitação Oral,Instrumentos para Prótese
Ponta Misturadora Fluidos Light e X,,Dentista,Prótese Clínica e Reabilitação Oral,Instrumentos para Prótese
Ponta Misturadora G Cem ,,Dentista,Prótese Clínica e Reabilitação Oral,Instrumentos para Prótese
Ponta Misturadora LuxaCore ,,Dentista,Prótese Clínica e Reabilitação Oral,Instrumentos para Prótese
Ponta Misturadora Maxcem Elite ,,Dentista,Prótese Clínica e Reabilitação Oral,Instrumentos para Prótese
Ponta Misturadora Mixstar Tips ,,Dentista,Prótese Clínica e Reabilitação Oral,Instrumentos para Prótese
Ponta Misturadora Regular ,,Dentista,Prótese Clínica e Reabilitação Oral,Instrumentos para Prótese
Ponta Misturadora Scan Automix Amarela ,,Dentista,Prótese Clínica e Reabilitação Oral,Instrumentos para Prótese
Ponta Misturadora Scan Automix Amarela ,,Dentista,Prótese Clínica e Reabilitação Oral,Instrumentos para Prótese
Ponta Misturadora Scan Automix Azul ,,Dentista,Prótese Clínica e Reabilitação Oral,Instrumentos para Prótese
Ponta Misturadora T,,Dentista,Prótese Clínica e Reabilitação Oral,Instrumentos para Prótese
Ponta Misturadora T,,Dentista,Prótese Clínica e Reabilitação Oral,Instrumentos para Prótese
Ponta Misturadora T,,Dentista,Prótese Clínica e Reabilitação Oral,Instrumentos para Prótese
Ponta Misturadora T Mixer 1:1 / 2:1 para Resina Bisacrílica ,,Dentista,Prótese Clínica e Reabilitação Oral,Instrumentos para Prótese
Ponta Misturadora T Mixer 4:1 / 10:1 para Resina Bisacrílica ,,Dentista,Prótese Clínica e Reabilitação Oral,Instrumentos para Prótese
Ponta Misturadora T Mixer Colibri para Cimento Resinoso ,,Dentista,Prótese Clínica e Reabilitação Oral,Instrumentos para Prótese
Ponta Misturadora T Mixer para Silicone de Adição ,,Dentista,Prótese Clínica e Reabilitação Oral,Instrumentos para Prótese
Ponta Misturadora T Mixer para Silicone de Adição e Registro de Mordida ,,Dentista,Prótese Clínica e Reabilitação Oral,Instrumentos para Prótese
Ponta Misturadora Tempsmart Mixing Tip II ,,Dentista,Prótese Clínica e Reabilitação Oral,Instrumentos para Prótese
Ponta Misturadora Tipo 20 ,,Dentista,Prótese Clínica e Reabilitação Oral,Instrumentos para Prótese
Ponta Misturadora Tipo 6 ,,Dentista,Prótese Clínica e Reabilitação Oral,Instrumentos para Prótese
Kit Ponta de Silicone OneGloss AR + Mandril ,,Dentista,Dentística e Estética,Acabamento e Polimento
Kit Ponta Jiffy Polisher ,,Dentista,Dentística e Estética,Acabamento e Polimento
Ponta Jiffy Polisher Sortido ,,Dentista,Dentística e Estética,Acabamento e Polimento
Ponta Montada OneStep ,,Dentista,Dentística e Estética,Acabamento e Polimento
Ponta OneGloss PS ,,Dentista,Dentística e Estética,Acabamento e Polimento
Ponta OneGloss PS ,,Dentista,Dentística e Estética,Acabamento e Polimento
Ponta OneGloss PS ,,Dentista,Dentística e Estética,Acabamento e Polimento
Ponta para Alicate Removedor de Bráquete Nº 346PR ,,Dentista,Ortodontia,Instrumentos Ortodônticos
Ponta Para Alicate Saca Banda 347R ,,Dentista,Ortodontia,Instrumentos Ortodônticos
Ponta Para Alicate Saca Banda QP00042 ,,Dentista,Ortodontia,Instrumentos Ortodônticos
Ponta para Espátula de Resina Optrasculpt ,,Dentista,Dentística e Estética,Acessórios para Dentística
Ponta para Gotejador Elétrico Waxlectric ,,Dentista,Equipamentos e Peças de Mão,Sistemas Ultrassônicos e Sônicos
Ponta para Gotejador Elétrico Waxlectric Espátula Larga Nº 12 ,,Dentista,Equipamentos e Peças de Mão,Sistemas Ultrassônicos e Sônicos
Ponta para Irrigação 30G ,,Dentista,Endodontia,Irrigação e Aspiração
Ponta Para Irrigação Navitip ,,Dentista,Endodontia,Irrigação e Aspiração
Polidor Jiffy Polisher ,,Dentista,Dentística e Estética,Acabamento e Polimento
Polidor Jiffy Polisher Cup ,,Dentista,Dentística e Estética,Acabamento e Polimento
Polidor Jiffy Polisher Espiral ,,Dentista,Dentística e Estética,Acabamento e Polimento
Ponta Pedra Diamantada PM Disco F Verde ,,Dentista,Prótese Clínica e Reabilitação Oral,Materiais para Ajuste e Acabamento
Ponta Pedra Diamantada PM Disco G Verde ,,Dentista,Prótese Clínica e Reabilitação Oral,Materiais para Ajuste e Acabamento
Ponta Pedra Diamantada Roda G PM ,,Dentista,Prótese Clínica e Reabilitação Oral,Materiais para Ajuste e Acabamento
Ponta Pedra Ninja ,,Dentista,Prótese Clínica e Reabilitação Oral,Materiais para Ajuste e Acabamento
Ponta Termoplastificadora U ,,Dentista,Endodontia,Instrumentais Endodônticos
Kit de Pontas Ultrassônicas ,,Dentista,Equipamentos e Peças de Mão,Sistemas Ultrassônicos e Sônicos
Kit Ponta Ultrassônica P1 Para Implantes ,,Dentista,Equipamentos e Peças de Mão,Sistemas Ultrassônicos e Sônicos
Kit Pontas Ultrassônicas Bone ,,Dentista,Equipamentos e Peças de Mão,Sistemas Ultrassônicos e Sônicos
Kit Pontas Ultrassônicas EX ,,Dentista,Equipamentos e Peças de Mão,Sistemas Ultrassônicos e Sônicos
Ponta Ultrassônica de Cirurgia Óssea US1L ,,Dentista,Equipamentos e Peças de Mão,Sistemas Ultrassônicos e Sônicos
Ponta Ultrassônica de Cirurgia Óssea US1R ,,Dentista,Equipamentos e Peças de Mão,Sistemas Ultrassônicos e Sônicos
Ponta Ultrassônica de Cirurgia Óssea US2 ,,Dentista,Equipamentos e Peças de Mão,Sistemas Ultrassônicos e Sônicos
Ponta Ultrassônica de Periodontia UP2 ,,Dentista,Equipamentos e Peças de Mão,Sistemas Ultrassônicos e Sônicos
Ponta Ultrassônica de Periodontia UP5 ,,Dentista,Equipamentos e Peças de Mão,Sistemas Ultrassônicos e Sônicos
Ponta Ultrassônica Endo H DS 004A ,,Dentista,Equipamentos e Peças de Mão,Sistemas Ultrassônicos e Sônicos
Ponta Ultrassônica para Osteotomias Piezo ,,Dentista,Equipamentos e Peças de Mão,Sistemas Ultrassônicos e Sônicos
Ponta Ultrassônica Piezo ,,Dentista,Equipamentos e Peças de Mão,Sistemas Ultrassônicos e Sônicos
Ponta Ultrassônica Sinus S4 ,,Dentista,Equipamentos e Peças de Mão,Sistemas Ultrassônicos e Sônicos
Ponteira de Arcada Total Radii Plus ,,Dentista,Equipamentos e Peças de Mão,Fotopolimerizadores
Ponteira de Escaneamento para Scanner Intraoral TRIOS 4 ,,Laboratório,Solução Digital,Scanner
Ponteira de Proteção da Unidade Ótica para Scanner Intraoral TRIOS 4  ,,Laboratório,Solução Digital,Scanner
Ponteira de Turbo Curvo para Fotopolimerizador Demi Plus ,,Dentista,Equipamentos e Peças de Mão,Fotopolimerizadores
Ponteira de Turbo Curvo para Fotopolimerizador Demi Plus ,,Dentista,Equipamentos e Peças de Mão,Fotopolimerizadores
Ponteira Dosadora para Resina 3M™ Filtek™ Bulk Fill Flow ,,Dentista,Dentística e Estética,Acessórios para Dentística
Ponteira Dosadora para Resina 3M™ Filtek™ Supreme ,,Dentista,Dentística e Estética,Acessórios para Dentística
Ponteira Led Arcada Total Radii Xpert ,,Dentista,Equipamentos e Peças de Mão,Fotopolimerizadores
Ponteira Led Diagnóstico Radii Xpert ,,Dentista,Equipamentos e Peças de Mão,Fotopolimerizadores
Ponteira Led Multiwave Radii Xpert ,,Dentista,Equipamentos e Peças de Mão,Fotopolimerizadores
Ponteira para cimentação de facetas para Radii Cal e Radii Plus ,,Dentista,Equipamentos e Peças de Mão,Fotopolimerizadores
Ponteira para Dermógrafo Circular Fine ,,Dentista,Harmonização Orofacial,Acessórios para Harmonização Orofacial
Ponteira Turbo+ Estendido para Fotopolimerizador Demi Plus ,,Dentista,Equipamentos e Peças de Mão,Fotopolimerizadores
Ponteira Turbo+ para Fotopolimerizador Demi Plus ,,Dentista,Equipamentos e Peças de Mão,Fotopolimerizadores
Ponteira Ultratip ,,Dentista,Dentística e Estética,Sistemas de Matriz
Ponteira/Lente Magnética Pointcure Valo ,,Dentista,Equipamentos e Peças de Mão,Fotopolimerizadores
Ponteira/Lente Magnética Proxicure Ball Valo ,,Dentista,Equipamentos e Peças de Mão,Fotopolimerizadores
Ponteira/Lente Magnética Translume Valo ,,Dentista,Equipamentos e Peças de Mão,Fotopolimerizadores
Ponteira/Lente Magnética Valo Black Light ,,Dentista,Equipamentos e Peças de Mão,Fotopolimerizadores
Ponteira/Lente Magnética Valo Endoguide ,,Dentista,Equipamentos e Peças de Mão,Fotopolimerizadores
Porcelana de Pintura Vintage Art Universal Glaze GP em Pó ,,Laboratório,Cerâmicas,Cerâmicas Feldspáticas
Porcelana de Pintura Vintage Art Universal Glaze GP em Pó ,,Laboratório,Cerâmicas,Cerâmicas Feldspáticas
Porcelana de Pintura Vintage Art Universal Stains em Pó ,,Laboratório,Cerâmicas,Cerâmicas Feldspáticas
Porcelana Vintage Halo Add On T Incisal ,,Laboratório,Cerâmicas,Cerâmicas Feldspáticas
Porcelana Vintage Halo Corpo ,,Laboratório,Cerâmicas,Cerâmicas Feldspáticas
Porcelana Vintage Halo Corpo ,,Laboratório,Cerâmicas,Cerâmicas Feldspáticas
Porcelana Vintage Halo Corpo Dentes Clareados ,,Laboratório,Cerâmicas,Cerâmicas Feldspáticas
Porcelana Vintage Halo Corpo W1B Dentes Clareados ,,Laboratório,Cerâmicas,Cerâmicas Feldspáticas
Porcelana Vintage Halo Corpo W2B Dentes Clareados ,,Laboratório,Cerâmicas,Cerâmicas Feldspáticas
Porcelana Vintage Halo Corpo W3B Dentes Clareados ,,Laboratório,Cerâmicas,Cerâmicas Feldspáticas
Porcelana Vintage Halo Dentina ,,Laboratório,Cerâmicas,Cerâmicas Feldspáticas
Porcelana Vintage Halo Dentina ,,Laboratório,Cerâmicas,Cerâmicas Feldspáticas
Porcelana Vintage Halo Incisal ,,Laboratório,Cerâmicas,Cerâmicas Feldspáticas
Porcelana Vintage Halo Incisal ,,Laboratório,Cerâmicas,Cerâmicas Feldspáticas
Porcelana Vintage Halo Líquido Opaco ,,Laboratório,Cerâmicas,Cerâmicas Feldspáticas
Porcelana Vintage Halo Líquido Opaco LWF ,,Laboratório,Cerâmicas,Cerâmicas Feldspáticas
Porcelana Vintage Halo Margin ,,Laboratório,Cerâmicas,Cerâmicas Feldspáticas
Porcelana Vintage Halo Opaco ,,Laboratório,Cerâmicas,Cerâmicas Feldspáticas
Porcelana Vintage Halo Opaco Dentes Clareados ,,Laboratório,Cerâmicas,Cerâmicas Feldspáticas
Porcelana Vintage Halo Opal ,,Laboratório,Cerâmicas,Cerâmicas Feldspáticas
Porcelana Vintage Halo Opal ,,Laboratório,Cerâmicas,Cerâmicas Feldspáticas
Porcelana Vintage Halo Opal Incisal ,,Laboratório,Cerâmicas,Cerâmicas Feldspáticas
Porcelana Vintage Halo Opal Incisal ,,Laboratório,Cerâmicas,Cerâmicas Feldspáticas
Porcelana Vintage Halo Red Shift ,,Laboratório,Cerâmicas,Cerâmicas Feldspáticas
Porcelana Vintage Halo Value Minus ,,Laboratório,Cerâmicas,Cerâmicas Feldspáticas
Porcelana Vintage Halo Value Plus ,,Laboratório,Cerâmicas,Cerâmicas Feldspáticas
Porcelana Vintage Líquido de Modelar ,,Laboratório,Cerâmicas,Acessórios para Cerâmica
Porcelana Vintage Líquido de Modelar HC ,,Laboratório,Cerâmicas,Acessórios para Cerâmica
Porta Agulha Mathieu 14 cm ,,Dentista,Cirurgia e Periodontia,Instrumentais Cirúrgicos
Porta Agulha Mathieu para Ligadura Elástica ,,Dentista,Cirurgia e Periodontia,Instrumentais Cirúrgicos
Porta Elástico Bengalinha Acrílico ,,Dentista,Ortodontia,Acessórios Ortodônticos
Porta Ficha Raio,,Radiologia,Imagem e Radiologia,Acessórios para Radiologia
Porta Ficha Raio,,Radiologia,Imagem e Radiologia,Acessórios para Radiologia
Porta Ficha Raio,,Radiologia,Imagem e Radiologia,Acessórios para Radiologia
Porta Ficha Raio,,Radiologia,Imagem e Radiologia,Acessórios para Radiologia
Porta Fio Ortodôntico Case 12 Dourado ,,Dentista,Ortodontia,Acessórios Ortodônticos
Porta Lima Endo 16 Plástico ,,Dentista,Endodontia,Acessórios para Endodontia
Adaptador Para Matriz de Aço Supercap e Supermat ,,Dentista,Dentística e Estética,Sistemas de Matriz
Adaptador Para Matriz Supercap ,,Dentista,Dentística e Estética,Sistemas de Matriz
Porta Matriz Adulto ,,Dentista,Dentística e Estética,Sistemas de Matriz
Porta Matriz Infantil ,,Dentista,Dentística e Estética,Sistemas de Matriz
Porta Matriz Ivory ,,Dentista,Dentística e Estética,Sistemas de Matriz
Porta Matriz Tofflemire ,,Dentista,Dentística e Estética,Sistemas de Matriz
Porta Matriz Tofflemire Adulto ,,Dentista,Dentística e Estética,Sistemas de Matriz
Porta Matriz Tofflemire Adulto ,,Dentista,Dentística e Estética,Sistemas de Matriz
Porta Matriz Tofflemire Infantil ,,Dentista,Dentística e Estética,Sistemas de Matriz
Porta Moldeira ,,Dentista,Ortodontia,Acessórios Ortodônticos
Porta Moldeira Black Piano ,,Dentista,Ortodontia,Acessórios Ortodônticos
Porta Prótese ,,Laboratório,Instrumentos e Ferramentas,Instrumentos para Prótese Removível
Porta Prótese ,,Laboratório,Instrumentos e Ferramentas,Instrumentos para Prótese Removível
Porta Prótese ,,Laboratório,Instrumentos e Ferramentas,Instrumentos para Prótese Removível
Porta Prótese ,,Laboratório,Instrumentos e Ferramentas,Instrumentos para Prótese Removível
Porta Resina Acrílico ,,Dentista,Dentística e Estética,Acessórios para Dentística
Porta Resina Colmeia 33 Furos Dourado ,,Dentista,Dentística e Estética,Acessórios para Dentística
Porta Resina com Grade ,,Dentista,Dentística e Estética,Acessórios para Dentística
Porta Resina New Square 20 Furos ,,Dentista,Dentística e Estética,Acessórios para Dentística
Porta Resina Resinbox ,,Dentista,Dentística e Estética,Acessórios para Dentística
Porta Resina Simples ,,Dentista,Dentística e Estética,Acessórios para Dentística
Porta Resina Simples ,,Dentista,Dentística e Estética,Acessórios para Dentística
Porta Resina Simples ,,Dentista,Dentística e Estética,Acessórios para Dentística
Porta Resina Square 40 Furos ,,Dentista,Dentística e Estética,Acessórios para Dentística
Porta Sugador Odontológico Acrílico ,,Dentista,Descartáveis,Sugadores e Aspiração
Porta Tiras de Lixa ,,Dentista,Dentística e Estética,Acabamento e Polimento
Posicionador de Bráquete ,,Dentista,Ortodontia,Materiais para Contenção
Posicionador de Bráquetes ,,Dentista,Ortodontia,Materiais para Contenção
Posicionador de Elástico Azul ,,Dentista,Ortodontia,Acessórios Ortodônticos
Posicionador de Elásticos ,,Dentista,Ortodontia,Acessórios Ortodônticos
Kit Posicionador Radiográfico Cone Universal ,,Radiologia,Imagem e Radiologia,Acessórios para Radiologia
Kit Posicionador Radiográfico Endo Clarktec ,,Radiologia,Imagem e Radiologia,Acessórios para Radiologia
Kit Posicionador Radiográfico Endo Digital Clarktec ,,Radiologia,Imagem e Radiologia,Acessórios para Radiologia
Kit Posicionador Radiográfico Cone Endo+ Químico ,,Radiologia,Imagem e Radiologia,Acessórios para Radiologia
Posicionador Radiográfico Autoclavável Cone ,,Radiologia,Imagem e Radiologia,Acessórios para Radiologia
Posicionador Radiográfico Autoclavável RH Endo Plus ,,Radiologia,Imagem e Radiologia,Acessórios para Radiologia
Posicionador Radiográfico Cone Autoclavável ,,Radiologia,Imagem e Radiologia,Acessórios para Radiologia
Posicionador Radiográfico Cone Autoclavável ,,Radiologia,Imagem e Radiologia,Acessórios para Radiologia
Posicionador Radiográfico Cone Endo+ Autoclavável ,,Radiologia,Imagem e Radiologia,Acessórios para Radiologia
Posicionador Radiográfico Cone Indicador Digital Universal ,,Radiologia,Imagem e Radiologia,Acessórios para Radiologia
Posicionador Radiográfico Cone Indicator ,,Radiologia,Imagem e Radiologia,Acessórios para Radiologia
Posicionador Radiográfico Cone Indicator ,,Radiologia,Imagem e Radiologia,Acessórios para Radiologia
Posicionador Radiográfico Cone Químico,,Radiologia,Imagem e Radiologia,Acessórios para Radiologia
Posicionador Radiográfico Cone Químico ,,Radiologia,Imagem e Radiologia,Acessórios para Radiologia
Posicionador Radiográfico Endo Rh Plus ,,Radiologia,Imagem e Radiologia,Acessórios para Radiologia
Posicionador Radiográfico FPX Oclusal ,,Radiologia,Imagem e Radiologia,Acessórios para Radiologia
Posicionador Radiográfico FPX Paralelismo ,,Radiologia,Imagem e Radiologia,Acessórios para Radiologia
Posicionador Radiográfico Universal ,,Radiologia,Imagem e Radiologia,Acessórios para Radiologia
Posicionador Radiográfico Universal Químico ,,Radiologia,Imagem e Radiologia,Acessórios para Radiologia
Pote Dappen de Inox Médio ,,Dentista,Dentística e Estética,Acessórios para Dentística
Pote Dappen de Plástico ,,Dentista,Dentística e Estética,Acessórios para Dentística
Pote Dappen de Plástico ,,Dentista,Dentística e Estética,Acessórios para Dentística
Pote Dappen de Plástico ,,Dentista,Dentística e Estética,Acessórios para Dentística
Pote Dappen de Silicone Grande ,,Dentista,Dentística e Estética,Acessórios para Dentística
Pote Dappen de Silicone Pequeno ,,Dentista,Dentística e Estética,Acessórios para Dentística
Pote Dappen de Vidro ,,Dentista,Dentística e Estética,Acessórios para Dentística
Pote Dappen de Vidro ,,Dentista,Dentística e Estética,Acessórios para Dentística
Pote Dappen de Vidro ,,Dentista,Dentística e Estética,Acessórios para Dentística
Pote Dappen de Vidro Azul ,,Dentista,Dentística e Estética,Acessórios para Dentística
Pote Dappen de Vidro Incolor ,,Dentista,Dentística e Estética,Acessórios para Dentística
Pote Dappen de Vidro Incolor ,,Dentista,Dentística e Estética,Acessórios para Dentística
Pote Dappen Dedal ,,Dentista,Dentística e Estética,Acessórios para Dentística
Pote Dappen Plástico ,,Dentista,Dentística e Estética,Acessórios para Dentística
Pote Dappen Plástico ,,Dentista,Dentística e Estética,Acessórios para Dentística
Pote Dappen Silicone Grande ,,Dentista,Dentística e Estética,Acessórios para Dentística
Pote Dappen Silicone Pequeno ,,Dentista,Dentística e Estética,Acessórios para Dentística
Pote Dappen Vidro Incolor ,,Dentista,Dentística e Estética,Acessórios para Dentística
Pote Paladon de Plástico ,,Laboratório,Instrumentos e Ferramentas,Instrumentos para Prótese Removível
Pote Paladon de Silicone com Tampa ,,Laboratório,Instrumentos e Ferramentas,Instrumentos para Prótese Removível
Pote Paladon de Silicone com Tampa ,,Laboratório,Instrumentos e Ferramentas,Instrumentos para Prótese Removível
Pote Paladon de Silicone com Tampa ,,Laboratório,Instrumentos e Ferramentas,Instrumentos para Prótese Removível
Pote Paladon de Silicone com Tampa Azul Claro ,,Laboratório,Instrumentos e Ferramentas,Instrumentos para Prótese Removível
Pote Paladon de Vidro ,,Laboratório,Instrumentos e Ferramentas,Instrumentos para Prótese Removível
Pote Paladon de Vidro ,,Laboratório,Instrumentos e Ferramentas,Instrumentos para Prótese Removível
Pote Paladon de Vidro Com Tampa ,,Laboratório,Instrumentos e Ferramentas,Instrumentos para Prótese Removível
Pote Paladon de Vidro Com Tampa ,,Laboratório,Instrumentos e Ferramentas,Instrumentos para Prótese Removível
Pote Paladon Incolor com Tampa ,,Laboratório,Instrumentos e Ferramentas,Instrumentos para Prótese Removível
Preenchedor,,Dentista,Harmonização Orofacial,Preenchedores Faciais
Prensa a Ar Air Press EDG Bivolt ,,Laboratório,Equipamentos para Laboratório,Equipamentos para Prótese Removível
Prensa Auxiliar em Alumínio ,,Laboratório,Equipamentos para Laboratório,Equipamentos para Prótese Removível
Prensa Auxiliar para Prótese ,,Laboratório,Equipamentos para Laboratório,Equipamentos para Prótese Removível
Prensa Cocção ,,Laboratório,Equipamentos para Laboratório,Equipamentos para Prótese Removível
Prensa de Bancada ,,Laboratório,Equipamentos para Laboratório,Equipamentos para Prótese Removível
Prensa de Bancada Para 2 Muflas ,,Laboratório,Equipamentos para Laboratório,Equipamentos para Prótese Removível
Prensa Fácil para Injeção Cerâmica Analógica ,,Laboratório,Equipamentos para Laboratório,Equipamentos para Prótese Removível
Prensa Hidráulica ,,Laboratório,Equipamentos para Laboratório,Equipamentos para Prótese Removível
Prensa Hidráulica ,,Laboratório,Equipamentos para Laboratório,Equipamentos para Prótese Removível
Prensa Hidráulica Maxx 2 ,,Laboratório,Equipamentos para Laboratório,Equipamentos para Prótese Removível
Prensa para Cocção Zincada ,,Laboratório,Equipamentos para Laboratório,Equipamentos para Prótese Removível
Prensa Pneumática Evolution Press ,,Laboratório,Equipamentos para Laboratório,Equipamentos para Prótese Removível
Prensa Propress ,,Laboratório,Equipamentos para Laboratório,Equipamentos para Prótese Removível
Prolongador de Brocas ,,Dentista,Implantodontia,Instrumentais para Implantodontia
Propé Amarelo 30GR ,,Dentista,Biossegurança,Equipamentos de Proteção Individual (EPIs)
Propé Descartável 20G Colorido ,,Dentista,Biossegurança,Equipamentos de Proteção Individual (EPIs)
Propé Descartável Branco 30g ,,Dentista,Biossegurança,Equipamentos de Proteção Individual (EPIs)
Propé Descartável Colorido 30G ,,Dentista,Biossegurança,Equipamentos de Proteção Individual (EPIs)
Protetor de Bráquetes Fix Comfort ,,Dentista,Ortodontia,Acessórios Ortodônticos
Protetor de Bráquetes Orthoprotect ,,Dentista,Ortodontia,Acessórios Ortodônticos
Protetor de Bráquetes Top Comfort ,,Dentista,Ortodontia,Acessórios Ortodônticos
Protetor de Luz para Radii Xpert ,,Dentista,Equipamentos e Peças de Mão,Fotopolimerizadores
Protetor de Luz Valo Cordless Light Shield ,,Dentista,Equipamentos e Peças de Mão,Fotopolimerizadores
Protetor de Luz Valo Light Shield ,,Dentista,Equipamentos e Peças de Mão,Fotopolimerizadores
Protetor de Mangueira ,,Dentista,Consultorio Odontológico,Acessórios para Equipamentos
Protetor de Silicone Matriz Universal ,,Dentista,Dentística e Estética,Sistemas de Matriz
Protetor de Silicone Triangular Unimatrix R ,,Dentista,Dentística e Estética,Sistemas de Matriz
"Protetor de Tireóide Adulto 0,25mm ",,Radiologia,Imagem e Radiologia,Proteção Radiológica
Protetor Tireóide Adulto ,,Radiologia,Imagem e Radiologia,Proteção Radiológica
Protetor Tireóide para Paciente Adulto ,,Radiologia,Imagem e Radiologia,Proteção Radiológica
Protetor Tireóide para Paciente Infantil ,,Radiologia,Imagem e Radiologia,Proteção Radiológica
Protetor do Mini Pilar 4.8mm ,,Dentista,Implantodontia,Componente Protético
Escudo Facial Standard Transparente ,,Dentista,Biossegurança,Equipamentos de Proteção Individual (EPIs)
Protetor Facial ProFace com Lupa ,,Dentista,Biossegurança,Equipamentos de Proteção Individual (EPIs)
Protetor Facial Transparente com Elástico ,,Dentista,Biossegurança,Equipamentos de Proteção Individual (EPIs)
Hidratante Labial Potenza Idrata ,,Dentista,Prevenção e Profilaxia,Pastas e Géis Profiláticos
Protetor Labial ,,Dentista,Prevenção e Profilaxia,Pastas e Géis Profiláticos
Protetor Labial Liplys ,,Dentista,Prevenção e Profilaxia,Pastas e Géis Profiláticos
Protetor Labial Liplys Tutti,,Dentista,Ortodontia,Acessórios Ortodônticos
Protetor Ocular Gota ,,Dentista,Equipamentos e Peças de Mão,Fotopolimerizadores
Protetor Ocular Raquete ,,Dentista,Equipamentos e Peças de Mão,Fotopolimerizadores
Protetor Ocular Raquete ,,Dentista,Equipamentos e Peças de Mão,Fotopolimerizadores
Protetor Pulpar Theracal LC ,,Dentista,Endodontia,Acessórios para Endodontia
PRP Solução Endodôntica ,,Dentista,Endodontia,Irrigação e Aspiração
Pulseira para Terapia ILIB ,,Dentista,Harmonização Orofacial,Acessórios para Harmonização Orofacial
Radiofrequência Multipolar e Multifrequência Límine ,,Dentista,Harmonização Orofacial,Acessórios para Harmonização Orofacial
Recipiente para Solução de Limpeza Azul ,,Dentista,Equipamentos e Peças de Mão,Sistemas Ultrassônicos e Sônicos
Recipiente Transparente de Água AIRFLOW® One ,,Dentista,Equipamentos e Peças de Mão,Sistemas Ultrassônicos e Sônicos
Recipiente Transparente de Água AIRFLOW® Prophylaxis Master ,,Dentista,Equipamentos e Peças de Mão,Sistemas Ultrassônicos e Sônicos
Recipiente Y ,,Radiologia,Imagem e Radiologia,Processamento de Filmes
Recortador de Gesso com Irrigação Automática ,,Laboratório,Equipamentos para Laboratório,Equipamentos para Moldagem e Modelos
Recortador de Gesso Com Politriz e Irrigação Automática ,,Laboratório,Equipamentos para Laboratório,Equipamentos para Moldagem e Modelos
Recortador De Gesso Diamond ,,Laboratório,Equipamentos para Laboratório,Equipamentos para Moldagem e Modelos
Recortador de Gesso Diamond Prime ,,Laboratório,Equipamentos para Laboratório,Equipamentos para Moldagem e Modelos
Recortador de Gesso Evolution ,,Laboratório,Equipamentos para Laboratório,Equipamentos para Moldagem e Modelos
Recortador de Gesso Evolution Diamond Disc ,,Laboratório,Equipamentos para Laboratório,Equipamentos para Moldagem e Modelos
Recortador de Gesso MT Plus Marathon ,,Laboratório,Equipamentos para Laboratório,Equipamentos para Moldagem e Modelos
Recortador de Gesso MT3 Marathon ,,Laboratório,Equipamentos para Laboratório,Equipamentos para Moldagem e Modelos
Recortador De Gesso Premium ,,Laboratório,Equipamentos para Laboratório,Equipamentos para Moldagem e Modelos
Recortador De Gesso Turbo Plus ,,Laboratório,Equipamentos para Laboratório,Equipamentos para Moldagem e Modelos
Kit Reembasador Cold Liner Reembase ,,Dentista,Prótese Clínica e Reabilitação Oral,Materiais para Reembasamento
Kit Reembasador Cold Liner Reembase ,,Dentista,Prótese Clínica e Reabilitação Oral,Materiais para Reembasamento
Kit Reembasador Dentusoft ,,Dentista,Prótese Clínica e Reabilitação Oral,Materiais para Reembasamento
Kit Reembasador Soft Provisório ,,Dentista,Prótese Clínica e Reabilitação Oral,Materiais para Reembasamento
Kit Reembasador Soft Rebase ,,Dentista,Prótese Clínica e Reabilitação Oral,Materiais para Reembasamento
Kit Reembasador Ufi Gel SC ,,Dentista,Prótese Clínica e Reabilitação Oral,Materiais para Reembasamento
Primer Silagum Comfort ,,Dentista,Prótese Clínica e Reabilitação Oral,Materiais para Reembasamento
Reembasador Coe Comfort ,,Dentista,Prótese Clínica e Reabilitação Oral,Materiais para Reembasamento
Reembasador Coe Soft ,,Dentista,Prótese Clínica e Reabilitação Oral,Materiais para Reembasamento
Reembasador Fast II Light Pink Kit ,,Dentista,Prótese Clínica e Reabilitação Oral,Materiais para Reembasamento
Reembasador Kooliner Rígido ,,Dentista,Prótese Clínica e Reabilitação Oral,Materiais para Reembasamento
Reembasador New Truliner ,,Dentista,Prótese Clínica e Reabilitação Oral,Materiais para Reembasamento
Reembasador Silagum Comfort ,,Dentista,Prótese Clínica e Reabilitação Oral,Materiais para Reembasamento
Reembasador Sofreliner Tough Kit Medium ,,Dentista,Prótese Clínica e Reabilitação Oral,Materiais para Reembasamento
Reembasador Trusoft ,,Dentista,Prótese Clínica e Reabilitação Oral,Materiais para Reembasamento
Reembasador Ufi Gel Hard C Kit ,,Dentista,Prótese Clínica e Reabilitação Oral,Materiais para Reembasamento
Reembasador Ufi Gel P ,,Dentista,Prótese Clínica e Reabilitação Oral,Materiais para Reembasamento
Reembasador Ufi Gel SC ,,Dentista,Prótese Clínica e Reabilitação Oral,Materiais para Reembasamento
Refil de Espuma Para Tamborel ,,Dentista,Endodontia,Acessórios para Endodontia
Refil de Tamborel ,,Dentista,Endodontia,Acessórios para Endodontia
Refil para Destilador de Água Multidem ,,Dentista,Equipamentos e Peças de Mão,Equipamentos para Consultório
Régua Anel Endodôntica Milimetrada ,,Dentista,Endodontia,Instrumentais Endodônticos
Régua Anel Endodôntica Milimetrada de Plastico ,,Dentista,Endodontia,Instrumentais Endodônticos
Régua Anel Endodôntica Milimetrada de Plastico com Tamborel ,,Dentista,Endodontia,Instrumentais Endodônticos
Régua de Alumínio Milimetrada Endodôntica ,,Dentista,Endodontia,Instrumentais Endodônticos
Régua Endodôntica Calibradora ,,Dentista,Endodontia,Instrumentais Endodônticos
Régua Endodôntica Calibradora ,,Dentista,Endodontia,Instrumentais Endodônticos
Régua Endodôntica Calibradora Intermedium ,,Dentista,Endodontia,Instrumentais Endodônticos
Régua Endodôntica Calibradora Milimetrada Plástica ,,Dentista,Endodontia,Instrumentais Endodônticos
Régua Endodôntica Milimetrada 3 Furos ,,Dentista,Endodontia,Instrumentais Endodônticos
Régua Endodontica Milimetrada Alumínio ,,Dentista,Endodontia,Instrumentais Endodônticos
Régua Endodôntica Milimetrada Alumínio ,,Dentista,Endodontia,Instrumentais Endodônticos
Régua Endodôntica Milimetrada Alumínio 30mm ,,Dentista,Endodontia,Instrumentais Endodônticos
Régua Endodôntica Milimetrada Alumínio 40mm ,,Dentista,Endodontia,Instrumentais Endodônticos
Régua Endodôntica Milimetrada Alumínio 40mm ,,Dentista,Endodontia,Instrumentais Endodônticos
Régua Endodôntica Milimetrada Calibradora ,,Dentista,Endodontia,Instrumentais Endodônticos
Régua Endodôntica Milimetrada Calibradora com Guilhotina ,,Dentista,Endodontia,Instrumentais Endodônticos
Régua Endodôntica Milimetrada Colors ,,Dentista,Endodontia,Instrumentais Endodônticos
Régua Endodôntica Milimetrada de Plastico Autoclove ,,Dentista,Endodontia,Instrumentais Endodônticos
Régua Endodôntica Milimetrada para Pulso de Plastico com Tamborel ,,Dentista,Endodontia,Instrumentais Endodônticos
Régua Milimetrada Endodôntica Endofit ,,Dentista,Endodontia,Instrumentais Endodônticos
Régua Plástica Flexível ,,Dentista,Endodontia,Instrumentais Endodônticos
Régua Plástica Milimetrada Endodôntica ,,Dentista,Endodontia,Instrumentais Endodônticos
Régua Plástica Milimetrada Endodôntica ,,Dentista,Endodontia,Instrumentais Endodônticos
Régua Plástica Transparente Endodôntica ,,Dentista,Endodontia,Instrumentais Endodônticos
Régua Calibradora ,,Dentista,Endodontia,Instrumentais Endodônticos
Régua de Proporção Aurea Black Diamond ,,Dentista,Endodontia,Instrumentais Endodônticos
Régua de Proporção Áurea ,,Dentista,Endodontia,Instrumentais Endodônticos
Régua Fox com Arco ,,Dentista,Prótese Clínica e Reabilitação Oral,Instrumentos para Prótese
Régua Fox com Arco ,,Dentista,Prótese Clínica e Reabilitação Oral,Instrumentos para Prótese
Régua Fox com Arco ,,Dentista,Prótese Clínica e Reabilitação Oral,Instrumentos para Prótese
Régua Fox com Arco ,,Dentista,Prótese Clínica e Reabilitação Oral,Instrumentos para Prótese
Removedor de Manchas Tartarit 30Ml ,,Dentista,Dentística e Estética,Clareadores Dentais
Removedor de Manchas Whiteness RM ,,Dentista,Dentística e Estética,Clareadores Dentais
Renovador Smart Booster ,,Dentista,Harmonização Orofacial,Acessórios para Harmonização Orofacial
Líquido Autopolimerizável com Crosslink ,,Dentista,Prótese Clínica e Reabilitação Oral,Materiais para Provisórios
Líquido Autopolimerizável Com Crosslink 500Ml ,,Dentista,Prótese Clínica e Reabilitação Oral,Materiais para Provisórios
Líquido Autopolimerizável com Crosslink 5L ,,Laboratório,Resinas e Polímeros,Resinas Acrílicas
Líquido Autopolimerizável com Crosslink Lata 1L ,,Laboratório,Resinas e Polímeros,Resinas Acrílicas
Líquido Autopolimerizável Ortodôntico ,,Dentista,Prótese Clínica e Reabilitação Oral,Materiais para Provisórios
Líquido Autopolimerizável sem Crosslink ,,Dentista,Prótese Clínica e Reabilitação Oral,Materiais para Provisórios
Líquido Autopolimerizável Sem Crosslink 500Ml ,,Dentista,Prótese Clínica e Reabilitação Oral,Materiais para Provisórios
Líquido Autopolimerizável sem Crosslink Lata 1L ,,Laboratório,Resinas e Polímeros,Resinas Acrílicas
Líquido Autopolimerizável sem Crosslink Lata 5L ,,Laboratório,Resinas e Polímeros,Resinas Acrílicas
Resina Orto Clas Tradicional Líquido 250ml ,,Laboratório,Resinas e Polímeros,Resinas Acrílicas
Resina Polident Líquido 30ml ,,Laboratório,Resinas e Polímeros,Resinas Acrílicas
Resina Polident Pó ,,Laboratório,Resinas e Polímeros,Resinas Acrílicas
Resina Acrílica Autopolimerizante Jet Color ,,Laboratório,Resinas e Polímeros,Resinas Acrílicas
Resina Acrílica Autopolimerizável Alike Líquido ,,Laboratório,Resinas e Polímeros,Resinas Acrílicas
Resina Acrílica Autopolimerizável Flash Líquido ,,Laboratório,Resinas e Polímeros,Resinas Acrílicas
Resina Acrílica Autopolimerizável Flash Líquido ,,Laboratório,Resinas e Polímeros,Resinas Acrílicas
Resina Acrílica Autopolimerizável Flash Líquido ,,Laboratório,Resinas e Polímeros,Resinas Acrílicas
Resina Acrílica Autopolimerizável Flash Líquido ,,Laboratório,Resinas e Polímeros,Resinas Acrílicas
Resina Acrílica Autopolimerizável Jet  Líquido ,,Laboratório,Resinas e Polímeros,Resinas Acrílicas
Resina Acrílica Autopolimerizável Jet Líquido ,,Laboratório,Resinas e Polímeros,Resinas Acrílicas
Resina Acrílica Autopolimerizável Jet Líquido ,,Laboratório,Resinas e Polímeros,Resinas Acrílicas
Resina Acrílica Autopolimerizável Jet Líquido ,,Laboratório,Resinas e Polímeros,Resinas Acrílicas
Resina Acrílica Autopolimerizável Jet Líquido ,,Laboratório,Resinas e Polímeros,Resinas Acrílicas
Resina Acrílica Autopolimerizável Jet Líquido ,,Laboratório,Resinas e Polímeros,Resinas Acrílicas
Resina Acrílica Autopolimerizável Líquida ,,Laboratório,Resinas e Polímeros,Resinas Acrílicas
Resina Acrílica Autopolimerizàvel Líquida ,,Laboratório,Resinas e Polímeros,Resinas Acrílicas
Resina Acrílica Autopolimerizàvel Líquida ,,Laboratório,Resinas e Polímeros,Resinas Acrílicas
Resina Acrílica Autopolimerizàvel Líquida ,,Laboratório,Resinas e Polímeros,Resinas Acrílicas
Resina Acrílica Autopolimerizável Líquida TermoCril sem Crosslink ,,Dentista,Prótese Clínica e Reabilitação Oral,Materiais para Provisórios
Resina Acrílica Dencor Lay Líquido ,,Laboratório,Resinas e Polímeros,Resinas Acrílicas
Resina Acrílica Dencôr Líquido ,,Laboratório,Resinas e Polímeros,Resinas Acrílicas
Resina Acrílica Duralay Líquido ,,Laboratório,Resinas e Polímeros,Resinas Acrílicas
Resina Acrílica Líquida com Cross Link + Fluorescente para Provisórios ,,Dentista,Prótese Clínica e Reabilitação Oral,Materiais para Provisórios
Resina Acrílica Pattern Bright Líquida ,,Laboratório,Resinas e Polímeros,Resinas Acrílicas
Resina Acrílica Pattern Resin LS ,,Laboratório,Resinas e Polímeros,Resinas Acrílicas
Resina Acrílica Pattern Resin LS Refil ,,Laboratório,Resinas e Polímeros,Resinas Acrílicas
Resina Acrílica Refine Bright Líquida ,,Laboratório,Resinas e Polímeros,Resinas Acrílicas
Resina Acrílica Refine Bright Pó ,,Laboratório,Resinas e Polímeros,Resinas Acrílicas
Resina Acrílica VIPI Flash Líquido ,,Laboratório,Resinas e Polímeros,Resinas Acrílicas
Resina Acrílica Vipi Wave Líquido ,,Laboratório,Resinas e Polímeros,Resinas Acrílicas
Resina Acrílica Autopolimerizável Orto ,,Laboratório,Resinas e Polímeros,Resinas Acrílicas
Resina Acrílica Autopolimerizável Orto ,,Laboratório,Resinas e Polímeros,Resinas Acrílicas
Resina Acrílica Autopolimerizável Orto ,,Dentista,Prótese Clínica e Reabilitação Oral,Materiais para Provisórios
Resina Acrílica Autopolimerizável Ortodôntica ,,Dentista,Prótese Clínica e Reabilitação Oral,Materiais para Provisórios
Resina Acrílica Autopolimerizável Ortodôntica ,,Dentista,Prótese Clínica e Reabilitação Oral,Materiais para Provisórios
Resina Acrílica Autopolimerizável Ortodôntica 225g ,,Laboratório,Resinas e Polímeros,Resinas Acrílicas
Resina Acrílica Autopolimerizável Ortodôntica 80g ,,Dentista,Prótese Clínica e Reabilitação Oral,Materiais para Provisórios
Resina Acrílica Autopolimerizável Ortodôntica Concentrada 20g ,,Dentista,Prótese Clínica e Reabilitação Oral,Materiais para Provisórios
Resina Acrílica Auto Pattern Bright Pó ,,Laboratório,Resinas e Polímeros,Resinas Acrílicas
Resina Acrílica Autopolimerizável Alike ,,Laboratório,Resinas e Polímeros,Resinas Acrílicas
Resina Acrílica Autopolimerizável Alike Pó ,,Laboratório,Resinas e Polímeros,Resinas Acrílicas
Resina Acrílica Autopolimerizável em Pó ,,Laboratório,Resinas e Polímeros,Resinas Acrílicas
Resina Acrílica Autopolimerizàvel em Pó ,,Laboratório,Resinas e Polímeros,Resinas Acrílicas
Resina Acrílica Autopolimerizàvel em Pó ,,Laboratório,Resinas e Polímeros,Resinas Acrílicas
Resina Acrílica Autopolimerizável Fluorescente Orto ,,Laboratório,Resinas e Polímeros,Resinas Acrílicas
Resina Acrílica Autopolimerizável Jet Pó ,,Laboratório,Resinas e Polímeros,Resinas Acrílicas
Resina Acrílica Autopolimerizável Jet Pó ,,Laboratório,Resinas e Polímeros,Resinas Acrílicas
Resina Acrílica Autopolimerizável Jet Pó ,,Laboratório,Resinas e Polímeros,Resinas Acrílicas
Resina Acrílica Autopolimerizável Jet Pó ,,Laboratório,Resinas e Polímeros,Resinas Acrílicas
Resina Acrílica Autopolimerizável Jet Pó ,,Laboratório,Resinas e Polímeros,Resinas Acrílicas
Resina Acrílica Autopolimerizável Pó ,,Dentista,Prótese Clínica e Reabilitação Oral,Materiais para Provisórios
Resina Acrílica Autopolimerizável Pó 1kg ,,Dentista,Prótese Clínica e Reabilitação Oral,Materiais para Provisórios
Resina Acrílica Autopolimerizável Pó 25G Vermelha ,,Laboratório,Resinas e Polímeros,Resinas Acrílicas
Resina Acrílica Autopolimerizável Pó 450g ,,Dentista,Prótese Clínica e Reabilitação Oral,Materiais para Provisórios
Resina Acrílica Autopolimerizável Resinlay Speed Pattern ,,Laboratório,Resinas e Polímeros,Resinas Acrílicas
Resina Acrílica Cop Clas ,,Laboratório,Resinas e Polímeros,Resinas Acrílicas
Resina Acrílica Dencôr em Pó ,,Laboratório,Resinas e Polímeros,Resinas Acrílicas
Resina Acrílica Dencor Lay em Pó ,,Laboratório,Resinas e Polímeros,Resinas Acrílicas
Resina Acrílica Duralay em Pó ,,Laboratório,Resinas e Polímeros,Resinas Acrílicas
Resina Acrílica Resinlay Speed ,,Laboratório,Resinas e Polímeros,Resinas Acrílicas
Kit Resina Acrílica Duralay Pó e Líquido ,,Laboratório,Resinas e Polímeros,Resinas Acrílicas
Kit Resina Acrílica Pattern Bright ,,Laboratório,Resinas e Polímeros,Resinas Acrílicas
Kit Resina Acrílica Pattern Resin LS ,,Laboratório,Resinas e Polímeros,Resinas Acrílicas
Kit Resina Acrílica Pattern Resin LS ,,Laboratório,Resinas e Polímeros,Resinas Acrílicas
Resina Acrílica Autopolimerizável Pattern Bright Kit,,Laboratório,Resinas e Polímeros,Resinas Acrílicas
Resina Acrílica Autopolimerizável Resinlay Speed Pattern Kit ,,Laboratório,Resinas e Polímeros,Resinas Acrílicas
Resina Acrílica Refine Bright Kit Com Pó e Líquida ,,Laboratório,Resinas e Polímeros,Resinas Acrílicas
Resina Acrílica Bivalente ,,Dentista,Prótese Clínica e Reabilitação Oral,Materiais para Provisórios
Resina Acrílica Bivalente ,,Dentista,Prótese Clínica e Reabilitação Oral,Materiais para Provisórios
Resina Acrílica Bivalente Destacor para Provisórios ,,Dentista,Prótese Clínica e Reabilitação Oral,Materiais para Provisórios
Resina Acrílica Bivalente Destacor para Provisórios ,,Dentista,Prótese Clínica e Reabilitação Oral,Materiais para Provisórios
Resina Acrílica Bivalente Líquida 65 ,,Dentista,Prótese Clínica e Reabilitação Oral,Materiais para Provisórios
Resina Acrílica Fotopolimerizável Resinlay Pasta Pattern Photo ,,Laboratório,Resinas e Polímeros,Resinas Acrílicas
Resina Acrílica Fotopolimerizável Resinlay Pattern Photo Gel ,,Laboratório,Resinas e Polímeros,Resinas Acrílicas
Resina Acrílica Fotopolimerizável Resinlay Pattern Photo Gel Rosa ,,Laboratório,Resinas e Polímeros,Resinas Acrílicas
Resina Acrílica Gel Superlay ,,Laboratório,Resinas e Polímeros,Resinas Acrílicas
Resina Acrílica Onda Cryl ,,Laboratório,Resinas e Polímeros,Resinas Acrílicas
Resina Acrílica Onda Cryl com Crosslink ,,Laboratório,Resinas e Polímeros,Resinas Acrílicas
Resina Acrílica Orto,,Laboratório,Resinas e Polímeros,Resinas Acrílicas
Resina Acrílica Orto Clas ,,Laboratório,Resinas e Polímeros,Resinas Acrílicas
Resina Acrílica Orto Clas com Crosslink ,,Laboratório,Resinas e Polímeros,Resinas Acrílicas
Resina Acrílica Orto Clas Ecológica ,,Laboratório,Resinas e Polímeros,Resinas Acrílicas
Resina Acrílica Orto Clas Ecológica Kit ,,Laboratório,Resinas e Polímeros,Resinas Acrílicas
Líquido Termopolimerizável com Crosslink ,,Dentista,Prótese Clínica e Reabilitação Oral,Materiais para Provisórios
Líquido Termopolimerizável Com Crosslink 500Ml ,,Laboratório,Resinas e Polímeros,Resinas Acrílicas
Líquido Termopolimerizável com Crosslink Lata 1L ,,Laboratório,Resinas e Polímeros,Resinas Acrílicas
Líquido Termopolimerizável sem Crosslink ,,Dentista,Prótese Clínica e Reabilitação Oral,Materiais para Provisórios
Líquido Termopolimerizável Sem Crosslink 500Ml ,,Laboratório,Resinas e Polímeros,Resinas Acrílicas
Líquido Termopolimerizável sem Crosslink Lata 1L ,,Laboratório,Resinas e Polímeros,Resinas Acrílicas
Líquido Termopolimerizável sem Crosslink Lata 5L ,,Laboratório,Resinas e Polímeros,Resinas Acrílicas
Resina Acrílica Termo Líquida ,,Laboratório,Resinas e Polímeros,Resinas Acrílicas
Resina Acrílica Termo Líquida ,,Laboratório,Resinas e Polímeros,Resinas Acrílicas
Resina Acrílica Termopolimerizável Cril Plus Líquido ,,Laboratório,Resinas e Polímeros,Resinas Acrílicas
Resina Acrílica Termopolimerizável Cril Plus Líquido ,,Laboratório,Resinas e Polímeros,Resinas Acrílicas
Resina Acrílica Termopolimerizável Cril Plus Líquido ,,Laboratório,Resinas e Polímeros,Resinas Acrílicas
Resina Acrílica Termopolimerizável Cril Plus Líquido ,,Laboratório,Resinas e Polímeros,Resinas Acrílicas
Resina Acrílica Termopolimerizável Cril Plus Líquido ,,Laboratório,Resinas e Polímeros,Resinas Acrílicas
Resina Acrílica Termopolimerizável Cril Plus Líquido ,,Laboratório,Resinas e Polímeros,Resinas Acrílicas
Resina Acrílica Termopolimerizável Cril Plus Líquido ,,Laboratório,Resinas e Polímeros,Resinas Acrílicas
Resina Acrílica Termopolimerizável Cril Plus Líquido ,,Laboratório,Resinas e Polímeros,Resinas Acrílicas
Resina Acrílica Termopolimerizável Cril Plus Líquido ,,Laboratório,Resinas e Polímeros,Resinas Acrílicas
Resina Acrílica Termopolimerizável Diamond D ,,Laboratório,Resinas e Polímeros,Resinas Acrílicas
Resina Acrílica Termopolimerizável Diamond D ,,Laboratório,Resinas e Polímeros,Resinas Acrílicas
Resina Acrílica Termopolimerizável Líquida ,,Laboratório,Resinas e Polímeros,Resinas Acrílicas
Resina Acrílica Termopolimerizável Líquida ,,Laboratório,Resinas e Polímeros,Resinas Acrílicas
Resina Acrílica Vipi Cril Plus Líquido ,,Laboratório,Resinas e Polímeros,Resinas Acrílicas
Resina Acrílica Destacar Termopolimerizável para Gengiva ,,Dentista,Prótese Clínica e Reabilitação Oral,Materiais para Provisórios
Resina Acrílica Destacar Termopolimerizável para Gengiva ,,Dentista,Prótese Clínica e Reabilitação Oral,Materiais para Provisórios
Resina Acrílica Destacar Termopolimerizável para Gengiva ,,Dentista,Prótese Clínica e Reabilitação Oral,Materiais para Provisórios
Resina Acrílica Gengiva STG Kit ,,Laboratório,Resinas e Polímeros,Resinas Acrílicas
Resina Acrílica Gengiva Termopolimerizável STG Pó ,,Laboratório,Resinas e Polímeros,Resinas Acrílicas
Resina Acrílica Gengiva Termopolimerizável STG Pó ,,Laboratório,Resinas e Polímeros,Resinas Acrílicas
"Resina Acrílica Autopolimerizável Flash Pó Rosa 2,250Kg ",,Laboratório,Resinas e Polímeros,Resinas Acrílicas
Resina Acrílica Pó ,,Laboratório,Resinas e Polímeros,Resinas Acrílicas
Resina Acrílica Termopolimerizável Cril Plus Pó ,,Laboratório,Resinas e Polímeros,Resinas Acrílicas
Resina Acrílica Termopolimerizável Cril Plus Pó ,,Laboratório,Resinas e Polímeros,Resinas Acrílicas
Resina Acrílica Termopolimerizável Cril Plus Pó ,,Laboratório,Resinas e Polímeros,Resinas Acrílicas
Resina Acrílica Termopolimerizável Cril Plus Pó ,,Laboratório,Resinas e Polímeros,Resinas Acrílicas
Resina Acrílica Termopolimerizável Cril Plus Pó ,,Laboratório,Resinas e Polímeros,Resinas Acrílicas
Resina Acrílica Termopolimerizável Diamond D ,,Laboratório,Resinas e Polímeros,Resinas Acrílicas
Resina Acrílica Termopolimerizável em Pó ,,Laboratório,Resinas e Polímeros,Resinas Acrílicas
Resina Acrílica Termopolimerizável Gengiva SCT 80g ,,Dentista,Prótese Clínica e Reabilitação Oral,Materiais para Provisórios
Resina Acrílica Termopolimerizável Micro ondas em Pó 1kg ,,Laboratório,Resinas e Polímeros,Resinas Acrílicas
Resina Acrílica Termopolimerizável Micro ondas em Pó 225g ,,Laboratório,Resinas e Polímeros,Resinas Acrílicas
Resina Acrílica Termopolimerizável Pó ,,Laboratório,Resinas e Polímeros,Resinas Acrílicas
Resina Acrílica Termopolimerizável Pó ,,Laboratório,Resinas e Polímeros,Resinas Acrílicas
Resina Acrílica Termopolimerizável Pó 450g ,,Dentista,Prótese Clínica e Reabilitação Oral,Materiais para Provisórios
Resina Acrílica Termopolimerizável Pó Rosa Médio Com Veia ,,Laboratório,Resinas e Polímeros,Resinas Acrílicas
Resina Acrílica Termopolimerizável Wave Pó ,,Laboratório,Resinas e Polímeros,Resinas Acrílicas
Resina Acrílica Vipi Cril Plus Pó ,,Laboratório,Resinas e Polímeros,Resinas Acrílicas
Resina Acrílica Vipi Wave Pó ,,Laboratório,Resinas e Polímeros,Resinas Acrílicas
Compósito Para Próteses Longa Duração LuxaCrown ,,Dentista,Prótese Clínica e Reabilitação Oral,Materiais para Provisórios
Resina Bisacrílica 3M™ Protemp™ 4 ,,Dentista,Prótese Clínica e Reabilitação Oral,Materiais para Provisórios
Resina Bisacrílica Luxatemp Star ,,Dentista,Prótese Clínica e Reabilitação Oral,Materiais para Provisórios
Resina Bisacrílica Luxatemp Star Smartmix ,,Dentista,Prótese Clínica e Reabilitação Oral,Materiais para Provisórios
Resina Bisacrílica Master Temp ,,Dentista,Prótese Clínica e Reabilitação Oral,Materiais para Provisórios
Resina Bisacrílica Master Temp ,,Dentista,Prótese Clínica e Reabilitação Oral,Materiais para Provisórios
Resina Bisacrílica Primma Art ,,Dentista,Prótese Clínica e Reabilitação Oral,Materiais para Provisórios
Resina Bisacrílica Primma Art ,,Dentista,Prótese Clínica e Reabilitação Oral,Materiais para Provisórios
Resina Bisacrílica Proviplast A1 ,,Dentista,Prótese Clínica e Reabilitação Oral,Materiais para Provisórios
Resina Bisacrílica Structur 2 SC ,,Dentista,Prótese Clínica e Reabilitação Oral,Materiais para Provisórios
Resina Bisacrílica Structur 2 SC ,,Dentista,Prótese Clínica e Reabilitação Oral,Materiais para Provisórios
Resina Bisacrílica Structur 3 ,,Dentista,Prótese Clínica e Reabilitação Oral,Materiais para Provisórios
Resina Bisacrílica Structur 3 A2 ,,Dentista,Prótese Clínica e Reabilitação Oral,Materiais para Provisórios
Resina Bisacrílica Structur 3 QuickMix ,,Dentista,Prótese Clínica e Reabilitação Oral,Materiais para Provisórios
Resina Bisacrílica TempSmart ,,Dentista,Prótese Clínica e Reabilitação Oral,Materiais para Provisórios
Resina Bisacrílica Visalys Temp ,,Dentista,Prótese Clínica e Reabilitação Oral,Materiais para Provisórios
Resina Bisacrílica Yprov Bisacryl ,,Dentista,Prótese Clínica e Reabilitação Oral,Materiais para Provisórios
Resina Bisacrílica Yprov Bisacryl ,,Dentista,Prótese Clínica e Reabilitação Oral,Materiais para Provisórios
Kit Essencial Resina Vittra APS ,,Dentista,Dentística e Estética,Resinas Compostas
Kit Intro Resina Opallis ,,Dentista,Dentística e Estética,Resinas Compostas
Kit Resina Amaris ,Amaris,Dentista,Dentística e Estética,Resinas Compostas
Kit Resina Compômero Twinky Star Cápsulas ,Twink Star,Dentista,Dentística e Estética,Resinas Compostas
Kit Resina Llis ,Llis,Dentista,Dentística e Estética,Resinas Compostas
Kit Resina Spectra Basic ,Spectra,Dentista,Dentística e Estética,Resinas Compostas
Kit Resina Z100 ,Z100,Dentista,Dentística e Estética,Resinas Compostas
Resina 3M™ Filtek™ One Bulk Fill ,Filtek,Dentista,Dentística e Estética,Resinas Compostas
Resina 3M™ Filtek™ One Bulk Fill Kit,Filtek,Dentista,Dentística e Estética,Resinas Compostas
Resina 3M™ Filtek™ One Bulk Fill Cápsula ,Filtek,Dentista,Dentística e Estética,Resinas Compostas
Resina 3M™ Filtek™ Universal ,Filtek,Dentista,Dentística e Estética,Resinas Compostas
Resina 3M™ Filtek™ Universal Cápsula ,Filtek,Dentista,Dentística e Estética,Resinas Compostas
Resina 3M™ Filtek™ Universal PO ,Filtek,Dentista,Dentística e Estética,Resinas Compostas
Resina 3M™ Filtek™ Z250 XT ,Z250,Dentista,Dentística e Estética,Resinas Compostas
Resina 3M™ Filtek™ Z250 XT DuoPack ,Z250,Dentista,Dentística e Estética,Resinas Compostas
Resina 3M™ Filtek™ Z350 XT ,Z250,Dentista,Dentística e Estética,Resinas Compostas
Resina Admira Fusion ,Admira Fusion,Dentista,Dentística e Estética,Resinas Compostas
Resina All Prime,All Prime,Dentista,Dentística e Estética,Resinas Compostas
Resina Amaris Gingiva Natural ,Amaris,Dentista,Dentística e Estética,Resinas Compostas
Resina Applic ,Applic,Dentista,Dentística e Estética,Resinas Compostas
Resina Assist. Aps Opaquer Ow 1 Seringa ,Assist,Dentista,Dentística e Estética,Resinas Compostas
Resina Assist. Aps Opaquer Pink 1 Seringa ,Assist,Dentista,Dentística e Estética,Resinas Compostas
Resina Assist. Aps Opaquer Universal 1 Seringa ,Assist,Dentista,Dentística e Estética,Resinas Compostas
Resina Atos ,Atos,Dentista,Dentística e Estética,Resinas Compostas
Resina Atos ,Atos,Dentista,Dentística e Estética,Resinas Compostas
Resina Atos Academic ,Atos,Dentista,Dentística e Estética,Resinas Compostas
Resina Aura Bulk Fill ,Aura,Dentista,Dentística e Estética,Resinas Compostas
Resina Aura Dentina Chroma ,Aura,Dentista,Dentística e Estética,Resinas Compostas
Resina Beautifil Bulk ,Beautifil,Dentista,Dentística e Estética,Resinas Compostas
Resina Beautifil II ,Beautifil,Dentista,Dentística e Estética,Resinas Compostas
Resina Beautifil II Esmalte ,Beautifil,Dentista,Dentística e Estética,Resinas Compostas
Resina Beautifil II LS ,Beautifil,Dentista,Dentística e Estética,Resinas Compostas
Resina Beautifil Opaquer ,Beautifil,Dentista,Dentística e Estética,Resinas Compostas
"Resina Beautifil X SA0,5 ",Beautifil,Dentista,Dentística e Estética,Resinas Compostas
Resina Beautifil XSL ,Beautifil,Dentista,Dentística e Estética,Resinas Compostas
Resina Brilliant Everglow ,Brilliant Everglow ,Dentista,Dentística e Estética,Resinas Compostas
Resina Brilliant NG ,Brilliant NG ,Dentista,Dentística e Estética,Resinas Compostas
Resina Brilliant NG Dentina ,Brilliant NG ,Dentista,Dentística e Estética,Resinas Compostas
Resina Bulk Fill Admira Fusion X,Admira Fusion,Dentista,Dentística e Estética,Resinas Compostas
Resina Bulk Fill Admira Fusion X Base Universal ,Admira Fusion,Dentista,Dentística e Estética,Resinas Compostas
Resina Bulk Fill Admira Fusion X tra Caps ,Admira Fusion,Dentista,Dentística e Estética,Resinas Compostas
Resina Bulk Fill Admira Fusion X tra Universal ,Admira Fusion,Dentista,Dentística e Estética,Resinas Compostas
Resina Bulk Fill Ecosite ,Ecosite,Dentista,Dentística e Estética,Resinas Compostas
Resina Bulk Fill SonicFill 2 ,Sonic Fill 2,Dentista,Dentística e Estética,Resinas Compostas
Resina Bulk Fill X-Tra Base,X-Tra Base,Dentista,Dentística e Estética,Resinas Compostas
Resina Cention N Starter Kit ,Cention,Dentista,Dentística e Estética,Resinas Compostas
Resina Charisma Classic ,Charisma,Dentista,Dentística e Estética,Resinas Compostas
Resina Charisma Diamond ,Charisma,Dentista,Dentística e Estética,Resinas Compostas
Resina Charisma Diamond Kit Estética ,Charisma,Dentista,Dentística e Estética,Resinas Compostas
Resina Charisma Diamond One ,Charisma,Dentista,Dentística e Estética,Resinas Compostas
Resina Charisma Opal ,Charisma,Dentista,Dentística e Estética,Resinas Compostas
Resina Charisma Opal OL ,Charisma,Dentista,Dentística e Estética,Resinas Compostas
Resina Clearfil AP,Clearfil,Dentista,Dentística e Estética,Resinas Compostas
Resina Clearfil AP X ES 2 ,Clearfil,Dentista,Dentística e Estética,Resinas Compostas
Resina Clearfil ST Opaquer 4g ,Clearfil,Dentista,Dentística e Estética,Resinas Compostas
Resina Compômero Twinky Star Flow ,Twink Star,Dentista,Dentística e Estética,Resinas Compostas
Resina Composta Aura 3G ,Aura,Dentista,Dentística e Estética,Resinas Compostas
Resina Composta Microhíbrida Essentia ,Essentia,Dentista,Dentística e Estética,Resinas Compostas
Resina Composta Microhíbrida Gradia Direct ,Gradia,Dentista,Dentística e Estética,Resinas Compostas
Resina Composta Nanoh Empress Direct Refill Enamel B3 3G ,,Dentista,Dentística e Estética,Resinas Compostas
Resina Composta Nanoh Empress Direct Refill Enamel D3 3G ,,Dentista,Dentística e Estética,Resinas Compostas
Resina Composta Stela Automix Refil 8G ,Stela,Dentista,Dentística e Estética,Resinas Compostas
Resina Composta Stela Cápsula ,Stela,Dentista,Dentística e Estética,Resinas Compostas
Resina Composta VIT l escense ,Vit L Escence,Dentista,Dentística e Estética,Resinas Compostas
Resina Duopack 3M™ Filtek™ Universal ,Filtek,Dentista,Dentística e Estética,Resinas Compostas
Resina Durafill VS ,Durafill,Dentista,Dentística e Estética,Resinas Compostas
Resina Elora APS ,Elora,Dentista,Dentística e Estética,Resinas Compostas
Resina Elora APS Trans ,Elora,Dentista,Dentística e Estética,Resinas Compostas
Resina Epic ,Epic,Dentista,Dentística e Estética,Resinas Compostas
Resina Estelite Bianco ,Estelite ,Dentista,Dentística e Estética,Resinas Compostas
Resina Estelite Bianco Trial Syringe ,Estelite ,Dentista,Dentística e Estética,Resinas Compostas
Resina Estelite Omega ,Estelite ,Dentista,Dentística e Estética,Resinas Compostas
Resina Estelite Omega Kit Deluxe ,Estelite ,Dentista,Dentística e Estética,Resinas Compostas
Resina Estelite Posterior ,Estelite ,Dentista,Dentística e Estética,Resinas Compostas
Resina Estética Amaris Gingiva Kit ,Amaris,Dentista,Dentística e Estética,Resinas Compostas
Resina EverX Posterior ,EverX,Dentista,Dentística e Estética,Resinas Compostas
Resina Fill Magic ,Fill Magic,Dentista,Dentística e Estética,Resinas Compostas
Resina Filtek Easy Match ,Filtek,Dentista,Dentística e Estética,Resinas Compostas
Resina Forma ,Forma,Dentista,Dentística e Estética,Resinas Compostas
Resina G aenial Universal Flo ,G aenial,Dentista,Dentística e Estética,Resinas Compostas
Resina Gradia Direct LA ,Gradia,Dentista,Dentística e Estética,Resinas Compostas
Resina Gradia Direct LA X ,Gradia,Dentista,Dentística e Estética,Resinas Compostas
Resina Grandioso ,Grandioso,Dentista,Dentística e Estética,Resinas Compostas
Resina Harmonize ,Harmonize,Dentista,Dentística e Estética,Resinas Compostas
Resina Harmonize Dentina ,Harmonize,Dentista,Dentística e Estética,Resinas Compostas
Resina Herculite Classic ,Herculite,Dentista,Dentística e Estética,Resinas Compostas
Resina Herculite Classic ,Herculite,Dentista,Dentística e Estética,Resinas Compostas
Resina Herculite Précis ,Herculite,Dentista,Dentística e Estética,Resinas Compostas
Resina Innova com Zircônia,Innova,Dentista,Dentística e Estética,Resinas Compostas
Resina IPS Empress Direct ,IPS Empress Direct,Dentista,Dentística e Estética,Resinas Compostas
Resina Llis ,Llis,Dentista,Dentística e Estética,Resinas Compostas
Resina Luna 2 ,Luna 2,Dentista,Dentística e Estética,Resinas Compostas
Resina Neo Spectra ST ,Neo Spectra,Dentista,Dentística e Estética,Resinas Compostas
Resina Neo Spectra St HV Refil BW ,Neo Spectra,Dentista,Dentística e Estética,Resinas Compostas
Resina NT Premium ,NT Premium,Dentista,Dentística e Estética,Resinas Compostas
Resina NT Premium Gengiva ,NT Premium,Dentista,Dentística e Estética,Resinas Compostas
Resina Opallis ,Opallis,Dentista,Dentística e Estética,Resinas Compostas
Resina Opallis ,Opallis,Dentista,Dentística e Estética,Resinas Compostas
Resina Opallis ,Opallis,Dentista,Dentística e Estética,Resinas Compostas
Resina Opallis Ebl2 1 Seringa ,Opallis,Dentista,Dentística e Estética,Resinas Compostas
Resina Opallis Kit Básico ,Opallis,Dentista,Dentística e Estética,Resinas Compostas
Resina Opallis Kit Clinical ,Opallis,Dentista,Dentística e Estética,Resinas Compostas
Resina Opallis Odontopediatria ,Opallis,Dentista,Dentística e Estética,Resinas Compostas
Resina Opus Bulk Fill ,Opus,Dentista,Dentística e Estética,Resinas Compostas
Resina Orion ,Orion,Dentista,Dentística e Estética,Resinas Compostas
Resina Palfique LX5 ,Palfique,Dentista,Dentística e Estética,Resinas Compostas
Resina Palfique LX5 Mini ,Palfique,Dentista,Dentística e Estética,Resinas Compostas
Resina Palfique Omnichroma Blocker 4g ,Palfique,Dentista,Dentística e Estética,Resinas Compostas
Resina Palfique Omnichroma Syringe 4g ,Palfique,Dentista,Dentística e Estética,Resinas Compostas
Resina Palfique Omnichroma Trial Syringe 1ml ,Palfique,Dentista,Dentística e Estética,Resinas Compostas
Resina Point 4 ,Point 4,Dentista,Dentística e Estética,Resinas Compostas
Resina Point 4 ,Point 4,Dentista,Dentística e Estética,Resinas Compostas
Resina Point 4 ED2 ,Point 4,Dentista,Dentística e Estética,Resinas Compostas
Resina Point 4 XL2 ,Point 4,Dentista,Dentística e Estética,Resinas Compostas
Resina Sirius Z ,Sirius Z ,Dentista,Dentística e Estética,Resinas Compostas
Resina Spectra Basic ,Spectra,Dentista,Dentística e Estética,Resinas Compostas
Resina Spectra Smart ,Spectra,Dentista,Dentística e Estética,Resinas Compostas
Resina Tetric N,Tetric,Dentista,Dentística e Estética,Resinas Compostas
Resina Tetric N,Tetric,Dentista,Dentística e Estética,Resinas Compostas
Resina Tetric N,Tetric,Dentista,Dentística e Estética,Resinas Compostas
Resina Tetric N,Tetric,Dentista,Dentística e Estética,Resinas Compostas
Resina TPH Spectrum ,TPH Spectrum,Dentista,Dentística e Estética,Resinas Compostas
Resina Transcend Universal Body ,Transcend,Dentista,Dentística e Estética,Resinas Compostas
Resina Ultrafill ,Ultrafill,Dentista,Dentística e Estética,Resinas Compostas
Resina Unicollor Bulk Fill Efeito Camaleão ,,Dentista,Dentística e Estética,Resinas Compostas
Resina Vittra APS ,Vittra,Dentista,Dentística e Estética,Resinas Compostas
Resina Vittra APS ,Vittra,Dentista,Dentística e Estética,Resinas Compostas
Resina Vittra APS Unique ,Unique,Dentista,Dentística e Estética,Resinas Compostas
Resina Z100,Z100,Dentista,Dentística e Estética,Resinas Compostas
Resina Z100 DuoPack ,Z100,Dentista,Dentística e Estética,Resinas Compostas
Resina Zirconfill ,Zirconfill,Dentista,Dentística e Estética,Resinas Compostas
Resina Zirconfill ,Zirconfill,Dentista,Dentística e Estética,Resinas Compostas
Resina Composta SR Nexco Effect ,,Laboratório,Resinas e Polímeros,Resinas Compostas
Resina Composta SR Nexco Intensive Gingiva ,,Laboratório,Resinas e Polímeros,Resinas Compostas
Resina Composta SR Nexco Margin ,,Laboratório,Resinas e Polímeros,Resinas Compostas
Resina Composta Sr Nexco Pontic Fill Refil 2.5G ,,Laboratório,Resinas e Polímeros,Resinas Compostas
Resina Composta SR Nexco Stains ,,Laboratório,Resinas e Polímeros,Resinas Compostas
Resina Lab Ceramage Dentina Opaco ,,Laboratório,Resinas e Polímeros,Resinas Compostas
Resina Lab Ceramage Gengiva Gum ,,Laboratório,Resinas e Polímeros,Resinas Compostas
Resina Lab Ceramage Incisal ,,Laboratório,Resinas e Polímeros,Resinas Compostas
Resina Lab Ceramage Líquida de Modelar ,,Laboratório,Resinas e Polímeros,Resinas Compostas
Resina Lab Ceramage Modificador Incisal Transparente ,,Laboratório,Resinas e Polímeros,Resinas Compostas
Resina Lab Ceramage Spacer ,,Laboratório,Resinas e Polímeros,Resinas Compostas
Resina Lab SEP Ceramage ,,Laboratório,Resinas e Polímeros,Resinas Compostas
Resina Resilab Master ,,Laboratório,Resinas e Polímeros,Resinas Compostas
Resina Signum Ceramis ,,Laboratório,Resinas e Polímeros,Resinas Compostas
Resina SR Nexco Dentin ,,Laboratório,Resinas e Polímeros,Resinas Compostas
Resina SR Nexco Gingiva ,,Laboratório,Resinas e Polímeros,Resinas Compostas
Resina SR Nexco Incisal ,,Laboratório,Resinas e Polímeros,Resinas Compostas
Resina Sr Nexco Liner ,,Laboratório,Resinas e Polímeros,Resinas Compostas
Resina SR Nexco Opaquer ,,Laboratório,Resinas e Polímeros,Resinas Compostas
Resina Flexível ,,Laboratório,Resinas e Polímeros,Materiais Termoplásticos
Resina 3M™ Filtek™ Bulk Fill Flowable Restorative ,Filtek,Dentista,Dentística e Estética,Resinas Compostas
Resina 3M™ Filtek™ Supreme Flowable ,Z350,Dentista,Dentística e Estética,Resinas Compostas
Resina Admira Fusion Flow ,Admira Fusion,Dentista,Dentística e Estética,Resinas Compostas
Resina Applic Flow ,Applic,Dentista,Dentística e Estética,Resinas Compostas
Resina Autoadesiva Yflow SA ,Yflow,Dentista,Dentística e Estética,Resinas Compostas
Resina Beautifil Bulk Flow ,Beautifil,Dentista,Dentística e Estética,Resinas Compostas
Resina Beautifil Flow Plus F00 ,Beautifil,Dentista,Dentística e Estética,Resinas Compostas
Resina Beautifil Flow Plus F03 ,Beautifil,Dentista,Dentística e Estética,Resinas Compostas
Resina Bulk Fill SDR Plus Flow ,SDR Plus,Dentista,Dentística e Estética,Resinas Compostas
Resina Charisma Bulk Flow One 2g ,Charisma,Dentista,Dentística e Estética,Resinas Compostas
"Resina Clearfil AP X Esthetics Flow 2,7g ",Clearfil,Dentista,Dentística e Estética,Resinas Compostas
Resina Estelite Flow Quick High Flow ,Estelite ,Dentista,Dentística e Estética,Resinas Compostas
Resina EverX Flow ,EverX,Dentista,Dentística e Estética,Resinas Compostas
Resina Fill Magic Flow ,Fill Magic,Dentista,Dentística e Estética,Resinas Compostas
Resina Flow IPS Empress Direct Effect ,IPS Empress Direct,Dentista,Dentística e Estética,Resinas Compostas
Resina Grandioso Flow ,Grandioso,Dentista,Dentística e Estética,Resinas Compostas
Resina Grandioso Heavy Flow ,Grandioso,Dentista,Dentística e Estética,Resinas Compostas
Resina Grandioso Heavy Flow ,Grandioso,Dentista,Dentística e Estética,Resinas Compostas
Resina Innova Flow ,Innova,Dentista,Dentística e Estética,Resinas Compostas
Resina IPS Empress Direct Color ,IPS Empress Direct,Dentista,Dentística e Estética,Resinas Compostas
Resina Luna Flow ,Luna  ,Dentista,Dentística e Estética,Resinas Compostas
Resina Luna Flow LV ,Luna  ,Dentista,Dentística e Estética,Resinas Compostas
Resina Master Flow ,Master Flow,Dentista,Dentística e Estética,Resinas Compostas
Resina Metacrilato J-Temp,J-Temp,Dentista,Dentística e Estética,Resinas Compostas
Resina Neo Spectra ST Flow ,Neo Spectra,Dentista,Dentística e Estética,Resinas Compostas
Resina Opallis Flow ,Opallis,Dentista,Dentística e Estética,Resinas Compostas
Resina Opus Bulk Fill Flow ,Opus,Dentista,Dentística e Estética,Resinas Compostas
Resina Sigma Flow ,Sigma Flow,Dentista,Dentística e Estética,Resinas Compostas
Resina Tetric N,Tetric,Dentista,Dentística e Estética,Resinas Compostas
Resina Vittra APS Flow ,Vittra,Dentista,Dentística e Estética,Resinas Compostas
Resina Vittra APS Unique Flow ,Unique,Dentista,Dentística e Estética,Resinas Compostas
Resina Yflow ,Yflow,Dentista,Dentística e Estética,Resinas Compostas
Resina Zirconflow ,Zirconflow,Dentista,Dentística e Estética,Resinas Compostas
Infiltrante de Cáries Icon Proximal ,,Dentista,Dentística e Estética,Materiais para Controle de Cárie
Resina Infiltrante de Cáries Incipientes e Defeitos de Esmalte Icon Vestibular ,,Dentista,Dentística e Estética,Materiais para Controle de Cárie
Resina para Ferulização Hemospon Pattern Photo Gel ,,Dentista,Prótese Clínica e Reabilitação Oral,Materiais para Provisórios
Resina para Ferulização Hemospon Pattern Photo Gel Vermelho ,,Dentista,Prótese Clínica e Reabilitação Oral,Materiais para Provisórios
Resina para Ferulização Hemospon Pattern Photo Pasta ,,Dentista,Prótese Clínica e Reabilitação Oral,Materiais para Provisórios
Resina para Impressora 3D Calcinável Laranja ,,Laboratório,Solução Digital,Impressão 3D
Resina para Impressora 3D Calcinável Verde ,,Laboratório,Solução Digital,Impressão 3D
Resina para Impressora 3D Modelo Cinza ,,Laboratório,Solução Digital,Impressão 3D
Resina para Impressora 3D Modelo Lavável Cinza ,,Laboratório,Solução Digital,Impressão 3D
Resina para Impressora 3D Printax Aqua Ivory 4K Model ,,Laboratório,Solução Digital,Impressão 3D
Resina para Impressora 3D Printax Aqua Model ,,Laboratório,Solução Digital,Impressão 3D
Resina para Impressora 3D Printax Model ,,Laboratório,Solução Digital,Impressão 3D
Resina para Impressora 3D Printax Model Cinza TR250LV ,,Laboratório,Solução Digital,Impressão 3D
Resina para Impressora 3D Printax Model WW ,,Laboratório,Solução Digital,Impressão 3D
Resina para Impressora Nanolab 3D LCD 250g,,Laboratório,Solução Digital,Impressão 3D
Resina Prizma 3D Bio Crown,,Laboratório,Solução Digital,Impressão 3D
Resina Prizma 3D Bio Crown Diamond,,Laboratório,Solução Digital,Impressão 3D
Resina Prizma 3D Wide DLP/LCD ,,Laboratório,Solução Digital,Impressão 3D
Resina Prizma 3D Bio Tray Azul ,,Laboratório,Solução Digital,Impressão 3D
Resina para Impressora 3D Prizma Standard LCD,,Laboratório,Solução Digital,Impressão 3D
Resina para Impressora 3D Prizma Model LCD Bege ,,Laboratório,Solução Digital,Impressão 3D
Resina para Impressora 3D Prizma Bio Prov DLP/LCD,,Laboratório,Solução Digital,Impressão 3D
Resina para Impressora 3D Prizma Gengiva DLP/LCD Rosa,,Laboratório,Solução Digital,Impressão 3D
Resina para Impressora 3D Prizma Standard LCD,,Laboratório,Solução Digital,Impressão 3D
Resina para Impressora 3D Prizma Model LCD Bege ,,Laboratório,Solução Digital,Impressão 3D
Resina para Impressora 3D Prizma Model DLP Bege,,Laboratório,Solução Digital,Impressão 3D
Resina para Impressora 3D Prizma Standard LCD Cristal,,Laboratório,Solução Digital,Impressão 3D
Resina para Impressora 3D Prizma Bio Splint DLP/LCD/SLA Transparente,,Laboratório,Solução Digital,Impressão 3D
Resina para Impressora 3D Prizma Castable DLP/LCD Laranja ,,Laboratório,Solução Digital,Impressão 3D
Resina para Impressora 3D Prizma Bio Prov DLP/LCD/SLA,,Laboratório,Solução Digital,Impressão 3D
Resina para Impressora 3D Prizma Gengiva DLP/LCD Rosa,,Laboratório,Solução Digital,Impressão 3D
Resina Prizma 3D Model 2.0 DLP/LCD,,Laboratório,Solução Digital,Impressão 3D
Resina Prizma 3D Model 2.0 DLP/LCD,,Laboratório,Solução Digital,Impressão 3D
Resina para Impressora 3D Prizma Bio Guide DLP/LCD/SLA Âmbar,,Laboratório,Solução Digital,Impressão 3D
Resina para Impressora 3D Prizma Ortho LCD Branco Gesso ,,Laboratório,Solução Digital,Impressão 3D
Resina para Impressora 3D Prizma Ortho LCD Branco Gesso ,,Laboratório,Solução Digital,Impressão 3D
Resina para Impressora 3D Prizma Bio Guide DLP/LCD/SLA Âmbar ,,Laboratório,Solução Digital,Impressão 3D
Resina para Impressora 3D Prizma Bio Split DLP/LCD/SLA Transparente,,Laboratório,Solução Digital,Impressão 3D
Resina para Impressora 3D Prizma Castable II DLP/LCD Verde ,,Laboratório,Solução Digital,Impressão 3D
Resina para Impressora 3D Prizma Bio Split DLP/LCD/SLA Transparente,,Laboratório,Solução Digital,Impressão 3D
Resina para Impressora 3D Prizma Bio Guide DLP/LCD/SLA Âmbar,,Laboratório,Solução Digital,Impressão 3D
Resina Prizma 3D Bio Tray Azul ,,Laboratório,Solução Digital,Impressão 3D
Resina para Impressora 3D Prizma Standard LCD Cristal,,Laboratório,Solução Digital,Impressão 3D
Resina para Impressora 3D Prizma Model DLP Bege,,Laboratório,Solução Digital,Impressão 3D
Resina para Impressora 3D Prizma Ortho DLP Branco Gesso,,Laboratório,Solução Digital,Impressão 3D
Kit Resina Rebilda DC Intro ,,Dentista,Dentística e Estética,Resinas Compostas
Resina Rebilda DC Dentina ,,Dentista,Dentística e Estética,Resinas Compostas
Resina Rebilda DC QuickMix ,,Dentista,Dentística e Estética,Resinas Compostas
Eugenol ,,Dentista,Cimentos,Cimentos Provisórios
Eugenol ,,Dentista,Cimentos,Cimentos Provisórios
Eugenol ,,Dentista,Cimentos,Cimentos Provisórios
Eugenol ,,Dentista,Cimentos,Cimentos Provisórios
Eugenol,,Dentista,Cimentos,Cimentos para Cimentação Definitiva
Kit Restaurador Provisório IRM Pó e Líquido ,,Dentista,Cimentos,Cimentos Provisórios
Restaurador Provisório ,,Dentista,Cimentos,Cimentos Provisórios
Restaurador Provisório ,,Dentista,Cimentos,Cimentos Provisórios
Restaurador Provisório ,,Dentista,Cimentos,Cimentos Provisórios
Restaurador Provisório Applic ,,Dentista,Cimentos,Cimentos Provisórios
Restaurador Provisório Bioplic ,,Dentista,Cimentos,Cimentos Provisórios
Restaurador Provisório Clip F ,,Dentista,Cimentos,Cimentos Provisórios
Restaurador Provisório Clip F ,,Dentista,Cimentos,Cimentos Provisórios
Restaurador Provisório Clip Flow ,,Dentista,Cimentos,Cimentos Provisórios
Restaurador Provisório Fill Magic Tempo ,,Dentista,Cimentos,Cimentos Provisórios
Restaurador Provisório Fillprov ,,Dentista,Cimentos,Cimentos Provisórios
Restaurador Provisório Filltemp ,,Dentista,Cimentos,Cimentos Provisórios
Restaurador Provisório Hemospon Clip ,,Dentista,Cimentos,Cimentos Provisórios
Restaurador Provisório Hemospon Clip Flow ,,Dentista,Cimentos,Cimentos Provisórios
Restaurador Provisório Hemospon Clip Transparente ,,Dentista,Cimentos,Cimentos Provisórios
Restaurador Provisório Interim Pó ,,Dentista,Cimentos,Cimentos Provisórios
Restaurador Provisório IRM Líquido ,,Dentista,Cimentos,Cimentos Provisórios
Restaurador Provisório IRM Pó ,,Dentista,Cimentos,Cimentos Provisórios
Restaurador Provisório Obtur Refil ,,Dentista,Cimentos,Cimentos Endodônticos
Restaurador Provisório Provimaster F ,,Dentista,Cimentos,Cimentos Provisórios
Restaurador Provisório Revotek LC 16g ,,Dentista,Cimentos,Cimentos Provisórios
Revelador ,,Radiologia,Imagem e Radiologia,Processamento de Filmes
Revelador Prodak ,,Radiologia,Imagem e Radiologia,Processamento de Filmes
Revelador Radiográfico ,,Radiologia,Imagem e Radiologia,Processamento de Filmes
Revelador Radiográfico ,,Radiologia,Imagem e Radiologia,Processamento de Filmes
Revelador Radiográfico ,,Radiologia,Imagem e Radiologia,Processamento de Filmes
Revelador Radiográfico Manual ,,Radiologia,Imagem e Radiologia,Processamento de Filmes
Revelador Radiográfico Pró,,Radiologia,Imagem e Radiologia,Processamento de Filmes
Revelador Radiográfico Selekt+ Manual 500ml ,,Radiologia,Imagem e Radiologia,Processamento de Filmes
Revelador Radiográfico X RAY 500ml ,,Radiologia,Imagem e Radiologia,Processamento de Filmes
Riscador Para Bandas ,,Dentista,Ortodontia,Instrumentos Ortodônticos
Rolo Massageador de Jade Verde ,,Dentista,Harmonização Orofacial,Acessórios para Harmonização Orofacial
Rolo Massageador de Jade Verde + Guasha ,,Dentista,Harmonização Orofacial,Acessórios para Harmonização Orofacial
Rolo Massageador de Quartzo Rosa ,,Dentista,Harmonização Orofacial,Acessórios para Harmonização Orofacial
Rolo Massageador de Quartzo Rosa + Guasha ,,Dentista,Harmonização Orofacial,Acessórios para Harmonização Orofacial
Rolo Esterilização 30cmx100m ,,Dentista,Biossegurança,Embalagem para Esterilização
Rolo para Esterilização 10cm X 100m ,,Dentista,Biossegurança,Embalagem para Esterilização
Rolo para Esterilização 10cmx100m ,,Dentista,Biossegurança,Embalagem para Esterilização
Rolo Para Esterilização 10cmx100m ,,Dentista,Biossegurança,Embalagem para Esterilização
Rolo Para Esterilização 10cmx50m ,,Dentista,Biossegurança,Embalagem para Esterilização
Rolo Para Esterilização 10cmx50m ,,Dentista,Biossegurança,Embalagem para Esterilização
Rolo para Esterilização 12cmx100m ,,Dentista,Biossegurança,Embalagem para Esterilização
Rolo para Esterilização 12cmx50m ,,Dentista,Biossegurança,Embalagem para Esterilização
Rolo para Esterilização 15cm X 100m ,,Dentista,Biossegurança,Embalagem para Esterilização
Rolo para Esterilização 15cmx100m ,,Dentista,Biossegurança,Embalagem para Esterilização
Rolo Para Esterilização 15cmx100m ,,Dentista,Biossegurança,Embalagem para Esterilização
Rolo Para Esterilização 15cmx50m ,,Dentista,Biossegurança,Embalagem para Esterilização
Rolo Para Esterilização 15cmx50m ,,Dentista,Biossegurança,Embalagem para Esterilização
Rolo para Esterilização 20cm X 100m ,,Dentista,Biossegurança,Embalagem para Esterilização
Rolo para Esterilização 20cmx100m ,,Dentista,Biossegurança,Embalagem para Esterilização
Rolo Para Esterilização 20cmx100m ,,Dentista,Biossegurança,Embalagem para Esterilização
Rolo Para Esterilização 20cmx50m ,,Dentista,Biossegurança,Embalagem para Esterilização
Rolo Para Esterilização 20cmx50m ,,Dentista,Biossegurança,Embalagem para Esterilização
Rolo Para Esterilização 25cmx100m ,,Dentista,Biossegurança,Embalagem para Esterilização
Rolo Para Esterilização 25cmx100m ,,Dentista,Biossegurança,Embalagem para Esterilização
Rolo Para Esterilização 25cmx50m ,,Dentista,Biossegurança,Embalagem para Esterilização
Rolo para Esterilização 30cm X 100m ,,Dentista,Biossegurança,Embalagem para Esterilização
Rolo para Esterilização 30cmx100m ,,Dentista,Biossegurança,Embalagem para Esterilização
Rolo Para Esterilização 30cmx100m ,,Dentista,Biossegurança,Embalagem para Esterilização
Rolo Para Esterilização 30cmx50m ,,Dentista,Biossegurança,Embalagem para Esterilização
Rolo para Esterilização 5cm X 100m ,,Dentista,Biossegurança,Embalagem para Esterilização
Rolo para Esterilização 5cmx100m ,,Dentista,Biossegurança,Embalagem para Esterilização
Rolo Para Esterilização 5cmx100m ,,Dentista,Biossegurança,Embalagem para Esterilização
Rolo Para Esterilização 5cmx100m ,,Dentista,Biossegurança,Embalagem para Esterilização
Rolo Para Esterilização 5cmx50m ,,Dentista,Biossegurança,Embalagem para Esterilização
"Rolo Para Esterilização 7,5cmx50m ",,Dentista,Biossegurança,Embalagem para Esterilização
Rolo para Esterilização 8cm X 100m ,,Dentista,Biossegurança,Embalagem para Esterilização
Rolo para Esterilização 8cmx100m ,,Dentista,Biossegurança,Embalagem para Esterilização
Rolo Para Esterilização 8cmx100m ,,Dentista,Biossegurança,Embalagem para Esterilização
Rolo Para Esterilização 8cmx50m ,,Dentista,Biossegurança,Embalagem para Esterilização
Rolo Para Esterilização Add,,Dentista,Biossegurança,Embalagem para Esterilização
Rolo Para Esterilização Add,,Dentista,Biossegurança,Embalagem para Esterilização
Rolo Para Esterilização Best Care 10cmx100m ,,Dentista,Biossegurança,Embalagem para Esterilização
Rolo Para Esterilização Best Care 15cmx100m ,,Dentista,Biossegurança,Embalagem para Esterilização
Rolo Para Esterilização Best Care 20cmx100m ,,Dentista,Biossegurança,Embalagem para Esterilização
"Rolo Para Esterilização Best Care 7,5cmx100m ",,Dentista,Biossegurança,Embalagem para Esterilização
Rolo para Microagulhamento Roller Gold ,,Dentista,Harmonização Orofacial,Acessórios para Harmonização Orofacial
Rolo para Resfriamento da Pele Mini Skin Cooler ,,Dentista,Harmonização Orofacial,Acessórios para Harmonização Orofacial
Rolo para Resfriamento da Pele Skin Cooler ,,Dentista,Harmonização Orofacial,Acessórios para Harmonização Orofacial
Roto Quick Gerador Led para LQ ,,Dentista,Equipamentos e Peças de Mão,Micromotores e Contra-Ângulos
Sabonete Espuma Riomax Standard Refil 1L ,,Dentista,Material de Escritório,Higiene e Limpeza
Sabonete Preparatória e Ativadora Ácido Pré Peel 500ml ,,Dentista,Harmonização Orofacial,Acessórios para Harmonização Orofacial
Saca Broca Contra Ângulo ,,Dentista,Implantodontia,Instrumentais para Implantodontia
Saca Broca para Contra Ângulo T10/T20 ,,Dentista,Implantodontia,Instrumentais para Implantodontia
Saca Broca Universal Alta Rotação ,,Dentista,Implantodontia,Instrumentais para Implantodontia
Saca Implante Longo ,,Dentista,Implantodontia,Instrumentais para Implantodontia
Saca Prótese ,,Dentista,Implantodontia,Instrumentais para Implantodontia
Saca Prótese ,,Dentista,Prótese Clínica e Reabilitação Oral,Instrumentos para Prótese
Saca Prótese ,,Dentista,Prótese Clínica e Reabilitação Oral,Instrumentos para Prótese
Saca Prótese com 3 Pontas ,,Dentista,Implantodontia,Instrumentais para Implantodontia
Saco de Lixo ,,Dentista,Material de Escritório,Higiene e Limpeza
Saco de Lixo 60L ,,Dentista,Material de Escritório,Higiene e Limpeza
Saco de Lixo Preto 20L ,,Dentista,Material de Escritório,Higiene e Limpeza
Saco de Lixo Preto 60L ,,Dentista,Material de Escritório,Higiene e Limpeza
"Saco para Lixo Hospitalar Branco 15L 4,5Kg ",,Dentista,Material de Escritório,Higiene e Limpeza
Saco para Lixo Hospitalar Branco 50L 15Kg ,,Dentista,Material de Escritório,Higiene e Limpeza
Saliva Artificial Saliform Spray ,,Dentista,Prevenção e Profilaxia,Pastas e Géis Profiláticos
"Scalp 23g 0,8 x 1,9 Eto Az Disp Az Vet ",,Dentista,Harmonização Orofacial,Acessórios para Harmonização Orofacial
Scalp para Coleta Múltipla com Dispositivo de Segurança ,,Dentista,Harmonização Orofacial,Acessórios para Harmonização Orofacial
Scalp para Infusão ,,Dentista,Harmonização Orofacial,Acessórios para Harmonização Orofacial
Scalp para Infusão ,,Dentista,Harmonização Orofacial,Acessórios para Harmonização Orofacial
Scalp para Infusão com Dispositivo de Segurança ,,Dentista,Harmonização Orofacial,Acessórios para Harmonização Orofacial
Scalp para Infusão SFT Lok 25G ,,Dentista,Harmonização Orofacial,Acessórios para Harmonização Orofacial
Scanner de Bancada 3D Autoscan Ds,,Laboratório,Solução Digital,Scanner
Scanner 3D E2 Scan Only Basic Package ,,Laboratório,Solução Digital,Scanner
Scanner Intraoral Trios 3 ,,Laboratório,Solução Digital,Scanner
Scanner Intraoral TRIOS 3 Classic DSO Grip Pod ,,Laboratório,Solução Digital,Scanner
Scanner Intraoral Trios 3 Wired ,,Laboratório,Solução Digital,Scanner
Scanner Intraoral Trios 4 ,,Laboratório,Solução Digital,Scanner
Scanner Intraoral Trios 5 Wireless ,,Laboratório,Solução Digital,Scanner
Calça Scrub Unissex Unik Bordô ,,Dentista,Moda e Vestuário,Scrubs e Jalecos
Calça Scrub Unissex Unik Branco ,,Dentista,Moda e Vestuário,Scrubs e Jalecos
Calça Scrub Unissex Unik Preto ,,Dentista,Moda e Vestuário,Scrubs e Jalecos
Scrub Blusa Feminina Conto de Fadas ,,Dentista,Moda e Vestuário,Scrubs e Jalecos
Scrub Blusa Feminina Decote V Gabardine Branco Princesa Plus Size ,,Dentista,Moda e Vestuário,Scrubs e Jalecos
Scrub Blusa Feminina Decote V Gabardine Vermelho ,,Dentista,Moda e Vestuário,Scrubs e Jalecos
Scrub Blusa Feminina Dry Fit Preto ,,Dentista,Moda e Vestuário,Scrubs e Jalecos
Scrub Blusa Feminino Manga Longa Carla Gabardine Roxo ,,Dentista,Moda e Vestuário,Scrubs e Jalecos
Scrub Blusa Masculina Decote V Gabardine Branco ,,Dentista,Moda e Vestuário,Scrubs e Jalecos
Scrub Calça Unissex Dry Fit Azul ,,Dentista,Moda e Vestuário,Scrubs e Jalecos
Scrub Calça Unissex Dry Fit Preto ,,Dentista,Moda e Vestuário,Scrubs e Jalecos
Scrub Calça Unissex Gabardine Cinza ,,Dentista,Moda e Vestuário,Scrubs e Jalecos
Scrub Calça Unissex Gabardine Preto ,,Dentista,Moda e Vestuário,Scrubs e Jalecos
Scrub Calça Unissex Gabardine Rosê ,,Dentista,Moda e Vestuário,Scrubs e Jalecos
Scrub Feminino Active Azul Jeans ,,Dentista,Moda e Vestuário,Scrubs e Jalecos
Scrub Feminino Active Bordô ,,Dentista,Moda e Vestuário,Scrubs e Jalecos
Scrub Feminino Active Verde ,,Dentista,Moda e Vestuário,Scrubs e Jalecos
Scrub Feminino Hello Kitty Blue ,,Dentista,Moda e Vestuário,Scrubs e Jalecos
Scrub Feminino Impulse Azul Marinho ,,Dentista,Moda e Vestuário,Scrubs e Jalecos
Scrub Feminino Polo Bege ,,Dentista,Moda e Vestuário,Scrubs e Jalecos
Scrub Feminino Polo Preto ,,Dentista,Moda e Vestuário,Scrubs e Jalecos
Scrub Feminino Polo Rosê ,,Dentista,Moda e Vestuário,Scrubs e Jalecos
Scrub Feminino yasmin Azul Marinho ,,Dentista,Moda e Vestuário,Scrubs e Jalecos
Scrub Masculino Active Azul Jeans ,,Dentista,Moda e Vestuário,Scrubs e Jalecos
Scrub Masculino Active Bordô ,,Dentista,Moda e Vestuário,Scrubs e Jalecos
Scrub Masculino Active Verde ,,Dentista,Moda e Vestuário,Scrubs e Jalecos
Scrub Masculino Impulse Preto ,,Dentista,Moda e Vestuário,Scrubs e Jalecos
Scrub Masculino Marrocos Chumbo ,,Dentista,Moda e Vestuário,Scrubs e Jalecos
Scrub Masculino Polo Bege ,,Dentista,Moda e Vestuário,Scrubs e Jalecos
Scrub Masculino Polo Preto ,,Dentista,Moda e Vestuário,Scrubs e Jalecos
Cimento Endodôntico Endo Sealer Plus 15g ,,Dentista,Cimentos,Cimentos Endodônticos
Cimento Endodôntico Endo Sealer Premium ,,Dentista,Cimentos,Cimentos Endodônticos
Kit Selante Fluroshield Matizado ,,Dentista,Prevenção e Profilaxia,Selantes e Vernizes
Kit Selante Selaf ,,Dentista,Prevenção e Profilaxia,Selantes e Vernizes
Selante Bioseal Foto ,,Dentista,Prevenção e Profilaxia,Selantes e Vernizes
Selante Bioseal Fotopolimerizável ,,Dentista,Prevenção e Profilaxia,Selantes e Vernizes
Selante Conseal F ,,Dentista,Prevenção e Profilaxia,Selantes e Vernizes
Selante de Superfície Bioforty ,,Dentista,Prevenção e Profilaxia,Selantes e Vernizes
Selante Defense Chroma ,,Dentista,Prevenção e Profilaxia,Selantes e Vernizes
Selante e Glaze Proviplast ,,Dentista,Prevenção e Profilaxia,Selantes e Vernizes
Selante Endosealer ,,Dentista,Prevenção e Profilaxia,Selantes e Vernizes
Selante Fluroshield ,,Dentista,Prevenção e Profilaxia,Selantes e Vernizes
Selante Ionomérico 3M™ Clinpro™ XT Varnish ,,Dentista,Prevenção e Profilaxia,Selantes e Vernizes
Selante Max Seal ,,Dentista,Prevenção e Profilaxia,Selantes e Vernizes
Selante Max Seal Kit ,,Dentista,Prevenção e Profilaxia,Selantes e Vernizes
Selante PermaSeal ,,Dentista,Prevenção e Profilaxia,Selantes e Vernizes
Selante Prevent ,,Dentista,Prevenção e Profilaxia,Selantes e Vernizes
Selante Riva Coat ,,Dentista,Prevenção e Profilaxia,Selantes e Vernizes
Selante Selaf ,,Dentista,Prevenção e Profilaxia,Selantes e Vernizes
Selante Super Seal ,,Dentista,Prevenção e Profilaxia,Selantes e Vernizes
Seletor Altura Componente Cone Morse ,,Dentista,Implantodontia,Instrumentais para Implantodontia
Seletor Altura Componente Hexagono Interno e Externo ,,Dentista,Implantodontia,Instrumentais para Implantodontia
Sensor Digital Intraoral Eagle S T1 ,,Dentista,Equipamentos e Peças de Mão,Equipamentos para Diagnóstico
Sensor Digital Intraoral Eagle S T2 ,,Dentista,Equipamentos e Peças de Mão,Equipamentos para Diagnóstico
Sensor Digital Intraoral Slim T1 ,,Dentista,Equipamentos e Peças de Mão,Equipamentos para Diagnóstico
Sensor Digital Intraoral Slim T2 ,,Dentista,Equipamentos e Peças de Mão,Equipamentos para Diagnóstico
Sensor Digital Intraoral Eagle Tamanho 1 para Raio,,Dentista,Equipamentos e Peças de Mão,Equipamentos para Diagnóstico
Sensor para Radiografia Digital Intraoral Eagle Tamanho 2 ,,Dentista,Equipamentos e Peças de Mão,Equipamentos para Diagnóstico
Sensor para Radiografia Digital MI FIT T2 ,,Dentista,Equipamentos e Peças de Mão,Equipamentos para Diagnóstico
Sensor Radiologico Digital Timex 1H ,,Dentista,Equipamentos e Peças de Mão,Equipamentos para Diagnóstico
Sensor Radiológico Digital Timex 2H ,,Dentista,Equipamentos e Peças de Mão,Equipamentos para Diagnóstico
Sequência de Arcos Estéticos NiTi Termoativado Active Clear ,,Dentista,Ortodontia,Fios Ortodônticos
Sequência de Arcos Estéticos NiTi Termoativado Contour H5 ,,Dentista,Ortodontia,Fios Ortodônticos
Sequência de Arcos NiTi Termoativados 35° Contour EasyClip ,,Dentista,Ortodontia,Fios Ortodônticos
Sequência de Arcos NiTi Termoativados Bioclip ,,Dentista,Ortodontia,Fios Ortodônticos
Sequência de Arcos para Bráquete Autoligado ,,Dentista,Ortodontia,Fios Ortodônticos
Sequência de Arcos para Bráquete Autoligado ,,Dentista,Ortodontia,Fios Ortodônticos
Seringa Carpule Com Aspiração ,,Dentista,Anestésicos e Agulha Gengival,Seringas para Anestesia
Seringa Carpule Com Refluxo ,,Dentista,Anestésicos e Agulha Gengival,Seringas para Anestesia
Seringa Carpule com Refluxo ,,Dentista,Anestésicos e Agulha Gengival,Seringas para Anestesia
Seringa Carpule com Refluxo ,,Dentista,Anestésicos e Agulha Gengival,Seringas para Anestesia
Seringa Carpule com Refluxo ,,Dentista,Anestésicos e Agulha Gengival,Seringas para Anestesia
Seringa Carpule Com Refluxo ,,Dentista,Anestésicos e Agulha Gengival,Seringas para Anestesia
Seringa Carpule com Refluxo Articulada Duflex ,Duflex,Dentista,Anestésicos e Agulha Gengival,Seringas para Anestesia
Seringa Carpule com Refluxo Colorida ,,Dentista,Anestésicos e Agulha Gengival,Seringas para Anestesia
Seringa Carpule com Refluxo Colors ,Colors,Dentista,Anestésicos e Agulha Gengival,Seringas para Anestesia
Seringa Carpule com Refluxo Colors Pink ,Colors,Dentista,Anestésicos e Agulha Gengival,Seringas para Anestesia
Seringa Carpule com Refluxo Preta Millennium ,Millennium,Dentista,Anestésicos e Agulha Gengival,Seringas para Anestesia
Seringa Carpule Sem Refluxo ,,Dentista,Anestésicos e Agulha Gengival,Seringas para Anestesia
Seringa Cristaline sem Agulha ,,Dentista,Harmonização Orofacial,Acessórios para Harmonização Orofacial
Seringa De Insulina 1ml Bico Slip Com Agulha ,,Dentista,Descartáveis,Produtos para Procedimentos
Seringa Descartável Plastipak Luer Lock 10ml com Agulha ,,Dentista,Descartáveis,Produtos para Procedimentos
Seringa Descartável Plastipak Luer Lock 3ml com Agulha ,,Dentista,Descartáveis,Produtos para Procedimentos
Seringa Descartável Plastipak Luer Lock 5ml com Agulha ,,Dentista,Descartáveis,Produtos para Procedimentos
Seringa Descartável para Caneta Pressurizada Smart Press ,,Dentista,Harmonização Orofacial,Acessórios para Harmonização Orofacial
Seringa Descartável para Caneta Pressurizada Smart Press ,,Dentista,Harmonização Orofacial,Acessórios para Harmonização Orofacial
Seringa Hipodérmica Com Agulha ,,Dentista,Descartáveis,Produtos para Procedimentos
Seringa Descartável Luer Lock 5ml Sem Agulha – BD,,Dentista,Descartáveis,Produtos para Procedimentos
Seringa Hipodérmica Sem Agulha ,,Dentista,Descartáveis,Produtos para Procedimentos
Seringa Hipodérmica Sem Agulha ,,Dentista,Descartáveis,Produtos para Procedimentos
Seringa Hipodérmica Sem Agulha ,,Dentista,Descartáveis,Produtos para Procedimentos
Seringa Hipodérmica Sem Agulha ,,Dentista,Descartáveis,Produtos para Procedimentos
Seringa Hipodérmica Sem Agulha ,,Dentista,Descartáveis,Produtos para Procedimentos
Seringa Descartável Insulina Com Agulha Luer Slip ,,Dentista,Harmonização Orofacial,Acessórios para Harmonização Orofacial
Seringa para Aplicação de Toxina Botulínica Com Agulha ,,Dentista,Harmonização Orofacial,Acessórios para Harmonização Orofacial
Seringa Para Insulina Plastipak ,,Dentista,Harmonização Orofacial,Acessórios para Harmonização Orofacial
Seringa Ultra Fine Com Agulha ,,Dentista,Descartáveis,Produtos para Procedimentos
Seringa Ultra Fine Com Agulha ,,Dentista,Descartáveis,Produtos para Procedimentos
Seringa Ultra Fine Com Agulha ,,Dentista,Descartáveis,Produtos para Procedimentos
Seringa Ultra Fine Com Agulha 30UI ,,Dentista,Descartáveis,Produtos para Procedimentos
Seringa Ultra Fine Com Agulha 50UI ,,Dentista,Descartáveis,Produtos para Procedimentos
Seringa Ultra Fine Com Agulha 50UI ,,Dentista,Descartáveis,Produtos para Procedimentos
Serra Microcut ,,Dentista,Dentística e Estética,Acabamento e Polimento
Serra Microcut Manual ,,Dentista,Dentística e Estética,Acabamento e Polimento
Kit Sérum Clareador e Anti,,Dentista,Harmonização Orofacial,Dermocosméticos
Kit Sérum de Ação Antioxidante Monodose Vitamina C ,,Dentista,Harmonização Orofacial,Dermocosméticos
Kit Sérum para Melasma Monodose LumiEssence ,,Dentista,Harmonização Orofacial,Dermocosméticos
Kit Sérum Renovador Cutâneo Monodose Nano Boost ,,Dentista,Harmonização Orofacial,Dermocosméticos
Sérum Ácido Hialurônico ,,Dentista,Harmonização Orofacial,Dermocosméticos
Sérum Epigen C 10 ampolas com 2ml ,,Dentista,Harmonização Orofacial,Dermocosméticos
Sérum Iluminador Luminescence 30ml ,,Dentista,Harmonização Orofacial,Dermocosméticos
Sérum Juvesilk C 60ml ,,Dentista,Harmonização Orofacial,Dermocosméticos
Sérum Vitamina C ,,Dentista,Harmonização Orofacial,Dermocosméticos
Sérum+ Beaute ,,Dentista,Harmonização Orofacial,Dermocosméticos
SkinDeep AZ,,Dentista,Harmonização Orofacial,Dermocosméticos
SkinDeep Coenzyme Q10 SDC,,Dentista,Harmonização Orofacial,Dermocosméticos
Skindeep Copper Peptide Tendering Sérum ,,Dentista,Harmonização Orofacial,Dermocosméticos
SkinDeep EGF SDC,,Dentista,Harmonização Orofacial,Dermocosméticos
SkinDeep Eye Elasticity ,,Dentista,Harmonização Orofacial,Dermocosméticos
Skindeep Ferment Polypeptide Fading Sérum ,,Dentista,Harmonização Orofacial,Dermocosméticos
SkinDeep Hexapeptide Sérum SDC,,Dentista,Harmonização Orofacial,Dermocosméticos
SkinDeep Levorotatory VC SDC,,Dentista,Harmonização Orofacial,Dermocosméticos
SkinDeep Protein Peptide SDC,,Dentista,Harmonização Orofacial,Dermocosméticos
SkinDeep Tranexamic Acid Sérum de Ação Clareadora ,,Dentista,Harmonização Orofacial,Dermocosméticos
Adesivo HeraCeram Zircônia 750 3ml ,,Dentista,Prótese Clínica e Reabilitação Oral,Materiais para Ajuste e Acabamento
Adesivo Signum Connector ,,Dentista,Prótese Clínica e Reabilitação Oral,Materiais para Ajuste e Acabamento
Adesivo Signum Metal Bond ,,Dentista,Prótese Clínica e Reabilitação Oral,Materiais para Ajuste e Acabamento
Agente de Ligação Silano ,,Dentista,Prótese Clínica e Reabilitação Oral,Materiais para Ajuste e Acabamento
Agente de União 3M™ Silano RelyX™ Ceramic Primer ,,Dentista,Prótese Clínica e Reabilitação Oral,Materiais para Ajuste e Acabamento
Agente de União Palabond ,,Dentista,Prótese Clínica e Reabilitação Oral,Materiais para Ajuste e Acabamento
Agente de União Silano ,,Dentista,Prótese Clínica e Reabilitação Oral,Materiais para Ajuste e Acabamento
Agente de União Silano ,,Dentista,Prótese Clínica e Reabilitação Oral,Materiais para Ajuste e Acabamento
Agente de União Silano ,,Dentista,Prótese Clínica e Reabilitação Oral,Materiais para Ajuste e Acabamento
Agente de União Silano ,,Dentista,Prótese Clínica e Reabilitação Oral,Materiais para Ajuste e Acabamento
Agente de União Silano ,,Dentista,Prótese Clínica e Reabilitação Oral,Materiais para Ajuste e Acabamento
Agente de União Silano Bonding Vision ,,Dentista,Prótese Clínica e Reabilitação Oral,Materiais para Ajuste e Acabamento
Agente de União Silano Gluma Ceramic Primer ,,Dentista,Prótese Clínica e Reabilitação Oral,Materiais para Ajuste e Acabamento
Agente de União Silano Prosil ,,Dentista,Prótese Clínica e Reabilitação Oral,Materiais para Ajuste e Acabamento
Agente de União Silano Silane ,,Dentista,Prótese Clínica e Reabilitação Oral,Materiais para Ajuste e Acabamento
Agente de União Sylano ,,Dentista,Prótese Clínica e Reabilitação Oral,Materiais para Ajuste e Acabamento
Silano ,,Dentista,Prótese Clínica e Reabilitação Oral,Materiais para Ajuste e Acabamento
Silano ,,Dentista,Prótese Clínica e Reabilitação Oral,Materiais para Ajuste e Acabamento
Silano Agente de Ligação 5ml ,,Dentista,Prótese Clínica e Reabilitação Oral,Materiais para Ajuste e Acabamento
Silano Agente de União 5ml ,,Dentista,Prótese Clínica e Reabilitação Oral,Materiais para Ajuste e Acabamento
Silano Ceramic Bond ,Ceramic Bond,Dentista,Prótese Clínica e Reabilitação Oral,Materiais para Ajuste e Acabamento
Kit 3M™ Express™ XT Pasta Densa + Pasta Catalisadora + Pasta Fluida M/V + 10 Pontas Aplicadoras ,Express,Dentista,Prótese Clínica e Reabilitação Oral,Materiais para Moldagem
Kit Silicone + Adesivo ,Reflex,Dentista,Prótese Clínica e Reabilitação Oral,Materiais para Moldagem
Kit Silicone de Adição ,Certto,Dentista,Prótese Clínica e Reabilitação Oral,Materiais para Moldagem
Kit Silicone de Adição ,Certto,Dentista,Prótese Clínica e Reabilitação Oral,Materiais para Moldagem
Kit Silicone de Adição + Gesso ,Elite,Dentista,Prótese Clínica e Reabilitação Oral,Materiais para Moldagem
Kit Silicone de Adição Adsil Dispenser ,Adsil,Dentista,Prótese Clínica e Reabilitação Oral,Materiais para Moldagem
Kit Silicone de Adição Adsil Putty Soft Body ,Adsil,Dentista,Prótese Clínica e Reabilitação Oral,Materiais para Moldagem
Kit Silicone de Adição Futura AD – DFL,Futura,Dentista,Prótese Clínica e Reabilitação Oral,Materiais para Moldagem
Kit Silicone de Adição Gingi Lab Hard ,Ging Lab,Laboratório,Materiais para Moldagem e Duplicação,Silicones de Laboratório
Kit Silicone de Adição Gingi Mask Elástico ,Ging Mask,Laboratório,Materiais para Moldagem e Duplicação,Silicones de Laboratório
Kit Silicone de Adição Hydrorise Light Body ,Hydrorise,Dentista,Prótese Clínica e Reabilitação Oral,Materiais para Moldagem
Kit Silicone de Adição Hydrorise Light Regular ,Hydrorise,Dentista,Prótese Clínica e Reabilitação Oral,Materiais para Moldagem
Kit Silicone de Adição One Putty Soft + Light Body ,One,Dentista,Prótese Clínica e Reabilitação Oral,Materiais para Moldagem
Kit Silicone de Adição Panasil Putty Soft Denso ,Panasil,Dentista,Prótese Clínica e Reabilitação Oral,Materiais para Moldagem
Kit Silicone de Adição President Putty Super Soft + Light Body + Regular Body ,President,Dentista,Prótese Clínica e Reabilitação Oral,Materiais para Moldagem
Kit Silicone de Adição President Putty Super Soft e Light Body ,President,Dentista,Prótese Clínica e Reabilitação Oral,Materiais para Moldagem
Kit Silicone de Adição President Putty Super Soft e Regular Body ,President,Dentista,Prótese Clínica e Reabilitação Oral,Materiais para Moldagem
Kit Silicone de Adição Scan Putty Light ,Scan Putty,Dentista,Prótese Clínica e Reabilitação Oral,Materiais para Moldagem
Kit Silicone de Adição Scan Putty Light ,Scan Putty,Dentista,Prótese Clínica e Reabilitação Oral,Materiais para Moldagem
Kit Silicone de Adição Scan Putty Light – Yller,Scan Putty,Dentista,Prótese Clínica e Reabilitação Oral,Materiais para Moldagem
Kit Silicone de Adição Scan Putty Regular ,Scan Putty,Dentista,Prótese Clínica e Reabilitação Oral,Materiais para Moldagem
Kit Silicone de Adição Silic One Putty + Resina Primma Art 7G ,Silic One,Dentista,Prótese Clínica e Reabilitação Oral,Materiais para Moldagem
Kit Silicone de Adição Silic One Putty Soft ,Silic One,Dentista,Prótese Clínica e Reabilitação Oral,Materiais para Moldagem
Kit Silicone de Adição Variomaster ,Variomaster,Dentista,Prótese Clínica e Reabilitação Oral,Materiais para Moldagem
Kit Silicone de Adição Variomaster 2 ,Variomaster,Dentista,Prótese Clínica e Reabilitação Oral,Materiais para Moldagem
Mini Kit Silicone de Adição Silic One Putty Soft + Light Body ,Silic One,Dentista,Prótese Clínica e Reabilitação Oral,Materiais para Moldagem
Silicone de Adição 3M™ Express™ XT  ,Express,Dentista,Prótese Clínica e Reabilitação Oral,Materiais para Moldagem
Silicone de Adição 3M™ Express™ XT  Denso ,Express,Dentista,Prótese Clínica e Reabilitação Oral,Materiais para Moldagem
Silicone de Adição Adsil Body ,Adsil,Dentista,Prótese Clínica e Reabilitação Oral,Materiais para Moldagem
Silicone de Adição Elite Glass ,Elite,Dentista,Prótese Clínica e Reabilitação Oral,Materiais para Moldagem
Silicone de Adição Elite HD + Light Body Fast ,Elite,Dentista,Prótese Clínica e Reabilitação Oral,Materiais para Moldagem
Silicone de Adição Elite HD + Light Body Normal ,Elite,Dentista,Prótese Clínica e Reabilitação Oral,Materiais para Moldagem
Silicone de Adição Elite HD + Regular Body Normal ,Elite,Dentista,Prótese Clínica e Reabilitação Oral,Materiais para Moldagem
Silicone de Adição Elite HD+ Putty Soft Denso ,Elite,Dentista,Prótese Clínica e Reabilitação Oral,Materiais para Moldagem
Silicone de Adição Elite Transparente ,Elite,Dentista,Prótese Clínica e Reabilitação Oral,Materiais para Moldagem
Silicone de Adição Futura AD ,Futura,Dentista,Prótese Clínica e Reabilitação Oral,Materiais para Moldagem
Silicone de Adição Futura AD ,Futura,Dentista,Prótese Clínica e Reabilitação Oral,Materiais para Moldagem
Silicone de Adição Futura AD Fluido Leve ,Futura,Dentista,Prótese Clínica e Reabilitação Oral,Materiais para Moldagem
Silicone de Adição Futura AD Fluido Regular ,Futura,Dentista,Prótese Clínica e Reabilitação Oral,Materiais para Moldagem
Silicone de Adição Gingifast Elastic ,Gingfast,Dentista,Prótese Clínica e Reabilitação Oral,Materiais para Moldagem
Silicone de Adição Gingifast Rigid ,Gingfast,Dentista,Prótese Clínica e Reabilitação Oral,Materiais para Moldagem
Silicone de Adição Honigum AM Light Fast ,Honigum,Dentista,Prótese Clínica e Reabilitação Oral,Materiais para Moldagem
Silicone de Adição Honigum AM Light Fast ,Honigum,Dentista,Prótese Clínica e Reabilitação Oral,Materiais para Moldagem
Silicone de Adição Honigum Light ,Honigum,Dentista,Prótese Clínica e Reabilitação Oral,Materiais para Moldagem
Silicone de Adição Honigum Light AM ,Honigum,Dentista,Prótese Clínica e Reabilitação Oral,Materiais para Moldagem
Silicone de Adição Honigum Mono Mixstar ,Honigum,Dentista,Prótese Clínica e Reabilitação Oral,Materiais para Moldagem
Silicone de Adição Honigum Mono Mixstar ,Honigum,Dentista,Prótese Clínica e Reabilitação Oral,Materiais para Moldagem
Silicone de Adição Honigum MS Heavy ,Honigum,Dentista,Prótese Clínica e Reabilitação Oral,Materiais para Moldagem
Silicone de Adição Honigum MS Soft ,Honigum,Dentista,Prótese Clínica e Reabilitação Oral,Materiais para Moldagem
Silicone de Adição Hydrorise Putty ,Hydrorise,Dentista,Prótese Clínica e Reabilitação Oral,Materiais para Moldagem
Silicone de Adição Impression AD Putty ,Impression AD,Dentista,Prótese Clínica e Reabilitação Oral,Materiais para Moldagem
Silicone de Adição Impression Bite ,Impression Bite,Dentista,Prótese Clínica e Reabilitação Oral,Materiais para Moldagem
Silicone de Adição Impression Glass Regular ,Impression Glass,Dentista,Prótese Clínica e Reabilitação Oral,Materiais para Moldagem
Silicone de Adição Kromopansil Bite ,Kromopansil,Dentista,Prótese Clínica e Reabilitação Oral,Materiais para Moldagem
Silicone de Adição Kromopansil Light ,Kromopansil,Dentista,Prótese Clínica e Reabilitação Oral,Materiais para Moldagem
Silicone de Adição Kromopansil Putty ,Kromopansil,Dentista,Prótese Clínica e Reabilitação Oral,Materiais para Moldagem
Silicone de Adição Kromopansil Regular ,Kromopansil,Dentista,Prótese Clínica e Reabilitação Oral,Materiais para Moldagem
Silicone de Adição One Heavy Body I ,One,Dentista,Prótese Clínica e Reabilitação Oral,Materiais para Moldagem
Silicone de Adição One Light Body I ,One,Dentista,Prótese Clínica e Reabilitação Oral,Materiais para Moldagem
Silicone de Adição One Light Body II ,One,Dentista,Prótese Clínica e Reabilitação Oral,Materiais para Moldagem
Silicone de Adição One Putty Soft ,One,Dentista,Prótese Clínica e Reabilitação Oral,Materiais para Moldagem
Silicone de Adição Panasil Initial Contact Fluido Light ,Panasil,Dentista,Prótese Clínica e Reabilitação Oral,Materiais para Moldagem
Silicone de Adição Panasil Initial Contact X,Panasil,Dentista,Prótese Clínica e Reabilitação Oral,Materiais para Moldagem
Silicone de Adição para Modelos Die ,Modelos Die,Dentista,Prótese Clínica e Reabilitação Oral,Materiais para Moldagem
Silicone de Adição para Modelos Impression Die ,Impression Die,Dentista,Prótese Clínica e Reabilitação Oral,Materiais para Moldagem
Silicone de Adição Para Modelos Scan Die ,Scan Die,Dentista,Prótese Clínica e Reabilitação Oral,Materiais para Moldagem
Silicone de Adição President Heavy Body ,President,Dentista,Prótese Clínica e Reabilitação Oral,Materiais para Moldagem
Silicone de Adição President Light Body ,President,Dentista,Prótese Clínica e Reabilitação Oral,Materiais para Moldagem
Silicone de Adição President Putty Super Soft ,President,Dentista,Prótese Clínica e Reabilitação Oral,Materiais para Moldagem
Silicone de Adição President Regular Body ,President,Dentista,Prótese Clínica e Reabilitação Oral,Materiais para Moldagem
Silicone de Adição President Xtra Light Body ,President,Dentista,Prótese Clínica e Reabilitação Oral,Materiais para Moldagem
Silicone de Adição Resgitro Oclusal Occlufast Rock ,Occlufast,Dentista,Prótese Clínica e Reabilitação Oral,Materiais para Moldagem
Silicone de Adição Scan Light ,Scan,Dentista,Prótese Clínica e Reabilitação Oral,Materiais para Moldagem
Silicone de Adição Scan Monophase ,Scan,Dentista,Prótese Clínica e Reabilitação Oral,Materiais para Moldagem
Silicone de Adição Scan Putty ,Scan,Dentista,Prótese Clínica e Reabilitação Oral,Materiais para Moldagem
Silicone de Adição Scan Putty Denso ,Scan,Dentista,Prótese Clínica e Reabilitação Oral,Materiais para Moldagem
Silicone de Adição Scan Putty Kit ,Scan,Dentista,Prótese Clínica e Reabilitação Oral,Materiais para Moldagem
Silicone de Adição Scan Putty Light Kit ,Scan,Dentista,Prótese Clínica e Reabilitação Oral,Materiais para Moldagem
Silicone de Adição Scan Regular ,Scan,Dentista,Prótese Clínica e Reabilitação Oral,Materiais para Moldagem
Silicone de Adição Scan Translux ,Scan,Dentista,Prótese Clínica e Reabilitação Oral,Materiais para Moldagem
Silicone de Adição Silagum ,Silagum,Dentista,Prótese Clínica e Reabilitação Oral,Materiais para Moldagem
Silicone de Adição Silagum ,Silagum,Dentista,Prótese Clínica e Reabilitação Oral,Materiais para Moldagem
Silicone de Adição Silagum AM Mono S,Silagum,Dentista,Prótese Clínica e Reabilitação Oral,Materiais para Moldagem
Silicone de Adição Silagum Light ,Silagum,Dentista,Prótese Clínica e Reabilitação Oral,Materiais para Moldagem
Silicone de Adição Silagum Putty Soft ,Silagum,Dentista,Prótese Clínica e Reabilitação Oral,Materiais para Moldagem
Silicone de Adição Silagum Putty Soft ,Silagum,Dentista,Prótese Clínica e Reabilitação Oral,Materiais para Moldagem
Silicone de Adição Silagum Putty Soft Mixstar ,Silagum,Dentista,Prótese Clínica e Reabilitação Oral,Materiais para Moldagem
Silicone de Adição Silagum Putty Soft Mixstar ,Silagum,Dentista,Prótese Clínica e Reabilitação Oral,Materiais para Moldagem
Silicone de Adição Silic One Bite Registration I ,Silic One,Dentista,Prótese Clínica e Reabilitação Oral,Materiais para Moldagem
Silicone de Adição Silic One Clear Body I ,Silic One,Dentista,Prótese Clínica e Reabilitação Oral,Materiais para Moldagem
Silicone de Adição Take 1 Advanced Bite Registration ,Take 1,Dentista,Prótese Clínica e Reabilitação Oral,Materiais para Moldagem
Silicone de Adição Take 1 Advanced Light Body ,Take 1,Dentista,Prótese Clínica e Reabilitação Oral,Materiais para Moldagem
Silicone de Adição Take 1 Advanced Tray Rigid Fast Set ,Take 1,Dentista,Prótese Clínica e Reabilitação Oral,Materiais para Moldagem
Silicone de Adição Take1 Advanced Putty ,Take 1,Dentista,Prótese Clínica e Reabilitação Oral,Materiais para Moldagem
Silicone de Adição Transil F ,Transil,Dentista,Prótese Clínica e Reabilitação Oral,Materiais para Moldagem
Silicone de Adição Variomaster Kit ,Variomaster,Dentista,Prótese Clínica e Reabilitação Oral,Materiais para Moldagem
Silicone de Adição Variotime ,Variotime,Dentista,Prótese Clínica e Reabilitação Oral,Materiais para Moldagem
Silicone de Adição Variotime Kit ,Variotime,Dentista,Prótese Clínica e Reabilitação Oral,Materiais para Moldagem
Silicone de Adição Variotime Light Flow ,Variotime,Dentista,Prótese Clínica e Reabilitação Oral,Materiais para Moldagem
Silicone de Adição Variotime Medium Flow ,Variotime,Dentista,Prótese Clínica e Reabilitação Oral,Materiais para Moldagem
Silicone de Adição Vestige Clear ,Vestige,Dentista,Prótese Clínica e Reabilitação Oral,Materiais para Moldagem
Silicone de Adição Vestige Gengivest ,Vestige,Dentista,Prótese Clínica e Reabilitação Oral,Materiais para Moldagem
Silicone de Adição Virtual Light Body Regular ,Virtual,Dentista,Prótese Clínica e Reabilitação Oral,Materiais para Moldagem
Silicone de Adição Virtual Putty Regular ,Virtual,Dentista,Prótese Clínica e Reabilitação Oral,Materiais para Moldagem
Silicone de Adição Xilgum ,Xilgum,Dentista,Prótese Clínica e Reabilitação Oral,Materiais para Moldagem
Silicone de Adição Xilgum Soft ,Xilgum,Dentista,Prótese Clínica e Reabilitação Oral,Materiais para Moldagem
Kit Intro Silicone de Condensação Zetaplus ,Zetaplus,Dentista,Prótese Clínica e Reabilitação Oral,Materiais para Moldagem
Kit Silicone de Condensação AllPrime,AllPrime,Dentista,Prótese Clínica e Reabilitação Oral,Materiais para Moldagem
Kit Silicone de Condensação Clonage ,Clonage,Dentista,Prótese Clínica e Reabilitação Oral,Materiais para Moldagem
Kit Silicone de Condensação Optosil Pesado,Optosil,Dentista,Prótese Clínica e Reabilitação Oral,Materiais para Moldagem
Kit Silicone de Condensação Reflex ,Reflex,Dentista,Prótese Clínica e Reabilitação Oral,Materiais para Moldagem
Kit Silicone de Condensação Silaxil Box ,Silaxil,Dentista,Prótese Clínica e Reabilitação Oral,Materiais para Moldagem
Kit Silicone de Condensação Speedex – Coltene,Speedex,Dentista,Prótese Clínica e Reabilitação Oral,Materiais para Moldagem
Kit Silicone de Condensação Speedex New Promocional ,Speedex,Dentista,Prótese Clínica e Reabilitação Oral,Materiais para Moldagem
Mini Kit Silicone de Condensação Speedex New ,Speedex,Dentista,Prótese Clínica e Reabilitação Oral,Materiais para Moldagem
Silicone de Condensação Activator ,Activator,Dentista,Prótese Clínica e Reabilitação Oral,Materiais para Moldagem
Silicone de Condensação Catalisador Indurent 60ml ,Indurent,Dentista,Prótese Clínica e Reabilitação Oral,Materiais para Moldagem
Silicone de Condensação Clonage Catalisador ,Clonage,Dentista,Prótese Clínica e Reabilitação Oral,Materiais para Moldagem
Silicone de Condensação Clonage Denso ,Clonage,Dentista,Prótese Clínica e Reabilitação Oral,Materiais para Moldagem
Silicone de Condensação Clonage Fluido ,Clonage,Dentista,Prótese Clínica e Reabilitação Oral,Materiais para Moldagem
Silicone de Condensação Enersyl Catalisador ,Enersyl,Dentista,Prótese Clínica e Reabilitação Oral,Materiais para Moldagem
Silicone de Condensação Flex Sil,Flex Sil,Dentista,Prótese Clínica e Reabilitação Oral,Materiais para Moldagem
Silicone de Condensação Flex Sil,Flex Sil,Dentista,Prótese Clínica e Reabilitação Oral,Materiais para Moldagem
Silicone de Condensação Flex Sil ,Flex Sil,Dentista,Prótese Clínica e Reabilitação Oral,Materiais para Moldagem
Silicone de Condensação Flex Sil Catalisador ,Flex Sil,Dentista,Prótese Clínica e Reabilitação Oral,Materiais para Moldagem
Silicone de Condensação Flex Sil Denso ,Flex Sil,Dentista,Prótese Clínica e Reabilitação Oral,Materiais para Moldagem
Silicone de Condensação Flex Sil Fluido ,Flex Sil,Dentista,Prótese Clínica e Reabilitação Oral,Materiais para Moldagem
Silicone de Condensação Indurent Gel ,Indurent,Dentista,Prótese Clínica e Reabilitação Oral,Materiais para Moldagem
Silicone de Condensação Optosil Pesado ,Optosil,Dentista,Prótese Clínica e Reabilitação Oral,Materiais para Moldagem
Silicone de Condensação Oranwash L Fluido ,Oranwash,Dentista,Prótese Clínica e Reabilitação Oral,Materiais para Moldagem
Silicone de Condensação Perfil ,Perfil,Dentista,Prótese Clínica e Reabilitação Oral,Materiais para Moldagem
Silicone de Condensação Perfil Catalisador ,Perfil,Dentista,Prótese Clínica e Reabilitação Oral,Materiais para Moldagem
Silicone de Condensação Perfil Fluido Light Body ,Perfil,Dentista,Prótese Clínica e Reabilitação Oral,Materiais para Moldagem
Silicone de Condensação Perfil Putty Denso ,Perfil,Dentista,Prótese Clínica e Reabilitação Oral,Materiais para Moldagem
Silicone de Condensação Reflex Catalisador ,Reflex,Dentista,Prótese Clínica e Reabilitação Oral,Materiais para Moldagem
Silicone de Condensação Reflex Denso ,Reflex,Dentista,Prótese Clínica e Reabilitação Oral,Materiais para Moldagem
Silicone de Condensação Reflex Fluido ,Reflex,Dentista,Prótese Clínica e Reabilitação Oral,Materiais para Moldagem
Silicone de Condensação Silaxil Light ,Silaxil,Dentista,Prótese Clínica e Reabilitação Oral,Materiais para Moldagem
Silicone de Condensação Silaxil Putty ,Silaxil,Dentista,Prótese Clínica e Reabilitação Oral,Materiais para Moldagem
Silicone de Condensação Silaxil Regular ,Silaxil,Dentista,Prótese Clínica e Reabilitação Oral,Materiais para Moldagem
Silicone de Condensação Speedex Catalisador ,Speedex,Dentista,Prótese Clínica e Reabilitação Oral,Materiais para Moldagem
Silicone de Condensação Speedex Light Body Fluido ,Speedex,Dentista,Prótese Clínica e Reabilitação Oral,Materiais para Moldagem
Silicone de Condensação Speedex New Ligth Body ,Speedex,Dentista,Prótese Clínica e Reabilitação Oral,Materiais para Moldagem
Silicone de Condensação Speedex New Putty ,Speedex,Dentista,Prótese Clínica e Reabilitação Oral,Materiais para Moldagem
Silicone de Condensação Speedex New Universal Activador ,Speedex,Dentista,Prótese Clínica e Reabilitação Oral,Materiais para Moldagem
Silicone de Condensação Speedex Putty ,Speedex,Dentista,Prótese Clínica e Reabilitação Oral,Materiais para Moldagem
Silicone de Condensação Vestige C,Vestige,Dentista,Prótese Clínica e Reabilitação Oral,Materiais para Moldagem
Silicone de Condensação Vestige C Lab Putty 85 5Kg + Catalisador ,Vestige,Dentista,Prótese Clínica e Reabilitação Oral,Materiais para Moldagem
Silicone de Condensação Xantopren Fluído ,Zantopren,Dentista,Prótese Clínica e Reabilitação Oral,Materiais para Moldagem
Silicone de Condensação Zetaplus Putty Denso ,Zetaplus,Dentista,Prótese Clínica e Reabilitação Oral,Materiais para Moldagem
Silicone para Laboratório Perfil LAB ,,Laboratório,Materiais para Moldagem e Duplicação,Silicones de Laboratório
Sistema de Limpeza para Peças Impressas 3D Form Wash ,Form Wash,Laboratório,Solução Digital,Impressão 3D
Sistema de Limpeza para Peças Impressas 3D Phrozen Wash & Cure Bivolt ,Phrozen,Laboratório,Solução Digital,Impressão 3D
Tornado Sistema de Limpeza Para Peças Impressas 3D ,,Laboratório,Solução Digital,Impressão 3D
Sobre Luva de Plástico Vital Protection ,,Dentista,Biossegurança,Equipamentos de Proteção Individual (EPIs)
Sobre Luva de Polietileno ,,Dentista,Biossegurança,Equipamentos de Proteção Individual (EPIs)
Soda Clorada ,-,Dentista,Endodontia,Irrigação e Aspiração
"Solda de Prata 0,5mm em Rolo ",-,Dentista,Ortodontia,Acessórios Ortodônticos
"Solda de Prata 0,8mm em Vareta ",-,Dentista,Ortodontia,Acessórios Ortodônticos
"Solda de Prata 0,8mm em Vareta ",-,Dentista,Ortodontia,Acessórios Ortodônticos
Tergencal ,Tergencal ,Dentista,Endodontia,Irrigação e Aspiração
Tergensul 200ml ,Tergensul ,Dentista,Endodontia,Irrigação e Aspiração
Tergipol ,Tergipol ,Dentista,Endodontia,Irrigação e Aspiração
Solução Eletrolítica Lustracromo ,,Laboratório,Equipamentos para Laboratório,Equipamentos para Polimento e Acabamento
Solução Eletrolitica Policromo ,,Laboratório,Equipamentos para Laboratório,Equipamentos para Polimento e Acabamento
Kit Solução Hemostática ViscoStat® Clear Indispense ,Viscostat,Dentista,Cirurgia e Periodontia,Materiais Hemostáticos
Solução Hemostática Hemopare ,Hemopare,Dentista,Cirurgia e Periodontia,Materiais Hemostáticos
Solução Hemostática Viscostat Kit ,Viscostat,Dentista,Cirurgia e Periodontia,Materiais Hemostáticos
"Solução Injetável de Cloreto de Sódio 0,9% 10ml ",,Dentista,Cirurgia e Periodontia,Antissépticos e Medicamentos
Eucaliptol ,,Dentista,Endodontia,Materiais Obturadores
Eucaliptol ,,Dentista,Endodontia,Materiais Obturadores
Eucaliptol ,,Dentista,Endodontia,Materiais Obturadores
Eucaliptol ,,Dentista,Endodontia,Materiais Obturadores
Óleo de Laranja ,,Dentista,Endodontia,Materiais Obturadores
Óleo de Laranja 10ml ,,Dentista,Endodontia,Materiais Obturadores
Solvente de Guta Óleo de Laranja ,,Dentista,Endodontia,Materiais Obturadores
Solvente de Guta Percha Citrol ,,Dentista,Endodontia,Materiais Obturadores
Solvente Orangeform ,,Dentista,Endodontia,Materiais Obturadores
Sonda Exploradora Infantil N° 5 ,,Dentista,Cirurgia e Periodontia,Instrumentais Periodontais
Sonda Exploradora N° 47 Colors ,,Dentista,Cirurgia e Periodontia,Instrumentais Periodontais
Sonda Exploradora N° 5 Colors ,,Dentista,Cirurgia e Periodontia,Instrumentais Periodontais
Sonda Exploradora Oitavada ,,Dentista,Cirurgia e Periodontia,Instrumentais Periodontais
Kit Sonda Milimetrada Colorvue com Cabo e 7 Pontas ,,Dentista,Cirurgia e Periodontia,Instrumentais Periodontais
Sonda Ortodôntica Para Dobrar Fio Na Distal ,,Dentista,Ortodontia,Instrumentos Ortodônticos
"Soro Fisiológico 0,9 ",,Dentista,Cirurgia e Periodontia,Antissépticos e Medicamentos
"Soro Fisiológico 0,9% ",,Dentista,Cirurgia e Periodontia,Antissépticos e Medicamentos
"Soro Fisiológico 0,9% ",,Dentista,Cirurgia e Periodontia,Antissépticos e Medicamentos
"Soro Fisiológico 0,9% ",,Dentista,Cirurgia e Periodontia,Antissépticos e Medicamentos
"Soro Fisiológico 0,9% ",,Dentista,Cirurgia e Periodontia,Antissépticos e Medicamentos
"Soro Fisiológico 0,9% ",,Dentista,Cirurgia e Periodontia,Antissépticos e Medicamentos
"Soro Fisiológico 0,9% Sorimax ",,Dentista,Cirurgia e Periodontia,Antissépticos e Medicamentos
Spray Glaze ,,Laboratório,Cerâmicas,Acessórios para Cerâmica
Spray Glaze Universal ,,Laboratório,Cerâmicas,Acessórios para Cerâmica
Spray Glaze Universal Fluorescente ,,Laboratório,Cerâmicas,Acessórios para Cerâmica
Spray Clip para Contra Ângulo WE,,Dentista,Equipamentos e Peças de Mão,Micromotores e Contra-Ângulos
Spray Clip Para Peça de Mão ,,Dentista,Equipamentos e Peças de Mão,Micromotores e Contra-Ângulos
Cursor Stop de Silicone ,,Dentista,Endodontia,Acessórios para Endodontia
Stop de Silicone ,,Dentista,Endodontia,Acessórios para Endodontia
Stop de Silicone Cursor ,,Dentista,Endodontia,Acessórios para Endodontia
Stop de Silicone Cursor ,,Dentista,Endodontia,Acessórios para Endodontia
Stop e Guia Ortodôntico de Mordidas ,,Dentista,Ortodontia,Acessórios Ortodônticos
Stop Ortodôntico Aberto ,,Dentista,Ortodontia,Acessórios Ortodônticos
Stop Ortodôntico Aberto Para Arcos Retangulares ,,Dentista,Ortodontia,Acessórios Ortodônticos
Stop Ortodôntico Aberto Para Arcos Retangulares ,,Dentista,Ortodontia,Acessórios Ortodônticos
Stop Ortodôntico Fechado ,,Dentista,Ortodontia,Acessórios Ortodônticos
Stop Ortodôntico Fechado Para Arcos Redondos ,,Dentista,Ortodontia,Acessórios Ortodônticos
Stop Ortodôntico Fechado Para Arcos Redondos ,,Dentista,Ortodontia,Acessórios Ortodônticos
Stop Ortodôntico Fechado Para Fios 022 com Aplicador ,,Dentista,Ortodontia,Acessórios Ortodônticos
Stop Ortodôntico para Arco Retangular ,,Dentista,Ortodontia,Acessórios Ortodônticos
Sugador Cirúrgico Descartável Estéril ,,Dentista,Descartáveis,Sugadores e Aspiração
Sugador Cirúrgico Descartável Estéril ,,Dentista,Descartáveis,Sugadores e Aspiração
Sugador Cirúrgico Descartável Estéril ,,Dentista,Descartáveis,Sugadores e Aspiração
Sugador Cirúrgico Descartável Estéril ,,Dentista,Descartáveis,Sugadores e Aspiração
Sugador Cirúrgico Descartável Estéril com Coletor de Osso ,,Dentista,Descartáveis,Sugadores e Aspiração
Sugador Cirúrgico Descartável Estéril com Coletor de Osso ,,Dentista,Descartáveis,Sugadores e Aspiração
Sugador Endodôntico Flex Suctor ,,Dentista,Endodontia,Irrigação e Aspiração
Sugador Endodôntico Descartável ,,Dentista,Endodontia,Irrigação e Aspiração
Sugador Flex Suctor Kids ,,Dentista,Endodontia,Irrigação e Aspiração
Sugador Endodôntico Metálico ,,Dentista,Endodontia,Irrigação e Aspiração
Sugador Descartável ,,Dentista,Descartáveis,Sugadores e Aspiração
Sugador Descartável Monoart ,,Dentista,Descartáveis,Sugadores e Aspiração
Sugador Descartável Transparente ,,Dentista,Descartáveis,Sugadores e Aspiração
Sugador Odontológico Descartável ,,Dentista,Descartáveis,Sugadores e Aspiração
Sugador Odontológico Descartável Colorido ,,Dentista,Descartáveis,Sugadores e Aspiração
Suporte de Avental RX Aço 1020 ,,Radiologia,Imagem e Radiologia,Acessórios para Radiologia
Suporte para Avental Rx ,,Radiologia,Imagem e Radiologia,Acessórios para Radiologia
Suporte para Coletor de Materiais Perfurocortantes Acrílico 3L ,,Dentista,Biossegurança,Gerenciamento de Resíduos
Suporte para Coletor de Materiais Perfurocortantes Acrílico 7L ,,Dentista,Biossegurança,Gerenciamento de Resíduos
"Suporte para Coletor de Perfuro Cortante 1,5L e  3L",,Dentista,Biossegurança,Gerenciamento de Resíduos
Suporte para Coletor de Perfuro Cortante 13L,,Dentista,Biossegurança,Gerenciamento de Resíduos
Suporte Para Coletor Perfuro Cortante 3L,,Dentista,Biossegurança,Gerenciamento de Resíduos
"Suporte Para Coletor Perfuro Cortante 1,5L",,Dentista,Biossegurança,Gerenciamento de Resíduos
Suporte Para Coletor Perfuro Cortante 7L,,Dentista,Biossegurança,Gerenciamento de Resíduos
Suporte Para Coletor Perfuro Cortante 13L,,Dentista,Biossegurança,Gerenciamento de Resíduos
Suporte para 8 Embalagens de Esterilização para Vitale 5L ,,Dentista,Biossegurança,Embalagem para Esterilização
Suporte Para Envelope de Esterilização ,,Dentista,Biossegurança,Embalagem para Esterilização
Suporte para Micro Aplicador ,,Dentista,Dentística e Estética,Acabamento e Polimento
Suporte Para Monitor ,,Dentista,Consultorio Odontológico,Acessórios para Equipamentos
Suporte para Kits de Pontas ,,Dentista,Equipamentos e Peças de Mão,Sistemas Ultrassônicos e Sônicos
Suporte para Rolo de Esterilização Parede ,,Dentista,Biossegurança,Embalagem para Esterilização
Suporte para Seladora e Rolo para Esterilização Facility ,,Dentista,Biossegurança,Embalagem para Esterilização
Taça para Polimento Profilaxis Firme ,,Dentista,Dentística e Estética,Acabamento e Polimento
Taça para Polimento Profilaxis Soft ,,Dentista,Dentística e Estética,Acabamento e Polimento
Taça de Borracha ,,Dentista,Prevenção e Profilaxia,Instrumentos para Profilaxia
Taça de Borracha ,,Dentista,Prevenção e Profilaxia,Instrumentos para Profilaxia
Taça de Borracha CA ,,Dentista,Prevenção e Profilaxia,Instrumentos para Profilaxia
Taça de Borracha CA ,,Dentista,Prevenção e Profilaxia,Instrumentos para Profilaxia
Taça de Borracha para Profilaxia Ca ,,Dentista,Prevenção e Profilaxia,Instrumentos para Profilaxia
Tala Cervical Para Tracionador Baixa Tração ,,Dentista,Ortodontia,Acessórios Ortodônticos
Tamborel ,,Dentista,Endodontia,Acessórios para Endodontia
Tamborel de Alumínio ,,Dentista,Endodontia,Acessórios para Endodontia
Tamborel de Alumínio Autoclavável ,,Dentista,Endodontia,Acessórios para Endodontia
Tamborel de Alumínio Autoclavável ,,Dentista,Endodontia,Acessórios para Endodontia
Tamborel de Plástico ,,Dentista,Endodontia,Acessórios para Endodontia
Tamborel Endométric ,,Dentista,Endodontia,Acessórios para Endodontia
Tela Ortodôntica Para Base Malha 80 ,,Dentista,Ortodontia,Acessórios Ortodônticos
Template Cefalométrico Benvenga 1995 ,,Dentista,Ortodontia,Acessórios Ortodônticos
Tensiômetro / Dinamômetro Ortodôntico ,,Dentista,Ortodontia,Acessórios Ortodônticos
Tesoura Íris ,,Dentista,Cirurgia e Periodontia,Instrumentais Cirúrgicos
Teste de Vitalidade Confrio Resfri Spray ,Confrio ,Dentista,Endodontia,Acessórios para Endodontia
Teste de Vitalidade Endo Frost,Endo Frost,Dentista,Endodontia,Acessórios para Endodontia
Teste de Vitalidade Endo Ice Spray ,Endo Ice,Dentista,Endodontia,Acessórios para Endodontia
Teste de Vitalidade Ice Test 200ml ,Ice Test,Dentista,Endodontia,Acessórios para Endodontia
Ti Base do Mini Pilar ,,Dentista,Implantodontia,Componente Protético
TiBase 4 Para Cerec ,,Dentista,Implantodontia,Componente Protético
Tinta Arti Brux Quick ,,Dentista,Dentística e Estética,Acessórios para Dentística
Tinta Bio Ink Flow ,,Dentista,Dentística e Estética,Acessórios para Dentística
Tira de Aço 4mm ,,Dentista,Dentística e Estética,Acabamento e Polimento
Tira de Aço 6mm ,,Dentista,Dentística e Estética,Acabamento e Polimento
Tira de Aço Dentada 6mm ,,Dentista,Dentística e Estética,Acabamento e Polimento
Tira de Aço Dentada 6mm ,,Dentista,Dentística e Estética,Acabamento e Polimento
Tira de Lixa Abrasiva em Aço 4mm ,,Dentista,Dentística e Estética,Acabamento e Polimento
Tira de Lixa Abrasiva Flexi Strips Eve Set FS 50 ,,Dentista,Dentística e Estética,Acabamento e Polimento
Tira de Lixa Aço ,,Dentista,Dentística e Estética,Acabamento e Polimento
Tira de Lixa Aço 4mm ,,Dentista,Dentística e Estética,Acabamento e Polimento
Tira de Lixa Aço 6mm ,,Dentista,Dentística e Estética,Acabamento e Polimento
Tira de Lixa de Aço ,,Dentista,Dentística e Estética,Acabamento e Polimento
Tira de Lixa de Aço ,,Dentista,Dentística e Estética,Acabamento e Polimento
"Tira de Lixa de Aço 2,5mm ",,Dentista,Dentística e Estética,Acabamento e Polimento
"Tira de Lixa de Aço 2,5mm ",,Dentista,Dentística e Estética,Acabamento e Polimento
Tira de Lixa de Aço 2mm ,,Dentista,Dentística e Estética,Acabamento e Polimento
Tira de Lixa de Aço 4mm ,,Dentista,Dentística e Estética,Acabamento e Polimento
Tira de Lixa de Aço 4mm ,,Dentista,Dentística e Estética,Acabamento e Polimento
Tira de Lixa de Aço 4mm ,,Dentista,Dentística e Estética,Acabamento e Polimento
Tira de Lixa de Aço 4mm ,,Dentista,Dentística e Estética,Acabamento e Polimento
Tira de Lixa de Aço 6mm ,,Dentista,Dentística e Estética,Acabamento e Polimento
Tira de Lixa de Aço 6mm ,,Dentista,Dentística e Estética,Acabamento e Polimento
Tira de Lixa de Aço 6mm ,,Dentista,Dentística e Estética,Acabamento e Polimento
Tira de Lixa de Aço 6mm ,,Dentista,Dentística e Estética,Acabamento e Polimento
Tira de Lixa de Aço 6mm ,,Dentista,Dentística e Estética,Acabamento e Polimento
Tira de Lixa de Aço Airon 4mm ,,Dentista,Dentística e Estética,Acabamento e Polimento
Tira de Lixa de Aço Airon 5mm ,,Dentista,Dentística e Estética,Acabamento e Polimento
Tira de Lixa de Aço Airon 6mm ,,Dentista,Dentística e Estética,Acabamento e Polimento
Tira de Lixa de Aço com Óxido de Alumínio Colmeia 4mm ,,Dentista,Dentística e Estética,Acabamento e Polimento
Tira de Lixa de Aço com Óxido de Alumínio Perfurada 4mm ,,Dentista,Dentística e Estética,Acabamento e Polimento
"Tira de Lixa de Aço com Óxido de Alumínio Serrilhada 2,5mm ",,Dentista,Dentística e Estética,Acabamento e Polimento
Tira de Lixa de Aço Diamantada Colméia 4mm ,,Dentista,Dentística e Estética,Acabamento e Polimento
Tira de Lixa de Aço Diamantada Perfurada 4mm Média ,,Dentista,Dentística e Estética,Acabamento e Polimento
"Tira de Lixa de Aço Diamond Serrilhada Amarela 2,5mm Fina ",,Dentista,Dentística e Estética,Acabamento e Polimento
"Tira de Lixa de Aço Diamond Serrilhada Azul 2,5mm Média ",,Dentista,Dentística e Estética,Acabamento e Polimento
"Tira de Lixa de Aço Diamond Serrilhada Verde 2,5mm Grossa ",,Dentista,Dentística e Estética,Acabamento e Polimento
"Tira de Lixa de Aço Diamond Strip 2,50mm ",,Dentista,Dentística e Estética,Acabamento e Polimento
"Tira de Lixa de Aço Diamond Strip 2,50mm Fina ",,Dentista,Dentística e Estética,Acabamento e Polimento
"Tira de Lixa de Aço Diamond Strip 2,50mm Grossa ",,Dentista,Dentística e Estética,Acabamento e Polimento
"Tira de Lixa de Aço Diamond Strip 2,50mm Média ",,Dentista,Dentística e Estética,Acabamento e Polimento
Tira de Lixa de Aço Diamond Strip 4mm Fina ,,Dentista,Dentística e Estética,Acabamento e Polimento
Tira de Lixa de Aço Diamond Strip 4mm Grossa ,,Dentista,Dentística e Estética,Acabamento e Polimento
Tira de Lixa de Aço Diamond Strip 4mm Média ,,Dentista,Dentística e Estética,Acabamento e Polimento
Tira de Lixa de Aço Galvanizado Oxistripe Médio ,Oxistripe,Dentista,Dentística e Estética,Acabamento e Polimento
"Tira de Lixa de Aço Galvanizado Serrilhada Oxistripe Médio 2,5mm ",Oxistripe,Dentista,Dentística e Estética,Acabamento e Polimento
"Tira de Lixa de Aço Óxido de Alumínio Serrilhada 2,5mm ",,Dentista,Dentística e Estética,Acabamento e Polimento
Tira de Lixa de Aço Serrilhada Sawstripe ,Sawstripe,Dentista,Dentística e Estética,Acabamento e Polimento
Tira de Lixa de Aço Serrilhada sem Abrasivo 4mm ,,Dentista,Dentística e Estética,Acabamento e Polimento
"Tira de Lixa de Poliéster 2,5mm ",,Dentista,Dentística e Estética,Acabamento e Polimento
Tira de Lixa de Poliéster 4mm ,,Dentista,Dentística e Estética,Acabamento e Polimento
Tira de Lixa de Poliéster 4mm ,,Dentista,Dentística e Estética,Acabamento e Polimento
Tira de Lixa em Aço Adaco 4mm ,Adaco,Dentista,Dentística e Estética,Acabamento e Polimento
Tira de Lixa em Aço Adaco 6mm ,Adaco,Dentista,Dentística e Estética,Acabamento e Polimento
Tira de Lixa Interproximal 6mm,,Dentista,Dentística e Estética,Acabamento e Polimento
Tira Matriz Aço ,,Dentista,Dentística e Estética,Acabamento e Polimento
Tira Matriz Metálica Ultrasteel,Ultrasteel,Dentista,Dentística e Estética,Acabamento e Polimento
Tira de Lixa de Aço Diamantada Diamond Strip ,,Dentista,Dentística e Estética,Acabamento e Polimento
Tira de Lixa Diamantada Colméia Durastripe Médio 4mm ,Durestripe,Dentista,Dentística e Estética,Acabamento e Polimento
Tira de Lixa Diamantada Microcut 6mm ,,Dentista,Dentística e Estética,Acabamento e Polimento
Tira de Lixa Diamantada Microcut Média Refil ,,Dentista,Dentística e Estética,Acabamento e Polimento
Tira de lixa Diamantada Serrilhada 3mm ,,Dentista,Dentística e Estética,Acabamento e Polimento
Fita Matriz de Poliester Epitex ,Epitex,Dentista,Dentística e Estética,Acabamento e Polimento
Kit Tira de Lixa e Matriz de Poliéster Epitex ,Epitex,Dentista,Dentística e Estética,Acabamento e Polimento
Tira de Lixa de Poliéster ,,Dentista,Dentística e Estética,Acabamento e Polimento
Tira de Lixa de Poliéster ,,Dentista,Dentística e Estética,Acabamento e Polimento
Tira de Lixa de Poliéster ,,Dentista,Dentística e Estética,Acabamento e Polimento
"Tira de Lixa de Poliéster 2,5mm ",,Dentista,Dentística e Estética,Acabamento e Polimento
Tira de Lixa de Poliéster 3M™ Sof-Lex™ 4mm ,,Dentista,Dentística e Estética,Acabamento e Polimento
Tira de Lixa de Poliéster 3M™ Sof-Lex™ 4mm ,,Dentista,Dentística e Estética,Acabamento e Polimento
Tira de Lixa de Poliéster 4mm ,,Dentista,Dentística e Estética,Acabamento e Polimento
Tira de Lixa de Poliéster 4mm ,,Dentista,Dentística e Estética,Acabamento e Polimento
Tira de Lixa de Poliéster 4mm ,,Dentista,Dentística e Estética,Acabamento e Polimento
Tira de Lixa de Poliéster 4mm ,,Dentista,Dentística e Estética,Acabamento e Polimento
Tira de lixa de Poliéster 4mm ,,Dentista,Dentística e Estética,Acabamento e Polimento
Tira de Lixa de Poliéster Epitex ,Epitex,Dentista,Dentística e Estética,Acabamento e Polimento
Tira de Lixa de Poliéster Epitex Extrafina ,Epitex,Dentista,Dentística e Estética,Acabamento e Polimento
Tira de Lixa de Poliéster Epitex Fina ,Epitex,Dentista,Dentística e Estética,Acabamento e Polimento
Tira de Lixa de Poliéster Epitex Grossa ,Epitex,Dentista,Dentística e Estética,Acabamento e Polimento
Tira de Lixa de Poliéster Epitex Média ,Epitex,Dentista,Dentística e Estética,Acabamento e Polimento
Tira de Lixa de Poliéster Para Acabamento Proximal ,,Dentista,Dentística e Estética,Acabamento e Polimento
Tira de Lixa de Poliéster Para Acabamento Proximal ,,Dentista,Dentística e Estética,Acabamento e Polimento
Tira de Lixa Epigloss ,Epigloss,Dentista,Dentística e Estética,Acabamento e Polimento
Tira de Lixa Poliéster ,,Dentista,Dentística e Estética,Acabamento e Polimento
Tira de Lixa Poliéster Polistripe Fino/Médio ,Polistripe,Dentista,Dentística e Estética,Acabamento e Polimento
Tira de Lixa Pré-Cortadas Epigloss Light ,Epigloss,Dentista,Dentística e Estética,Acabamento e Polimento
Tira de Lixa Pré-Cortadas Epigloss Light Sortido,Epigloss,Dentista,Dentística e Estética,Acabamento e Polimento
"Tira de Poliéster 0,05x10x120mm ",,Dentista,Dentística e Estética,Acabamento e Polimento
Tira de Poliéster Pré-Cortada,,Dentista,Dentística e Estética,Acabamento e Polimento
"Tira Matriz de Poliéster Ultrapoliéster 0,05x9,5mmx15m ",,Dentista,Dentística e Estética,Acabamento e Polimento
Tiras Abrasivas de Poliéster ,,Dentista,Dentística e Estética,Acabamento e Polimento
Tiras de Poliéster Transparente ,,Dentista,Dentística e Estética,Acabamento e Polimento
Toalhas Micelares Beaute ,,Dentista,Harmonização Orofacial,Dermocosméticos
Torno para Polimento Politriz Luxo Bivolt ,,Laboratório,Equipamentos Laboratório,Equipamentos para Polimento e Acabamento
Torno para Polimento Politriz Standart Bivolt ,,Laboratório,Equipamentos Laboratório,Equipamentos para Polimento e Acabamento
Torquímetro Universal ,,Dentista,Implantodontia,Instrumentais para Implantodontia
Torre Para Formar Arcos Ortodônticos ,,Dentista,Ortodontia,Acessórios Ortodônticos
Faixa Turbante 2 em 1 ,,Dentista,Moda e Vestuário,Acessórios
Gorro Abelhinhas Bee Cool ,,Dentista,Moda e Vestuário,Acessórios
Gorro Bandana ,,Dentista,Moda e Vestuário,Acessórios
Gorro Bandana Dentista Masculino Verde Água ,,Dentista,Moda e Vestuário,Acessórios
Gorro Bandana Diamante ,,Dentista,Moda e Vestuário,Acessórios
Gorro Bandana Feminino Bubu Natureza ,,Dentista,Moda e Vestuário,Acessórios
Gorro Bandana Feminino Girassol ,,Dentista,Moda e Vestuário,Acessórios
Gorro Bandana Feminino Hello Kitty &amp; Friends ,,Dentista,Moda e Vestuário,Acessórios
Gorro Bandana Feminino Hello Kitty Blue ,,Dentista,Moda e Vestuário,Acessórios
Gorro Bandana Feminino Quebra,,Dentista,Moda e Vestuário,Acessórios
Gorro Bandana Feminino Rapunzel ,,Dentista,Moda e Vestuário,Acessórios
Gorro Bandana Sorriso Bege ,,Dentista,Moda e Vestuário,Acessórios
Gorro Bandana Sorriso Branco ,,Dentista,Moda e Vestuário,Acessórios
Gorro Bandana Sorriso Preto ,,Dentista,Moda e Vestuário,Acessórios
Gorro Bandana Unissex Bichinhos ,,Dentista,Moda e Vestuário,Acessórios
Gorro Bandana Unissex Bordô ,,Dentista,Moda e Vestuário,Acessórios
Gorro Bandana Unissex Brasil ,,Dentista,Moda e Vestuário,Acessórios
Gorro Bandana Unissex Verde Água ,,Dentista,Moda e Vestuário,Acessórios
Gorro Descartável Branco ,,Dentista,Moda e Vestuário,Acessórios
Gorro Descartável Branco ,,Dentista,Moda e Vestuário,Acessórios
Gorro Diva Beauty ,,Dentista,Moda e Vestuário,Acessórios
Gorro Diva Brilhante ,,Dentista,Moda e Vestuário,Acessórios
Gorro Diva Charme ,,Dentista,Moda e Vestuário,Acessórios
Gorro Feminino com Estampa de Dente Branco ,,Dentista,Moda e Vestuário,Acessórios
Gorro Feminino Elastano Rosé ,,Dentista,Moda e Vestuário,Acessórios
Gorro Gabardine Azul Marinho ,,Dentista,Moda e Vestuário,Acessórios
Gorro Gabardine Branco ,,Dentista,Moda e Vestuário,Acessórios
Gorro Gabardine Pink ,,Dentista,Moda e Vestuário,Acessórios
Gorro Gabardine Preto ,,Dentista,Moda e Vestuário,Acessórios
Gorro Gabardine Tutti,,Dentista,Moda e Vestuário,Acessórios
Gorro Neoprene Branco ,,Dentista,Moda e Vestuário,Acessórios
Gorro Teeth Azul Marinho ,,Dentista,Moda e Vestuário,Acessórios
Gorro Teeth Pink ,,Dentista,Moda e Vestuário,Acessórios
Gorro Teeth Rosa ,,Dentista,Moda e Vestuário,Acessórios
Gorro Tradicional Biosafety Branco ,,Dentista,Moda e Vestuário,Acessórios
Gorro Tradicional Powerflex Azul Marinho ,,Dentista,Moda e Vestuário,Acessórios
Gorro Tradicional Powerflex Cinza ,,Dentista,Moda e Vestuário,Acessórios
Gorro Tradicional Powerflex Rosa ,,Dentista,Moda e Vestuário,Acessórios
Touca Abelhinhas Bee Cool ,,Dentista,Moda e Vestuário,Acessórios
Touca com Elástico Diversauro ,,Dentista,Moda e Vestuário,Acessórios
Touca com Elástico Unissex Bordô ,,Dentista,Moda e Vestuário,Acessórios
Touca com Elástico Unissex Verde Água ,,Dentista,Moda e Vestuário,Acessórios
Touca Descartável Branca ,,Dentista,Descartáveis,Produtos para Paciente
Touca Descartável Branca ,,Dentista,Descartáveis,Produtos para Paciente
Touca Descartável Colorida ,,Dentista,Descartáveis,Produtos para Paciente
Touca Descartável com Elástico ,,Dentista,Descartáveis,Produtos para Paciente
Touca Descartável Sanfonada ,,Dentista,Descartáveis,Produtos para Paciente
Touca Descartável Sanfonada Branca ,,Dentista,Descartáveis,Produtos para Paciente
Touca Descartável Sanfonada Branca ,,Dentista,Descartáveis,Produtos para Paciente
Touca Descartável Sanfonada Branca ,,Dentista,Descartáveis,Produtos para Paciente
Touca Descartável Sanfonada Preta ,,Dentista,Descartáveis,Produtos para Paciente
Touca Descartável Sanfonada Sortida com Elástico ,,Dentista,Descartáveis,Produtos para Paciente
Touca Descartável Verde ,,Dentista,Descartáveis,Produtos para Paciente
Touca Dino ,,Dentista,Moda e Vestuário,Acessórios
Touca Diva Charme ,,Dentista,Moda e Vestuário,Acessórios
Touca Estilo Bandana de Amarrar Rosê ,,Dentista,Moda e Vestuário,Acessórios
Touca Feminina 2 em 1 Heart Areia ,,Dentista,Moda e Vestuário,Acessórios
Touca Feminina 2 em 1 Heart Branco ,,Dentista,Moda e Vestuário,Acessórios
Touca Feminina 2 Em 1 Heart Goiaba ,,Dentista,Moda e Vestuário,Acessórios
Touca Feminina 2 em 1 Heart Preto ,,Dentista,Moda e Vestuário,Acessórios
Touca Feminina 2 Em 1 Heart Verde Musgo ,,Dentista,Moda e Vestuário,Acessórios
Touca Feminina 2 em 1 Veneto ,,Dentista,Moda e Vestuário,Acessórios
Touca Feminina 2 em 1 Veneto Mix Nude ,,Dentista,Moda e Vestuário,Acessórios
Touca Feminina Bubu Natureza ,,Dentista,Moda e Vestuário,Acessórios
Touca Feminina Estilo Bandana Veneto Azul Marinho ,,Dentista,Moda e Vestuário,Acessórios
Touca Feminino Hello Kitty &amp; Friends ,,Dentista,Moda e Vestuário,Acessórios
Touca Feminino Hello Kitty Blue ,,Dentista,Moda e Vestuário,Acessórios
Touca Gabardine ,,Dentista,Moda e Vestuário,Acessórios
Touca Gabardine Azul Claro ,,Dentista,Moda e Vestuário,Acessórios
Touca Leve Só o Que é Bom ,,Dentista,Moda e Vestuário,Acessórios
Touca Masculina Estilo Bandana Veneto Azul Marinho ,,Dentista,Moda e Vestuário,Acessórios
Touca Powerflex Antiviral Branca ,,Dentista,Moda e Vestuário,Acessórios
Touca Powerflex Antiviral Preta ,,Dentista,Moda e Vestuário,Acessórios
Touca Sanfonada Branca ,,Dentista,Moda e Vestuário,Acessórios
Touca Teeth Azul Marinho ,,Dentista,Moda e Vestuário,Acessórios
Touca Teeth Branco com Rosa e Azul ,,Dentista,Moda e Vestuário,Acessórios
Touca Teeth Pink ,,Dentista,Moda e Vestuário,Acessórios
Touca Tradicional Black ,,Dentista,Moda e Vestuário,Acessórios
Touca Turbante ,,Dentista,Moda e Vestuário,Acessórios
Touca Turbante Feminino Colorida ,,Dentista,Moda e Vestuário,Acessórios
Touca Turbante Preto ,,Dentista,Moda e Vestuário,Acessórios
SkinDeep Botulinum ,,Dentista,Harmonização Orofacial,Toxina Botulínica
Toxina Botulínica Tipo A Botulim Pó Liofil 100U ,,Dentista,Harmonização Orofacial,Toxina Botulínica
Toxina Botulínica Tipo A Botulim Pó Liofil 200U ,,Dentista,Harmonização Orofacial,Toxina Botulínica
Toxina Botulínica Tipo A Botulim Pó Liofil 50U ,,Dentista,Harmonização Orofacial,Toxina Botulínica
Toxina Botulínica Tipo A Nabota 100U ,,Dentista,Harmonização Orofacial,Toxina Botulínica
Toxina Botulínica Xeomin Tipo A 100U ,,Dentista,Harmonização Orofacial,Toxina Botulínica
Transfer Digital CM ,,Dentista,Implantodontia,Componente Protético
Transfer Digital Esfera HE 4.1 ,,Dentista,Implantodontia,Componente Protético
Transfer Digital Mini Pilar Alto ,,Dentista,Implantodontia,Componente Protético
Transfer Moldeira Aberta CM 3.5mm ,,Dentista,Implantodontia,Componente Protético
Transfer Moldeira Aberta CM NE ,,Dentista,Implantodontia,Componente Protético
Transfer Moldeira Aberta HE ,,Dentista,Implantodontia,Componente Protético
Transfer Moldeira Aberta HE ,,Dentista,Implantodontia,Componente Protético
Transfer Moldeira Aberta LZ ,,Dentista,Implantodontia,Componente Protético
Transfer Moldeira Aberta Micro Pilar ,,Dentista,Implantodontia,Componente Protético
Transfer Moldeira Aberta Mini Pilar ,,Dentista,Implantodontia,Componente Protético
Transfer Moldeira Aberta Mini Pilar ,,Dentista,Implantodontia,Componente Protético
Transfer Moldeira Aberta Não Rotacional Multi,,Dentista,Implantodontia,Componente Protético
Transfer Moldeira Aberta Rotacional Multi,,Dentista,Implantodontia,Componente Protético
Transfer Moldeira Aberta TG ,,Dentista,Implantodontia,Componente Protético
Transfer Moldeira  Fechada  He 5.0 ,,Dentista,Implantodontia,Componente Protético
Transfer Moldeira Fechada CM 3.5mm ,,Dentista,Implantodontia,Componente Protético
Transfer Moldeira Fechada CM NE ,,Dentista,Implantodontia,Componente Protético
Transfer Moldeira Fechada HE ,,Dentista,Implantodontia,Componente Protético
Transfer Moldeira Fechada HE ,,Dentista,Implantodontia,Componente Protético
Transfer Moldeira Fechada HE 5.0 Compatível com Neodent HEX 3.3 ,,Dentista,Implantodontia,Componente Protético
Transfer Moldeira Fechada LZ ,,Dentista,Implantodontia,Componente Protético
Transfer Moldeira Fechada Mini Pilar ,,Dentista,Implantodontia,Componente Protético
Transfer Moldeira Fechada Mini Pilar ,,Dentista,Implantodontia,Componente Protético
Transfer Moldeira Fechada Não Rotacional Multi Unit ,,Dentista,Implantodontia,Componente Protético
Transfer Moldeira Fechada Rotacional Multi Unit ,,Dentista,Implantodontia,Componente Protético
Transfer Moldeira Fechada TG ,,Dentista,Implantodontia,Componente Protético
Tricresol Formalina ,,Dentista,Endodontia,Medicamentos Endodônticos
Tricresol Formalina ,,Dentista,Endodontia,Medicamentos Endodônticos
Troquelizador Arch Tray ,,Laboratório,Equipamentos Laboratório,Equipamentos para Moldagem e Modelos
Troquelizador Bafix BX,,Laboratório,Equipamentos Laboratório,Equipamentos para Moldagem e Modelos
Troquelizador Bafix Parcial DTDs ,,Laboratório,Equipamentos Laboratório,Equipamentos para Moldagem e Modelos
Tubo Cruzado 022 ,,Dentista,Ortodontia,Bandas e Tubos
Tubo Cruzado com Recuo Cervical 022 ,,Dentista,Ortodontia,Bandas e Tubos
Tubo de Irrigação Descartável Implantmed ,,Dentista,Endodontia,Irrigação e Aspiração
Tubo de Proteção Plástico ,,Dentista,Ortodontia,Bandas e Tubos
Tubo de Proteção Plástico Azul ,,Dentista,Ortodontia,Bandas e Tubos
Tubo de Proteção Plástico Pink Cristal ,,Dentista,Ortodontia,Bandas e Tubos
Tubo Duplo Cola Edgewise 022 ,,Dentista,Ortodontia,Bandas e Tubos
Tubo Duplo Cola Edgewise/Ricketts 018 ,,Dentista,Ortodontia,Bandas e Tubos
Tubo Duplo Cola Edgewise/Ricketts 018 ,,Dentista,Ortodontia,Bandas e Tubos
Tubo Duplo Conversível Arco Extra,,Dentista,Ortodontia,Bandas e Tubos
Tubo Duplo Conversível Auxiliar Solda Roth 018 ,,Dentista,Ortodontia,Bandas e Tubos
Tubo Duplo Conversível Cola Edgewise/Ricketts 018 ,,Dentista,Ortodontia,Bandas e Tubos
Tubo Duplo Conversível Cola Edgewise/Ricketts 022 ,,Dentista,Ortodontia,Bandas e Tubos
Tubo Duplo Conversível Cola MBT 022 ,,Dentista,Ortodontia,Bandas e Tubos
Tubo Duplo Conversível Cola MBT 022 ,,Dentista,Ortodontia,Bandas e Tubos
Tubo Duplo Conversível Cola Roth 018 ,,Dentista,Ortodontia,Bandas e Tubos
Tubo Duplo Conversível Cola Roth 022 ,,Dentista,Ortodontia,Bandas e Tubos
Tubo Duplo Conversível Cola Roth 022 ,,Dentista,Ortodontia,Bandas e Tubos
Tubo Duplo Conversível Cola Roth 022 ,,Dentista,Ortodontia,Bandas e Tubos
Tubo Duplo Conversível Cola Roth 022 ,,Dentista,Ortodontia,Bandas e Tubos
Tubo Duplo Conversível Cola Roth/Capelozza 022 ,,Dentista,Ortodontia,Bandas e Tubos
Tubo Duplo Conversível PLA Solda Roth 022 ,,Dentista,Ortodontia,Bandas e Tubos
Tubo Duplo Conversível Retangular Solda 3M™ Ricketts 018 ,,Dentista,Ortodontia,Bandas e Tubos
Tubo Duplo Conversível Solda Edgewise/Ricketts 022 ,,Dentista,Ortodontia,Bandas e Tubos
Tubo Duplo Conversível Solda Edgewise/Ricketts 022 ,,Dentista,Ortodontia,Bandas e Tubos
Tubo Duplo Conversível Solda MBT 022 ,,Dentista,Ortodontia,Bandas e Tubos
Tubo Duplo Conversível Solda MBT 022 ,,Dentista,Ortodontia,Bandas e Tubos
Tubo Duplo Conversível Solda MBT 022 ,,Dentista,Ortodontia,Bandas e Tubos
Tubo Duplo Conversível Solda Roth 022 ,,Dentista,Ortodontia,Bandas e Tubos
Tubo Duplo Conversível Solda Roth 022 ,,Dentista,Ortodontia,Bandas e Tubos
Tubo Duplo Conversível Solda Roth 022 ,,Dentista,Ortodontia,Bandas e Tubos
Tubo Duplo Conversível Solda Roth/Capelozza 022 ,,Dentista,Ortodontia,Bandas e Tubos
Tubo Duplo Retangular Conversível para Colagem Capelozza Classe I 022 ,,Dentista,Ortodontia,Bandas e Tubos
Tubo Duplo Solda Edewise/Ricketts 018 e 022 ,,Dentista,Ortodontia,Bandas e Tubos
Tubo Duplo Solda Edgewise/Ricketts 018 ,,Dentista,Ortodontia,Bandas e Tubos
Tubo Duplo Solda Edgewise/Ricketts 022 ,,Dentista,Ortodontia,Bandas e Tubos
Tubo Lingual Solda 036 ,,Dentista,Ortodontia,Bandas e Tubos
"Tubo p/ Colagem Edgewise 0,018/0,022"" Duplo 1/2º Molar Univ c/ Gancho Central  20.41.363 ",,Dentista,Ortodontia,Bandas e Tubos
"Tubo para Colagem MBT 0,022 MJanson Simples Conversível 1º Molar ",,Dentista,Ortodontia,Bandas e Tubos
"Tubo para Colagem Simples MBT 0,022 Mjanson 1º e 2º Molar ",,Dentista,Ortodontia,Bandas e Tubos
Kit Tubo Advanced Series Simples Cola Roth 022 ,,Dentista,Ortodontia,Bandas e Tubos
Tubo Advanced Simples Cola Edgewise/Rickets 022 ,,Dentista,Ortodontia,Bandas e Tubos
Tubo Advanced Simples Cola Edgewise/Rickets 022 Kit ,,Dentista,Ortodontia,Bandas e Tubos
Tubo Advanced Simples Cola Edgewise/Ricketts 022 ,,Dentista,Ortodontia,Bandas e Tubos
Tubo Advanced Simples Cola MBT 022 ,,Dentista,Ortodontia,Bandas e Tubos
Tubo Advanced Simples Cola Roth 022 1º e 2° Molar ,,Dentista,Ortodontia,Bandas e Tubos
Tubo Advanced Simples Solda Roth 022 ,,Dentista,Ortodontia,Bandas e Tubos
Tubo Bráquete Simples Conversível Cola Roth/MBT/Capelozza 022 ,,Dentista,Ortodontia,Bandas e Tubos
Tubo Simples Autoligado EasyClip Cola Roth 022 ,,Dentista,Ortodontia,Bandas e Tubos
Tubo Simples Autoligado SL Tube Cola Roth 022 ,,Dentista,Ortodontia,Bandas e Tubos
Tubo Simples Cola 3M™ Capelozza II 022 ,,Dentista,Ortodontia,Bandas e Tubos
Tubo Simples Cola Edgewise 022 ,,Dentista,Ortodontia,Bandas e Tubos
Tubo Simples Cola Edgewise 022 ,,Dentista,Ortodontia,Bandas e Tubos
Tubo Simples Cola Edgewise/Ricketts 018 ,,Dentista,Ortodontia,Bandas e Tubos
Tubo Simples Cola Edgewise/Ricketts 018 ,,Dentista,Ortodontia,Bandas e Tubos
Tubo Simples Cola Edgewise/Ricketts 022 ,,Dentista,Ortodontia,Bandas e Tubos
Tubo Simples Cola Edgewise/Ricketts 022 ,,Dentista,Ortodontia,Bandas e Tubos
Tubo Simples Cola MBT 022 ,,Dentista,Ortodontia,Bandas e Tubos
Tubo Simples Cola MBT 022 ,,Dentista,Ortodontia,Bandas e Tubos
Tubo Simples Cola MBT 022 Biocomfort ,,Dentista,Ortodontia,Bandas e Tubos
Tubo Simples Cola Roth 018 ,,Dentista,Ortodontia,Bandas e Tubos
Tubo Simples Cola Roth 022 ,,Dentista,Ortodontia,Bandas e Tubos
Tubo Simples Cola Roth 022 ,,Dentista,Ortodontia,Bandas e Tubos
Tubo Simples Cola Roth 022 ,,Dentista,Ortodontia,Bandas e Tubos
Tubo Simples Cola Roth 022 Biocomfort ,,Dentista,Ortodontia,Bandas e Tubos
Tubo Simples Conversível Cola 3M™ Roth 022 ,,Dentista,Ortodontia,Bandas e Tubos
Tubo Simples Conversível Cola Edgewise/Ricketts 018 ,,Dentista,Ortodontia,Bandas e Tubos
Tubo Simples Conversível Cola Edgewise/Ricketts 022 ,,Dentista,Ortodontia,Bandas e Tubos
Tubo Simples Conversível Cola MBT 022 ,,Dentista,Ortodontia,Bandas e Tubos
Tubo Simples Conversível Cola MBT 022 ,,Dentista,Ortodontia,Bandas e Tubos
Tubo Simples Conversível Cola Roth 022 ,,Dentista,Ortodontia,Bandas e Tubos
Tubo Simples Conversível Cola Roth/Capelozza 022 ,,Dentista,Ortodontia,Bandas e Tubos
Tubo Simples Conversível para Colagem Capelozza Classe I 022 ,,Dentista,Ortodontia,Bandas e Tubos
Tubo Simples Conversível para Colagem Capelozza Classe II 022 ,,Dentista,Ortodontia,Bandas e Tubos
Tubo Simples Conversível Solda Edgewise/Ricketts 018 ,,Dentista,Ortodontia,Bandas e Tubos
Tubo Simples Conversível Solda Edgewise/Ricketts 022 ,,Dentista,Ortodontia,Bandas e Tubos
Tubo Simples Conversível Solda MBT 022 ,,Dentista,Ortodontia,Bandas e Tubos
Tubo Simples Conversível Solda MBT 022 ,,Dentista,Ortodontia,Bandas e Tubos
Tubo Simples Conversível Solda Roth ,,Dentista,Ortodontia,Bandas e Tubos
Tubo Simples Conversível Solda Roth/Capelozza 022 ,,Dentista,Ortodontia,Bandas e Tubos
Tubo Simples para Colagem Capelozza Classe I 022 ,,Dentista,Ortodontia,Bandas e Tubos
Tubo Simples para Colagem Capelozza Terminal 022 ,,Dentista,Ortodontia,Bandas e Tubos
Tubo Simples Solda Edgewise/Ricketts 018 ,,Dentista,Ortodontia,Bandas e Tubos
Tubo Simples Solda Edgewise/Ricketts 018 ,,Dentista,Ortodontia,Bandas e Tubos
Tubo Simples Solda Edgewise/Ricketts 022 ,,Dentista,Ortodontia,Bandas e Tubos
Tubo Simples Solda Edgewise/Ricketts 022 ,,Dentista,Ortodontia,Bandas e Tubos
Tubo Simples Solda Edgewise/Ricketts 022 ,,Dentista,Ortodontia,Bandas e Tubos
Tubo Simples Solda MBT 022 ,,Dentista,Ortodontia,Bandas e Tubos
Tubo Simples Solda Roth 022 ,,Dentista,Ortodontia,Bandas e Tubos
Tubo Telescópico Ortodôntico ,,Dentista,Ortodontia,Bandas e Tubos
Tubo Triplo Conversível Cola Roth 022 ,,Dentista,Ortodontia,Bandas e Tubos
Tubo Triplo Conversível Solda Capelozza 022 ,,Dentista,Ortodontia,Bandas e Tubos
Tubo Triplo Conversível Solda Roth 022 ,,Dentista,Ortodontia,Bandas e Tubos
Tubo Triplo Conversível Solda Roth 022 ,,Dentista,Ortodontia,Bandas e Tubos
Tubo Triplo Solda Edgewise/Ricketts 018 ,,Dentista,Ortodontia,Bandas e Tubos
Tubo Triplo Solda Edgewise/Ricketts 022 ,,Dentista,Ortodontia,Bandas e Tubos
Tubo Vacutainer Seco 2ml ,,Dentista,Harmonização Orofacial,Acessórios para Harmonização Orofacial
Turbina Alta Rotação 207 W TP ,,Dentista,Equipamentos e Peças de Mão,Canetas de Alta Rotação
Turbina Alta Rotação com Led 207 F TP ,,Dentista,Equipamentos e Peças de Mão,Canetas de Alta Rotação
Turbina AX1 LED PB ,,Dentista,Equipamentos e Peças de Mão,Canetas de Alta Rotação
Turbina AX1 LED UV FG PB ,,Dentista,Equipamentos e Peças de Mão,Canetas de Alta Rotação
Turbina Sigma Air 1S ,,Dentista,Equipamentos e Peças de Mão,Canetas de Alta Rotação
Turbina Sigma Air 3S ,,Dentista,Equipamentos e Peças de Mão,Canetas de Alta Rotação
Turbina Sigma Air 3S 45° ,,Dentista,Equipamentos e Peças de Mão,Canetas de Alta Rotação
Turbina Sigma Air 3S 45° PB ,,Dentista,Equipamentos e Peças de Mão,Canetas de Alta Rotação
Turbina Sigma Air 3S Ceramic ,,Dentista,Equipamentos e Peças de Mão,Canetas de Alta Rotação
Turbina Sigma Air 3S PB ,,Dentista,Equipamentos e Peças de Mão,Canetas de Alta Rotação
Turbina Sigma Air 4S PB QC ,,Dentista,Equipamentos e Peças de Mão,Canetas de Alta Rotação
Turbina Z25T PB ,,Dentista,Equipamentos e Peças de Mão,Canetas de Alta Rotação
Turbina Z35T PB ,,Dentista,Equipamentos e Peças de Mão,Canetas de Alta Rotação
Turbina Z46SL FG PB LED ,,Dentista,Equipamentos e Peças de Mão,Canetas de Alta Rotação
Turbina Z46TL FG PB LED ,,Dentista,Equipamentos e Peças de Mão,Canetas de Alta Rotação
Ucla Calcinável Anti,,Dentista,Implantodontia,Componente Protético
Ucla Calcinável CoCr Não Rotacional CM ,,Dentista,Implantodontia,Componente Protético
Ucla Calcinável com Liga CoCr LZ ,,Dentista,Implantodontia,Componente Protético
Ucla Calcinável Com Liga Cocr Mini Pilar ,,Dentista,Implantodontia,Componente Protético
Ucla Calcinável com Liga CoCr Multi Unit ,,Dentista,Implantodontia,Componente Protético
Ucla Calcinável HE ,,Dentista,Implantodontia,Componente Protético
Ucla Calcinável HE Anti,,Dentista,Implantodontia,Componente Protético
Ucla Calcinável HE Rotacional ,,Dentista,Implantodontia,Componente Protético
Ucla Calcinável LZ ,,Dentista,Implantodontia,Componente Protético
Ucla Calcinável Mini Pilar ,,Dentista,Implantodontia,Componente Protético
Ucla Calcinável Rotacional HE 5.0 Compatível com Singular HEX 2.7 ,,Dentista,Implantodontia,Componente Protético
Ucla co,,Dentista,Implantodontia,Componente Protético
Ucla co,,Dentista,Implantodontia,Componente Protético
Ucla Co Cr CM Anti Rotacional ,,Dentista,Implantodontia,Componente Protético
Ucla Co Cr CM Rotacional ,,Dentista,Implantodontia,Componente Protético
Ucla Co Cr HE Anti Rotacional ,,Dentista,Implantodontia,Componente Protético
Ucla Co Cr HE Rotacional ,,Dentista,Implantodontia,Componente Protético
Ucla Titânio Anti Rotacional CM N ,,Dentista,Implantodontia,Componente Protético
Ucla Titânio HE ,,Dentista,Implantodontia,Componente Protético
Ucla Titânio He 5.0 (Hex. 2.7) Anti,,Dentista,Implantodontia,Componente Protético
Ucla Titânio He 5.0 (Hex. 2.7) Rotacional ,,Dentista,Implantodontia,Componente Protético
Ucla Titânio HE Anti Rotacional ,,Dentista,Implantodontia,Componente Protético
Ucla Titânio HE Rotacional ,,Dentista,Implantodontia,Componente Protético
Ucla Titânio LZ ,,Dentista,Implantodontia,Componente Protético
Ucla Titânio Mini Pilar ,,Dentista,Implantodontia,Componente Protético
Ucla Titânio Pilar Multi Unit ,,Dentista,Implantodontia,Componente Protético
Ucla Titânio Rotacional CM N NEODENT/SINGULAR ,,Dentista,Implantodontia,Componente Protético
Ucla Calcinável com Liga CoCr HE ,,Dentista,Implantodontia,Componente Protético
Air Flow Easy,,Dentista,Equipamentos e Peças de Mão,Sistemas Ultrassônicos e Sônicos
Ultrassom + Jato de Bicarbonato Jet ,,Dentista,Equipamentos e Peças de Mão,Sistemas Ultrassônicos e Sônicos
Ultrassom + Jato de Bicarbonato Jetlax Sonic LED ,,Dentista,Equipamentos e Peças de Mão,Sistemas Ultrassônicos e Sônicos
Ultrassom Advance 1 Analógico ,,Dentista,Equipamentos e Peças de Mão,Sistemas Ultrassônicos e Sônicos
Ultrassom Advance 2 Digital ,,Dentista,Equipamentos e Peças de Mão,Sistemas Ultrassônicos e Sônicos
Ultrassom Advance 6 ,,Dentista,Equipamentos e Peças de Mão,Sistemas Ultrassônicos e Sônicos
Ultrassom Advance View 1 ,,Dentista,Equipamentos e Peças de Mão,Sistemas Ultrassônicos e Sônicos
Ultrassom Cirúrgico Piezosonic ,,Dentista,Equipamentos e Peças de Mão,Sistemas Ultrassônicos e Sônicos
Ultrassom Cirúrgico VRSG 3 Led ,,Dentista,Equipamentos e Peças de Mão,Sistemas Ultrassônicos e Sônicos
Ultrassom e Jato de Bicarbonato Profi Class Perio ,,Dentista,Equipamentos e Peças de Mão,Sistemas Ultrassônicos e Sônicos
Ultrassom e Jato de Bicarbonato Scaler Jet ,,Dentista,Equipamentos e Peças de Mão,Sistemas Ultrassônicos e Sônicos
Ultrassom e Jato de Bicarbonato Scaler Jet Pump Led ,,Dentista,Equipamentos e Peças de Mão,Sistemas Ultrassônicos e Sônicos
Ultrassom Easysonic Bivolt ,,Dentista,Equipamentos e Peças de Mão,Sistemas Ultrassônicos e Sônicos
Ultrassom Jet Sonic BP ,,Dentista,Equipamentos e Peças de Mão,Sistemas Ultrassônicos e Sônicos
Ultrassom Portátil Piezon PM250 LED ,,Dentista,Equipamentos e Peças de Mão,Sistemas Ultrassônicos e Sônicos
Ultrassom Portátil Soniclax BP Led ,,Dentista,Equipamentos e Peças de Mão,Sistemas Ultrassônicos e Sônicos
Ultrassom Satelec P5 Xs ,,Dentista,Equipamentos e Peças de Mão,Sistemas Ultrassônicos e Sônicos
Ultrassom Scaler Gold Line ,,Dentista,Equipamentos e Peças de Mão,Sistemas Ultrassônicos e Sônicos
Ultrassom Scaler Jr ,,Dentista,Equipamentos e Peças de Mão,Sistemas Ultrassônicos e Sônicos
Ultrassom Sonic EVO Led ,,Dentista,Equipamentos e Peças de Mão,Sistemas Ultrassônicos e Sônicos
Ultrassom SW Surgery II ,,Dentista,Equipamentos e Peças de Mão,Sistemas Ultrassônicos e Sônicos
Resina Modeladora Fill Magic Shape ,Fill Magic,Dentista,Dentística e Estética,Resinas Compostas
Resina Umidificadora Assist. Aps Modeling 2 Seringas ,Assist,Dentista,Dentística e Estética,Resinas Compostas
Resina Umidificadora Modeling Resin ,Modeling Resin,Dentista,Dentística e Estética,Resinas Compostas
Umidificador Wetting Resin ,Wetting Resin,Dentista,Dentística e Estética,Resinas Compostas
Unica Anterior Introkit ,,Dentista,Dentística e Estética,Sistemas de Matriz
Unidade de Ventilação para Forno Austromat  ,,Laboratório,Equipamentos para Laboratório,Equipamentos para Fundição
Vaselina Líquida ,,Dentista,Endodontia,Acessórios para Endodontia
Vaselina Líquida 100% ,,Dentista,Endodontia,Acessórios para Endodontia
Vaselina Líquida 100% ,,Dentista,Endodontia,Acessórios para Endodontia
Vaselina Sólida ,,Dentista,Endodontia,Acessórios para Endodontia
Vaselina Sólida ,,Dentista,Endodontia,Acessórios para Endodontia
Vaselina Sólida ,,Dentista,Endodontia,Acessórios para Endodontia
Vaselina Sólida ,,Dentista,Endodontia,Acessórios para Endodontia
Vaselina Sólida Especial ,,Dentista,Endodontia,Acessórios para Endodontia
Vaselina Sólida Especial Branca 35g ,,Dentista,Endodontia,Acessórios para Endodontia
Vaselina Sólida Especial Branca 90g ,,Dentista,Endodontia,Acessórios para Endodontia
Vaselina Sólida Vaselys 30g ,Vaselys,Dentista,Endodontia,Acessórios para Endodontia
Vaselina Sólida Vaselys 500g ,Vaselys,Dentista,Endodontia,Acessórios para Endodontia
Vaselina Sólida Vaselys 90g ,Vaselys,Dentista,Endodontia,Acessórios para Endodontia
Vedação Da Porta para Autoclave Lina Rik,,Dentista,Equipamentos e Peças de Mão,Equipamentos para Consultório
Veias para Prótese STG ,,Laboratório,Resinas e Polímeros,Resinas Acrílicas
Veias para Próteses de Resina Acrílica ,,Laboratório,Resinas e Polímeros,Resinas Acrílicas
Verniz de Flúor 3M Clinpro Clear Tratamento de Flúor ,Clinpro,Dentista,Prevenção e Profilaxia,Selantes e Vernizes
Verniz de Flúor 3M™ Clinpro™ White Varnish ,Clinpro,Dentista,Prevenção e Profilaxia,Selantes e Vernizes
Verniz de Flúor Duofluorid XII ,Duoflorid,Dentista,Prevenção e Profilaxia,Selantes e Vernizes
Verniz de Flúor Fluorniz ,Fluorniz,Dentista,Prevenção e Profilaxia,Selantes e Vernizes
Verniz de Flúor Profluorid Varnish ,Profluorid,Dentista,Prevenção e Profilaxia,Selantes e Vernizes
Verniz de Flúor Profluorid Varnish Dose Única ,Profluorid,Dentista,Prevenção e Profilaxia,Selantes e Vernizes
Verniz Enamelast Fluoride Varnish ,Enamelest,Dentista,Prevenção e Profilaxia,Selantes e Vernizes
Verniz Flúor Duraphat ,Duraphat,Dentista,Prevenção e Profilaxia,Selantes e Vernizes
Verniz Cavitário CavitAAF 15ml ,,Dentista,Prevenção e Profilaxia,Selantes e Vernizes
Verniz Cavitário Varnal ,,Dentista,Prevenção e Profilaxia,Selantes e Vernizes
Verniz Forrador de Cavidades Cavitine ,Cavitine,Dentista,Prevenção e Profilaxia,Selantes e Vernizes
Verniz Selante de Superfície Palaseal ,,Dentista,Prevenção e Profilaxia,Selantes e Vernizes
Vibrador de Gesso ,,Laboratório,Equipamentos para Laboratório,Equipamentos para Prótese Removível
Vibrador de Gesso Master ,,Laboratório,Equipamentos para Laboratório,Equipamentos para Prótese Removível
Vibrador de Gesso Power ,,Laboratório,Equipamentos para Laboratório,Equipamentos para Prótese Removível
Vibrador de Gesso Vibramaxx Gold Line ,Vibramax,Laboratório,Equipamentos para Laboratório,Equipamentos para Prótese Removível
Vibrador para Revestimento 8 Aneis ,,Laboratório,Equipamentos para Laboratório,Equipamentos para Prótese Removível
Vibradora ,,Laboratório,Equipamentos para Laboratório,Equipamentos para Prótese Removível
Workpiece Holder Glass Ceramic Blanks ,,Laboratório,Solução Digital,Sistemas CAD/CAM
Wrap para Esterilização 30x30cm ,,Dentista,Biossegurança,Embalagem para Esterilização
Wrap para Esterilização 30x30cm ,,Dentista,Biossegurança,Embalagem para Esterilização
Wrap para Esterilização 40x40cm ,,Dentista,Biossegurança,Embalagem para Esterilização
Wrap para Esterilização 40x40cm ,,Dentista,Biossegurança,Embalagem para Esterilização
Wrap para Esterilização 50x50cm ,,Dentista,Biossegurança,Embalagem para Esterilização
Wrap para Esterilização 50x50cm ,,Dentista,Biossegurança,Embalagem para Esterilização
Wrap para Esterilização 60x60cm ,,Dentista,Biossegurança,Embalagem para Esterilização
Wrap para Esterilização 60x60cm ,,Dentista,Biossegurança,Embalagem para Esterilização
Wrap para Esterilização 70x70cm ,,Dentista,Biossegurança,Embalagem para Esterilização
Wrap Para Esterilização 75x75cm ,,Dentista,Biossegurança,Embalagem para Esterilização
Wrap para Esterilização 75x75cm ,,Dentista,Biossegurança,Embalagem para Esterilização
Wrap para Esterilização 90x90cm 60G 50unid ,,Dentista,Biossegurança,Embalagem para Esterilização
Wrap para Esterilização SMS Leve 40G 100x100cm ,,Dentista,Biossegurança,Embalagem para Esterilização
Wrap para Esterilização SMS Leve 40G 120x120cm ,,Dentista,Biossegurança,Embalagem para Esterilização
Wrap para Esterilização SMS Leve 40G 50x50cm ,,Dentista,Biossegurança,Embalagem para Esterilização
Wrap para Esterilização SMS Leve 40G 60x60cm ,,Dentista,Biossegurança,Embalagem para Esterilização
Wrap para Esterilização SMS Leve 40G 75x75cm ,,Dentista,Biossegurança,Embalagem para Esterilização
Wrap para Esterilização SMS Leve 40G 90x90cm ,,Dentista,Biossegurança,Embalagem para Esterilização
Wrap para Esterilização SMS Pesado 50G 100x100cm ,,Dentista,Biossegurança,Embalagem para Esterilização
Wrap para Esterilização SMS Pesado 50G 120x120cm ,,Dentista,Biossegurança,Embalagem para Esterilização
Wrap para Esterilização SMS Pesado 50G 50x50cm ,,Dentista,Biossegurança,Embalagem para Esterilização
Wrap para Esterilização SMS Pesado 50G 60x60cm ,,Dentista,Biossegurança,Embalagem para Esterilização
Wrap para Esterilização SMS Pesado 50G 75x75cm ,,Dentista,Biossegurança,Embalagem para Esterilização
Wrap para Esterilização SMS Pesado 50G 90x90cm ,,Dentista,Biossegurança,Embalagem para Esterilização
Wrap para Esterilização SMS Super Pesado 60G 100x100cm ,,Dentista,Biossegurança,Embalagem para Esterilização
Wrap para Esterilização SMS Super Pesado 60G 120x120cm ,,Dentista,Biossegurança,Embalagem para Esterilização
Wrap para Esterilização SMS Super Pesado 60G 50x50cm ,,Dentista,Biossegurança,Embalagem para Esterilização
Wrap para Esterilização SMS Super Pesado 60G 60x60cm ,,Dentista,Biossegurança,Embalagem para Esterilização
Wrap para Esterilização SMS Super Pesado 60G 75x75cm ,,Dentista,Biossegurança,Embalagem para Esterilização
Wrap para Esterilização SMS Super Pesado 60G 90x90cm ,,Dentista,Biossegurança,Embalagem para Esterilização
Anestésico Tópico Benzotop 20% Tutti-Frutti 30G,Benzotop,Dentista,Anestésicos e Agulha Gengival,Anestésico Tópico
